LED,FOV,Frame,Top_Percent,N_Pixels,Mean_Brightness,Std_Brightness
LED450NM,0,0,5,480000,548.8402916666666,247.5993245428622
LED450NM,0,1,5,480000,546.0460770833333,225.96958753665442
LED450NM,0,2,5,480000,546.6282583333333,232.12825917611423
LED450NM,0,3,5,480000,550.6604125,238.07283439351744
LED450NM,0,4,5,480000,555.10870625,242.51207727149293
LED450NM,0,5,5,480000,555.69560625,237.3745462007843
LED450NM,0,6,5,480000,555.0691416666666,235.75291662797426
LED450NM,0,7,5,480000,557.9129270833333,237.12829865825202
LED450NM,0,8,5,480000,558.3624666666667,235.3520484853465
LED450NM,0,9,5,480000,568.2933645833333,272.41317204931784
LED450NM,0,10,5,480000,562.4338604166667,228.39457075542649
LED450NM,0,11,5,480000,562.8183395833333,228.91550424754914
LED450NM,0,12,5,480000,563.9394875,230.73358033109096
LED450NM,0,13,5,480000,582.0653,213.66935314501703
LED450NM,0,14,5,480000,581.3816291666667,227.36194535735117
LED450NM,0,15,5,480000,578.5566354166667,240.1744727205542
LED450NM,0,16,5,480000,580.6386645833334,234.01735795940434
LED450NM,0,17,5,480000,566.6954833333333,234.620845414326
LED450NM,0,18,5,480000,566.4765333333334,236.0034569029634
LED450NM,0,19,5,480000,567.0767270833334,239.5226584759182
LED450NM,0,20,5,480000,569.444475,243.0364144532825
LED450NM,0,21,5,480000,574.30474375,246.87760256855387
LED450NM,0,22,5,480000,578.4326458333334,240.7988663302139
LED450NM,0,23,5,480000,584.1902479166666,200.7632866387184
LED450NM,0,24,5,480000,585.702425,192.5947831890038
LED450NM,0,25,5,480000,563.5510708333334,221.3787697498038
LED450NM,0,26,5,480000,561.903775,218.14785452168914
LED450NM,0,27,5,480000,581.94326875,207.71557279001
LED450NM,0,28,5,480000,562.9556791666666,218.80701710791573
LED450NM,0,29,5,480000,568.9669875,237.09414295312072
LED450NM,0,30,5,480000,574.9963270833333,238.99727244139493
LED450NM,0,31,5,480000,582.4014666666667,195.53707830276647
LED450NM,0,32,5,480000,579.83991875,209.2717816944672
LED450NM,0,33,5,480000,559.8104395833333,219.39823216531417
LED450NM,0,34,5,480000,570.5720583333333,241.99713192879636
LED450NM,0,35,5,480000,557.7576708333333,211.89615410992002
LED450NM,0,36,5,480000,559.8148833333333,221.23030958178637
LED450NM,0,37,5,480000,559.8284270833333,224.5521021811737
LED450NM,0,38,5,480000,559.78698125,225.71550057560398
LED450NM,0,39,5,480000,560.0938,224.47655715922764
LED450NM,0,40,5,480000,557.8452458333334,225.0946527322404
LED450NM,0,41,5,480000,558.393375,227.06598348521817
LED450NM,0,42,5,480000,572.50388125,244.0582502394375
LED450NM,0,43,5,480000,558.08225,228.32025659681952
LED450NM,0,44,5,480000,555.3192958333333,220.85297742541488
LED450NM,0,45,5,480000,553.6845416666666,216.54928710197424
LED450NM,0,46,5,480000,551.5967020833333,211.31419886125437
LED450NM,0,47,5,480000,549.6188395833333,209.02134156903713
LED450NM,0,48,5,480000,550.1676625,205.6091995391243
LED450NM,0,49,5,480000,549.242925,196.47442823417092
LED450NM,0,50,5,480000,548.1010895833333,192.2890525779167
LED450NM,0,51,5,480000,561.8855125,187.11617786180955
LED450NM,0,52,5,480000,561.0770041666667,177.6001712284037
LED450NM,0,53,5,480000,551.8188395833333,207.04612542576135
LED450NM,0,54,5,480000,541.3876875,181.27107837913823
LED450NM,0,55,5,480000,540.6921166666667,183.7201030426984
LED450NM,0,56,5,480000,545.0294666666666,199.37035970160883
LED450NM,0,57,5,480000,538.4607666666667,180.77929715976575
LED450NM,0,58,5,480000,539.91614375,186.89895217571268
LED450NM,0,59,5,480000,549.7665895833334,201.36160886779632
LED450NM,0,60,5,480000,554.6463166666666,163.626521611768
LED450NM,0,61,5,480000,552.1989020833333,179.0413003635695
LED450NM,0,62,5,480000,552.8550895833333,167.8620837390658
LED450NM,0,63,5,480000,548.1917395833333,139.98131360595545
LED450NM,0,64,5,480000,548.2268458333333,127.69178779441755
LED450NM,0,65,5,480000,547.0216229166666,120.61361373355058
LED450NM,0,66,5,480000,535.0148604166667,169.86597265074806
LED450NM,0,67,5,480000,538.1437979166667,161.76197069071117
LED450NM,0,68,5,480000,538.9100145833333,140.1302648301743
LED450NM,0,69,5,480000,539.54476875,129.98217449875844
LED450NM,0,70,5,480000,538.8007541666667,123.1686880911618
LED450NM,0,71,5,480000,536.7114583333333,122.96474658226207
LED450NM,0,72,5,480000,534.5314041666667,109.84708316766988
LED450NM,0,73,5,480000,534.6909041666667,105.16590388016681
LED450NM,0,74,5,480000,522.0746958333333,146.48416790060446
LED450NM,0,75,5,480000,532.8137583333333,112.82449904553059
LED450NM,0,76,5,480000,531.5833125,129.39597028383074
LED450NM,0,77,5,480000,531.4901166666667,121.77722384811149
LED450NM,0,78,5,480000,530.2656875,115.13773659977431
LED450NM,0,79,5,480000,529.1558895833333,111.53148173133813
LED450NM,0,80,5,480000,528.6593375,106.04403707451492
LED450NM,0,81,5,480000,527.44608125,103.54824508138738
LED450NM,0,82,5,480000,526.1520208333334,100.67227081227266
LED450NM,0,83,5,480000,525.3514458333333,99.64544251993112
LED450NM,0,84,5,480000,525.4802395833333,98.2762441472638
LED450NM,0,85,5,480000,513.3143958333334,140.53766147463813
LED450NM,0,86,5,480000,511.8238416666667,139.43791764285254
LED450NM,0,87,5,480000,520.0230020833334,150.35939724424998
LED450NM,0,88,5,480000,522.10105,108.07899212565547
LED450NM,0,89,5,480000,520.2905,102.2056811927954
LED450NM,0,90,5,480000,520.49443125,108.65802989496768
LED450NM,0,91,5,480000,521.4091166666667,119.85954173275645
LED450NM,0,92,5,480000,520.8537854166667,116.68138877249858
LED450NM,0,93,5,480000,514.3986833333333,148.5861068312458
LED450NM,0,94,5,480000,518.5580229166667,119.78380408402943
LED450NM,0,95,5,480000,517.8808854166666,116.11788527382866
LED450NM,0,96,5,480000,507.0071375,132.31125224216356
LED450NM,0,97,5,480000,515.72781875,137.0859768640973
LED450NM,0,98,5,480000,515.5333125,114.44152711222158
LED450NM,0,99,5,480000,514.6343395833334,102.03650357205348
LED450NM,0,100,5,480000,514.9456104166667,99.74646333591595
LED450NM,0,101,5,480000,513.4636,100.56590374412856
LED450NM,0,102,5,480000,512.06595,93.72614483481917
LED450NM,0,103,5,480000,511.18677083333336,92.94978487507372
LED450NM,0,104,5,480000,512.0828833333334,92.4272822566641
LED450NM,0,105,5,480000,511.61082708333333,88.77519196838871
LED450NM,0,106,5,480000,510.646575,90.39364094947557
LED450NM,0,107,5,480000,509.0785104166667,88.97892791665792
LED450NM,0,108,5,480000,507.65849583333335,90.95447457787596
LED450NM,0,109,5,480000,507.0790979166667,83.7593907407974
LED450NM,0,110,5,480000,507.196375,83.0031570897118
LED450NM,0,111,5,480000,506.3281583333333,83.05038297388077
LED450NM,0,112,5,480000,504.97389166666665,82.36658124418501
LED450NM,0,113,5,480000,504.83062083333334,82.3104604421449
LED450NM,0,114,5,480000,505.9611208333333,82.18098749149384
LED450NM,0,115,5,480000,497.16626875,119.95997534991734
LED450NM,0,116,5,480000,496.23740208333334,122.85205582936261
LED450NM,0,117,5,480000,495.54024791666666,120.98754028868099
LED450NM,0,118,5,480000,495.24365208333336,120.10126244095974
LED450NM,0,119,5,480000,496.00929791666664,124.10547850437041
LED450NM,0,120,5,480000,495.2317791666667,125.38728115024759
LED450NM,0,121,5,480000,494.1495375,123.76862611085828
LED450NM,0,122,5,480000,493.53375,123.96998527239366
LED450NM,0,123,5,480000,493.42906666666664,123.82827851556723
LED450NM,0,124,5,480000,494.5040520833333,126.61514810406358
LED450NM,0,125,5,480000,493.3021375,128.77814969136298
LED450NM,0,126,5,480000,492.81791458333333,130.0465026006122
LED450NM,0,127,5,480000,493.14829583333335,131.7449848350181
LED450NM,0,128,5,480000,492.7819875,133.73922171418715
LED450NM,0,129,5,480000,492.8856125,133.68006105561582
LED450NM,0,130,5,480000,490.8054354166667,135.3346202659895
LED450NM,0,131,5,480000,491.8283666666667,138.01174134953962
LED450NM,0,132,5,480000,492.51454583333333,140.96826067447026
LED450NM,0,133,5,480000,491.73603541666665,139.60617664743708
LED450NM,0,134,5,480000,491.51355416666667,142.93626322753522
LED450NM,0,135,5,480000,489.90120625,144.9588363704617
LED450NM,0,136,5,480000,491.2955979166667,149.39155895315838
LED450NM,0,137,5,480000,491.59371875,145.65476944689874
LED450NM,0,138,5,480000,494.81897291666667,153.6016503479431
LED450NM,0,139,5,480000,489.3013041666667,156.22173929482142
LED450NM,0,140,5,480000,491.38692291666666,160.48042641884157
LED450NM,0,141,5,480000,491.33495416666665,162.48639862782227
LED450NM,0,142,5,480000,491.56510625,166.24923773863208
LED450NM,0,143,5,480000,490.79049166666664,167.1304821651582
LED450NM,0,144,5,480000,490.60912916666666,170.32832675451152
LED450NM,0,145,5,480000,491.58635833333335,171.83830787905896
LED450NM,0,146,5,480000,491.10680833333333,174.4882260721716
LED450NM,0,147,5,480000,490.47649375,178.55825443429626
LED450NM,0,148,5,480000,491.1664125,182.49311615614394
LED450NM,0,149,5,480000,490.99386458333333,185.59672472040015
LED450NM,0,150,5,480000,491.16169375,186.18187909420152
LED450NM,0,151,5,480000,490.82894375,191.6362333524361
LED450NM,0,152,5,480000,491.41241041666666,197.48065660269503
LED450NM,0,153,5,480000,490.66568333333333,197.06296301106335
LED450NM,0,154,5,480000,486.60262916666665,152.54860254386955
LED450NM,0,155,5,480000,486.20825625,157.96509083681858
LED450NM,0,156,5,480000,484.79623541666666,157.7004096208311
LED450NM,0,157,5,480000,484.03712708333336,160.35110465890057
LED450NM,0,158,5,480000,485.92686041666667,163.0155573307387
LED450NM,0,159,5,480000,485.7174375,165.23087209043874
LED450NM,0,160,5,480000,485.15550625,168.17433876751096
LED450NM,0,161,5,480000,485.73447708333333,178.51015472888574
LED450NM,0,162,5,480000,487.83081458333334,197.364886713784
LED450NM,0,163,5,480000,488.4896958333333,200.03794116698
LED450NM,0,164,5,480000,488.77518125,201.78832399393096
LED450NM,0,165,5,480000,488.25323333333336,203.42067622182748
LED450NM,0,166,5,480000,490.2578875,207.29988137728722
LED450NM,0,167,5,480000,489.7490875,210.88078410660685
LED450NM,0,168,5,480000,488.02039791666664,215.51039275637802
LED450NM,0,169,5,480000,487.9557625,218.94056372231165
LED450NM,0,170,5,480000,487.64204166666667,220.19467767939258
LED450NM,0,171,5,480000,487.63595625,226.86409386840268
LED450NM,0,172,5,480000,487.6356354166667,230.90563078459937
LED450NM,0,173,5,480000,487.82315625,233.05789723093434
LED450NM,0,174,5,480000,487.3031375,238.94567108129291
LED450NM,0,175,5,480000,487.57738333333333,241.57919636422832
LED450NM,0,176,5,480000,488.14917916666667,245.01018922637257
LED450NM,0,177,5,480000,488.84149375,249.05343592192963
LED450NM,0,178,5,480000,489.3812520833333,253.7411783010376
LED450NM,0,179,5,480000,489.97428958333336,257.0172497279599
LED450NM,0,180,5,480000,490.63918333333334,261.0942070779557
LED450NM,0,181,5,480000,491.17545625,264.0805344739006
LED450NM,0,182,5,480000,492.75755833333335,268.7601684067754
LED450NM,0,183,5,480000,491.67988333333335,275.9510652579301
LED450NM,0,184,5,480000,491.64776666666666,278.71136787307205
LED450NM,0,185,5,480000,482.86301041666667,191.8218386466221
LED450NM,0,186,5,480000,483.0961791666667,192.33588461872603
LED450NM,0,187,5,480000,483.22981875,193.30468661871294
LED450NM,0,188,5,480000,483.556875,195.09948422382118
LED450NM,0,189,5,480000,484.2229208333333,196.96415856817384
LED450NM,0,190,5,480000,483.8029666666667,198.34086707702363
LED450NM,0,191,5,480000,484.30204166666664,200.29632503076934
LED450NM,0,192,5,480000,483.63877083333335,202.49968416886273
LED450NM,0,193,5,480000,483.01256666666666,205.40600355453478
LED450NM,0,194,5,480000,483.1906125,206.0934560061078
LED450NM,1,0,5,480000,606.0995229166666,251.15112072005383
LED450NM,1,1,5,480000,610.6748458333333,259.4575861608879
LED450NM,1,2,5,480000,610.8966520833334,260.3452513739364
LED450NM,1,3,5,480000,616.2671458333333,263.79579115881234
LED450NM,1,4,5,480000,621.6404458333334,265.1870860511523
LED450NM,1,5,5,480000,627.866125,267.7081184922322
LED450NM,1,6,5,480000,635.40116875,272.92450470759127
LED450NM,1,7,5,480000,646.6496979166667,280.65757950991997
LED450NM,1,8,5,480000,661.13390625,293.2107444817343
LED450NM,1,9,5,480000,690.4223770833333,327.55185953222144
LED450NM,1,10,5,480000,709.48265625,349.31131873902154
LED450NM,1,11,5,480000,727.4386895833334,370.2163866963925
LED450NM,1,12,5,480000,741.7744041666666,372.10763645844014
LED450NM,1,13,5,480000,795.8108604166666,309.96192705578324
LED450NM,1,14,5,480000,806.20405,368.94012781131687
LED450NM,1,15,5,480000,833.9057375,365.7282100452663
LED450NM,1,16,5,480000,856.0821791666667,355.77007446395004
LED450NM,1,17,5,480000,833.2508416666667,471.4784048599592
LED450NM,1,18,5,480000,850.1529583333333,493.06273006881685
LED450NM,1,19,5,480000,864.2014625,512.248866995195
LED450NM,1,20,5,480000,878.3402979166667,540.858145973672
LED450NM,1,21,5,480000,918.45848125,548.99558578328
LED450NM,1,22,5,480000,942.98944375,542.5718094822248
LED450NM,1,23,5,480000,982.8463166666667,499.65744225228923
LED450NM,1,24,5,480000,1026.3801458333332,472.26507421854245
LED450NM,1,25,5,480000,979.2921479166666,678.2905220890565
LED450NM,1,26,5,480000,995.3659854166667,697.1556484196515
LED450NM,1,27,5,480000,1083.6835791666667,588.8053771149877
LED450NM,1,28,5,480000,1031.1612833333334,751.6076620735624
LED450NM,1,29,5,480000,1089.95659375,753.9334148658713
LED450NM,1,30,5,480000,1124.5706854166667,765.4539595910207
LED450NM,1,31,5,480000,1160.5431979166667,647.6786110221694
LED450NM,1,32,5,480000,1130.49680625,739.85616786179
LED450NM,1,33,5,480000,1058.9338958333333,799.5300633790488
LED450NM,1,34,5,480000,1119.36185625,787.4108404392871
LED450NM,1,35,5,480000,1100.0753520833334,856.8371742266129
LED450NM,1,36,5,480000,1127.8027979166666,891.1633567497161
LED450NM,1,37,5,480000,1130.20055,891.2425314907446
LED450NM,1,38,5,480000,1152.9307458333333,931.7263623799964
LED450NM,1,39,5,480000,1165.3769645833333,951.9526938306614
LED450NM,1,40,5,480000,1190.9722625,987.8712892425804
LED450NM,1,41,5,480000,1207.91504375,1012.8341885136081
LED450NM,1,42,5,480000,1286.7464208333333,988.7401890188038
LED450NM,1,43,5,480000,1221.6903520833334,1050.4295477106423
LED450NM,1,44,5,480000,1249.1086291666666,1092.6387597767025
LED450NM,1,45,5,480000,1253.6929041666667,1119.2969010036238
LED450NM,1,46,5,480000,1279.6902895833334,1158.044832968428
LED450NM,1,47,5,480000,1307.2336729166666,1187.3402512176328
LED450NM,1,48,5,480000,1301.8745,1183.528759596241
LED450NM,1,49,5,480000,1335.0803625,1228.196755381388
LED450NM,1,50,5,480000,1340.9756708333334,1217.5760806087608
LED450NM,1,51,5,480000,1426.0528125,1082.3402856669
LED450NM,1,52,5,480000,1452.03169375,1058.3301973636376
LED450NM,1,53,5,480000,1375.1583854166668,1293.383150073987
LED450NM,1,54,5,480000,1361.50396875,1280.8458395857983
LED450NM,1,55,5,480000,1373.6563375,1306.2819011193255
LED450NM,1,56,5,480000,1432.2405270833333,1336.115675441803
LED450NM,1,57,5,480000,1415.0382333333334,1352.0657109434605
LED450NM,1,58,5,480000,1422.8719395833334,1371.9550391087698
LED450NM,1,59,5,480000,1433.795525,1295.0900297817038
LED450NM,1,60,5,480000,1521.5021416666666,1104.9810926623345
LED450NM,1,61,5,480000,1500.0276416666666,1215.6359635231834
LED450NM,1,62,5,480000,1518.7155666666667,1165.9584208342703
LED450NM,1,63,5,480000,1521.6347375,1221.0736476099516
LED450NM,1,64,5,480000,1582.5157645833333,1175.4772217776679
LED450NM,1,65,5,480000,1597.8001479166667,1158.3594831964851
LED450NM,1,66,5,480000,1510.63505625,1439.0094474648674
LED450NM,1,67,5,480000,1547.4390208333334,1346.8218177892752
LED450NM,1,68,5,480000,1570.7286604166666,1273.2764501956153
LED450NM,1,69,5,480000,1613.4377666666667,1274.1600544337089
LED450NM,1,70,5,480000,1616.3011625,1255.1119416962968
LED450NM,1,71,5,480000,1630.1786458333333,1243.3394760776987
LED450NM,1,72,5,480000,1626.9077125,1230.7567861786033
LED450NM,1,73,5,480000,1651.7549270833333,1237.4708579564
LED450NM,1,74,5,480000,1532.53509375,1558.6908564406742
LED450NM,1,75,5,480000,1673.96626875,1296.5516551340916
LED450NM,1,76,5,480000,1637.8583145833334,1361.492195167613
LED450NM,1,77,5,480000,1646.6125645833333,1350.4952803293
LED450NM,1,78,5,480000,1680.7945958333332,1342.4898599216538
LED450NM,1,79,5,480000,1691.54963125,1340.9185533895186
LED450NM,1,80,5,480000,1689.9974416666666,1324.9929192852144
LED450NM,1,81,5,480000,1692.1174791666667,1320.2245052983649
LED450NM,1,82,5,480000,1697.4183916666666,1321.4083927947534
LED450NM,1,83,5,480000,1685.53706875,1308.2031097737618
LED450NM,1,84,5,480000,1685.9840854166666,1309.7162854216974
LED450NM,1,85,5,480000,1532.8905270833334,1611.633009114595
LED450NM,1,86,5,480000,1513.8397833333333,1608.2002163201842
LED450NM,1,87,5,480000,1608.8370333333332,1564.6210698481275
LED450NM,1,88,5,480000,1654.7671229166667,1326.3152220027412
LED450NM,1,89,5,480000,1687.7296541666667,1337.3475696584878
LED450NM,1,90,5,480000,1700.5964583333334,1383.8435693762947
LED450NM,1,91,5,480000,1679.2707041666667,1455.0138060321813
LED450NM,1,92,5,480000,1690.1722395833333,1474.3249763176173
LED450NM,1,93,5,480000,1638.86286875,1716.53153416187
LED450NM,1,94,5,480000,1706.2447041666667,1494.4538749124056
LED450NM,1,95,5,480000,1695.7129416666667,1552.4870068141247
LED450NM,1,96,5,480000,1624.2561416666667,1752.8932300425338
LED450NM,1,97,5,480000,1674.1916354166667,1596.127090043151
LED450NM,1,98,5,480000,1719.2413979166668,1477.6691118912456
LED450NM,1,99,5,480000,1741.0301583333332,1439.7702301983725
LED450NM,1,100,5,480000,1741.0432,1452.9098578084922
LED450NM,1,101,5,480000,1749.8326895833334,1459.6679393904312
LED450NM,1,102,5,480000,1778.09423125,1473.6785544760278
LED450NM,1,103,5,480000,1793.0239208333332,1481.4463789411327
LED450NM,1,104,5,480000,1801.1618916666666,1488.2214577640727
LED450NM,1,105,5,480000,1822.7753895833334,1498.3221188070377
LED450NM,1,106,5,480000,1858.33864375,1521.9650987065463
LED450NM,1,107,5,480000,1793.15565,1453.8418906534887
LED450NM,1,108,5,480000,1781.1005895833334,1476.5595553601913
LED450NM,1,109,5,480000,1778.5482416666666,1490.9721998197156
LED450NM,1,110,5,480000,1791.1374166666667,1504.4201681143338
LED450NM,1,111,5,480000,1778.50988125,1513.217901792907
LED450NM,1,112,5,480000,1792.0380458333334,1512.4965862765932
LED450NM,1,113,5,480000,1803.8975208333334,1530.3564965808414
LED450NM,1,114,5,480000,1811.3272791666666,1558.0496345220135
LED450NM,1,115,5,480000,1641.1957229166667,1911.7441754964557
LED450NM,1,116,5,480000,1637.8603708333333,1926.9337574724848
LED450NM,1,117,5,480000,1653.15731875,1969.5581846801058
LED450NM,1,118,5,480000,1644.8023104166666,1977.9412327510506
LED450NM,1,119,5,480000,1662.7051791666668,2003.8155790852716
LED450NM,1,120,5,480000,1672.5501270833333,2022.5920421917208
LED450NM,1,121,5,480000,1687.8212458333333,2058.2264261001383
LED450NM,1,122,5,480000,1699.9140854166667,2058.5281224558485
LED450NM,1,123,5,480000,1698.1501041666668,2060.6156276123907
LED450NM,1,124,5,480000,1706.6424458333333,2089.130003222239
LED450NM,1,125,5,480000,1724.0899520833334,2122.1823118771013
LED450NM,1,126,5,480000,1701.5312166666668,2067.32975272464
LED450NM,1,127,5,480000,1708.7870270833334,2094.6212185358127
LED450NM,1,128,5,480000,1724.0674958333334,2111.609449249785
LED450NM,1,129,5,480000,1755.40694375,2156.100364431822
LED450NM,1,130,5,480000,1736.9894645833333,2135.04271297522
LED450NM,1,131,5,480000,1755.9888583333334,2162.2186071276874
LED450NM,1,132,5,480000,1748.3000041666667,2167.6380190134373
LED450NM,1,133,5,480000,1755.02755,2169.878118862938
LED450NM,1,134,5,480000,1728.63980625,2159.8954676345747
LED450NM,1,135,5,480000,1741.4030979166666,2185.9321223463958
LED450NM,1,136,5,480000,1749.6484604166667,2193.3470922202832
LED450NM,1,137,5,480000,1743.8207625,2191.3384628623103
LED450NM,1,138,5,480000,1714.2944520833332,2166.775945602526
LED450NM,1,139,5,480000,1717.0916645833333,2173.8040205794055
LED450NM,1,140,5,480000,1731.64409375,2201.332407887586
LED450NM,1,141,5,480000,1735.79170625,2205.5933662629877
LED450NM,1,142,5,480000,1689.30458125,2192.6296199006524
LED450NM,1,143,5,480000,1693.7426666666668,2195.81270259925
LED450NM,1,144,5,480000,1675.99600625,2125.2934092708942
LED450NM,1,145,5,480000,1667.52013125,2131.0706141091932
LED450NM,1,146,5,480000,1649.66838125,2116.2122938179164
LED450NM,1,147,5,480000,1654.2312541666668,2161.339328100135
LED450NM,1,148,5,480000,1647.5066,2133.00665995556
LED450NM,1,149,5,480000,1652.58989375,2167.4331116789845
LED450NM,1,150,5,480000,1667.8410041666666,2211.0448790465166
LED450NM,1,151,5,480000,1676.1670125,2206.7598121809324
LED450NM,1,152,5,480000,1694.68660625,2233.9627074753525
LED450NM,1,153,5,480000,1688.536125,2232.5469259661304
LED450NM,1,154,5,480000,1700.9776916666667,2235.0833262725364
LED450NM,1,155,5,480000,1691.1798166666667,2248.5994600712315
LED450NM,1,156,5,480000,1653.7174,2191.474688562036
LED450NM,1,157,5,480000,1663.7496854166666,2225.240963402172
LED450NM,1,158,5,480000,1671.92665625,2234.429367706353
LED450NM,1,159,5,480000,1665.5287354166667,2230.04000951667
LED450NM,1,160,5,480000,1680.3831854166667,2233.742617047158
LED450NM,1,161,5,480000,1744.99783125,2328.8763746228665
LED450NM,1,162,5,480000,1736.6435270833333,2330.3471872546825
LED450NM,1,163,5,480000,1738.3093979166667,2332.461937492231
LED450NM,1,164,5,480000,1739.4167875,2337.3252417829403
LED450NM,1,165,5,480000,1741.7430875,2347.711476728483
LED450NM,1,166,5,480000,1770.9343854166666,2351.548056669473
LED450NM,1,167,5,480000,1763.8536083333333,2357.9891711792584
LED450NM,1,168,5,480000,1774.7089770833334,2368.1067025411344
LED450NM,1,169,5,480000,1776.7845354166666,2378.6464987988293
LED450NM,1,170,5,480000,1763.0808520833334,2387.5641078466406
LED450NM,1,171,5,480000,1756.6871916666666,2380.919296525528
LED450NM,1,172,5,480000,1736.5973645833333,2364.2442335464493
LED450NM,1,173,5,480000,1748.5581791666666,2360.296230157213
LED450NM,1,174,5,480000,1761.3976,2371.026033520279
LED450NM,1,175,5,480000,1762.356475,2380.431109061565
LED450NM,1,176,5,480000,1778.7460291666666,2390.4834842050573
LED450NM,1,177,5,480000,1774.0811125,2401.440157440238
LED450NM,1,178,5,480000,1780.41334375,2415.1633437433434
LED450NM,1,179,5,480000,1791.34753125,2426.055891518154
LED450NM,1,180,5,480000,1803.10605,2444.228692981707
LED450NM,1,181,5,480000,1799.12594375,2446.816294627113
LED450NM,1,182,5,480000,1802.7075541666666,2461.4176925716206
LED450NM,1,183,5,480000,1639.94429375,1945.5440502034978
LED450NM,1,184,5,480000,1631.1552791666666,1928.1051574605262
LED450NM,1,185,5,480000,1638.2883166666666,1935.2888418836433
LED450NM,1,186,5,480000,1623.6323979166666,1929.5533853707682
LED450NM,1,187,5,480000,1625.0799145833332,1938.5104375307712
LED450NM,1,188,5,480000,1640.44238125,1959.4598349707026
LED450NM,1,189,5,480000,1648.0862666666667,1973.8154362426415
LED450NM,1,190,5,480000,1653.4153145833334,1973.1541976783974
LED450NM,1,191,5,480000,1660.0461354166666,1977.7783174474516
LED450NM,1,192,5,480000,1642.1903083333334,1975.1602804296429
LED450NM,1,193,5,480000,1639.7555833333333,1984.2021238612494
LED450NM,1,194,5,480000,1650.4266145833333,1992.0979617337464
LED450NM,2,0,5,480000,577.9952833333333,201.49449725386148
LED450NM,2,1,5,480000,582.06085625,208.87859040066033
LED450NM,2,2,5,480000,580.3636395833333,206.81561908497974
LED450NM,2,3,5,480000,584.6023145833333,215.96712391216562
LED450NM,2,4,5,480000,588.1325770833333,218.6587430992268
LED450NM,2,5,5,480000,590.24985,219.13333011352736
LED450NM,2,6,5,480000,590.4529125,220.49670928066178
LED450NM,2,7,5,480000,591.5747083333333,219.57797380694842
LED450NM,2,8,5,480000,594.1151041666667,219.81188229225498
LED450NM,2,9,5,480000,606.75554375,240.2703003075741
LED450NM,2,10,5,480000,610.0836333333333,243.21523158778294
LED450NM,2,11,5,480000,613.66305625,246.82592906437662
LED450NM,2,12,5,480000,620.4103,256.53527983445736
LED450NM,2,13,5,480000,650.7651083333334,237.46307041146054
LED450NM,2,14,5,480000,659.900825,234.98181012435703
LED450NM,2,15,5,480000,669.3000208333333,239.72956579584886
LED450NM,2,16,5,480000,675.6317354166666,223.35478028228246
LED450NM,2,17,5,480000,654.7040625,294.8447037498375
LED450NM,2,18,5,480000,651.958975,289.6129538860719
LED450NM,2,19,5,480000,665.9220291666667,308.72630871946944
LED450NM,2,20,5,480000,684.40793125,330.725010523615
LED450NM,2,21,5,480000,685.3459583333333,332.5645301985239
LED450NM,2,22,5,480000,708.50379375,361.312878861854
LED450NM,2,23,5,480000,751.1644083333333,315.81487518254517
LED450NM,2,24,5,480000,765.57735625,336.1048448825315
LED450NM,2,25,5,480000,715.4330645833334,346.3602092698919
LED450NM,2,26,5,480000,729.8479229166667,366.3626673798029
LED450NM,2,27,5,480000,799.0017791666667,421.4639801841528
LED450NM,2,28,5,480000,748.9808270833333,382.9204055255034
LED450NM,2,29,5,480000,789.8223833333333,476.8087778770994
LED450NM,2,30,5,480000,799.8637395833333,487.67155939151183
LED450NM,2,31,5,480000,858.3336104166667,501.4240459243785
LED450NM,2,32,5,480000,877.77316875,510.50369105717607
LED450NM,2,33,5,480000,815.1934,468.3451277687997
LED450NM,2,34,5,480000,863.6509020833333,590.422765192644
LED450NM,2,35,5,480000,856.28173125,521.708255278196
LED450NM,2,36,5,480000,863.9506875,535.1246022360375
LED450NM,2,37,5,480000,868.09663125,533.9024152075779
LED450NM,2,38,5,480000,882.5206645833333,556.2766932902862
LED450NM,2,39,5,480000,896.94861875,586.2937272672153
LED450NM,2,40,5,480000,906.83223125,593.669173156001
LED450NM,2,41,5,480000,918.9229541666666,617.7943078381937
LED450NM,2,42,5,480000,970.89715,770.527364010224
LED450NM,2,43,5,480000,932.0327958333334,631.8365629254398
LED450NM,2,44,5,480000,943.96865625,646.9992663948592
LED450NM,2,45,5,480000,955.7391854166667,666.6316313367299
LED450NM,2,46,5,480000,968.7155395833333,685.2740866502648
LED450NM,2,47,5,480000,977.9252979166666,701.1578972855178
LED450NM,2,48,5,480000,995.45003125,722.7090343162251
LED450NM,2,49,5,480000,1004.4366125,740.9624444280953
LED450NM,2,50,5,480000,997.7752979166667,717.3369113128715
LED450NM,2,51,5,480000,1101.4993,968.6408593851197
LED450NM,2,52,5,480000,1126.0298979166666,954.9365773202069
LED450NM,2,53,5,480000,1072.7405291666666,942.4245407921987
LED450NM,2,54,5,480000,1048.4118708333333,803.3489235485308
LED450NM,2,55,5,480000,1063.7992208333333,845.3454483598562
LED450NM,2,56,5,480000,1096.7061104166667,988.3144694618524
LED450NM,2,57,5,480000,1063.3643020833333,836.6289425666806
LED450NM,2,58,5,480000,1108.1045604166666,967.6693926229157
LED450NM,2,59,5,480000,1162.0977375,1101.533344985093
LED450NM,2,60,5,480000,1203.8852229166666,1061.314213838188
LED450NM,2,61,5,480000,1174.0955,1120.651816758778
LED450NM,2,62,5,480000,1228.11693125,1109.422787714404
LED450NM,2,63,5,480000,1229.2971458333334,1162.9885893268058
LED450NM,2,64,5,480000,1253.8829395833334,1121.1611823903563
LED450NM,2,65,5,480000,1243.6635,1122.3183935965988
LED450NM,2,66,5,480000,1154.4321208333333,1027.0005703182865
LED450NM,2,67,5,480000,1240.3108125,1240.3697211835363
LED450NM,2,68,5,480000,1251.2826604166667,1223.481759718348
LED450NM,2,69,5,480000,1280.5570708333332,1238.630149533987
LED450NM,2,70,5,480000,1283.4398208333334,1209.8669914564857
LED450NM,2,71,5,480000,1305.2059645833333,1205.9264109637206
LED450NM,2,72,5,480000,1324.2604375,1210.6843714134616
LED450NM,2,73,5,480000,1204.6123333333333,1045.222547398187
LED450NM,2,74,5,480000,1211.9711354166666,1041.7066740901296
LED450NM,2,75,5,480000,1362.518575,1267.4579706545708
LED450NM,2,76,5,480000,1347.8337020833333,1343.9968079626353
LED450NM,2,77,5,480000,1363.096375,1353.5320630188974
LED450NM,2,78,5,480000,1382.51943125,1342.589130119149
LED450NM,2,79,5,480000,1395.0258479166666,1356.3570832797443
LED450NM,2,80,5,480000,1384.6624229166666,1331.1735244630192
LED450NM,2,81,5,480000,1388.3981125,1333.3472399731202
LED450NM,2,82,5,480000,1400.6283708333333,1332.2308940880316
LED450NM,2,83,5,480000,1401.6427791666667,1332.740692957227
LED450NM,2,84,5,480000,1429.05393125,1340.9183797890175
LED450NM,2,85,5,480000,1258.5824229166667,1178.8434415394734
LED450NM,2,86,5,480000,1282.7855020833333,1186.547435302059
LED450NM,2,87,5,480000,1373.9948270833333,1508.1193257581856
LED450NM,2,88,5,480000,1429.86473125,1425.3489717347404
LED450NM,2,89,5,480000,1374.6070270833334,1297.7111758927215
LED450NM,2,90,5,480000,1346.3646854166666,1326.112240257512
LED450NM,2,91,5,480000,1354.5257875,1397.3844057461442
LED450NM,2,92,5,480000,1382.14306875,1421.7135846078197
LED450NM,2,93,5,480000,1345.21705,1468.5095941470038
LED450NM,2,94,5,480000,1378.9862875,1460.6815690184842
LED450NM,2,95,5,480000,1383.4674541666666,1452.8159328923155
LED450NM,2,96,5,480000,1266.320125,1191.3294975114222
LED450NM,2,97,5,480000,1330.7535541666666,1475.9629802345264
LED450NM,2,98,5,480000,1380.472425,1469.2232937515384
LED450NM,2,99,5,480000,1371.8162416666667,1334.29757680132
LED450NM,2,100,5,480000,1367.4400416666667,1339.9447555701684
LED450NM,2,101,5,480000,1356.23553125,1350.4452226989613
LED450NM,2,102,5,480000,1375.2356416666667,1345.3255568147206
LED450NM,2,103,5,480000,1375.467725,1340.6503787154916
LED450NM,2,104,5,480000,1384.0523,1344.2957241270897
LED450NM,2,105,5,480000,1394.1669104166667,1349.287060438955
LED450NM,2,106,5,480000,1395.4934708333333,1293.669358315667
LED450NM,2,107,5,480000,1404.7212645833333,1313.044705909507
LED450NM,2,108,5,480000,1417.3279666666667,1337.544964647743
LED450NM,2,109,5,480000,1429.5626020833333,1335.0981662728573
LED450NM,2,110,5,480000,1429.470475,1351.7388922942087
LED450NM,2,111,5,480000,1414.11870625,1339.3309924479993
LED450NM,2,112,5,480000,1412.9096833333333,1341.6980241583424
LED450NM,2,113,5,480000,1402.3409958333334,1317.6681664722503
LED450NM,2,114,5,480000,1399.8237083333333,1304.087281882268
LED450NM,2,115,5,480000,1225.7235229166668,1151.928816194461
LED450NM,2,116,5,480000,1219.78965625,1164.8002884951666
LED450NM,2,117,5,480000,1200.4646020833334,1135.5856413309334
LED450NM,2,118,5,480000,1184.901575,1111.554792874611
LED450NM,2,119,5,480000,1183.9914208333332,1119.1919749018625
LED450NM,2,120,5,480000,1193.7514291666666,1135.8926929420786
LED450NM,2,121,5,480000,1196.6392958333333,1146.132324070831
LED450NM,2,122,5,480000,1202.3189583333333,1140.2513421989097
LED450NM,2,123,5,480000,1214.4011229166667,1162.0458315879036
LED450NM,2,124,5,480000,1231.39753125,1189.408905235841
LED450NM,2,125,5,480000,1230.6831604166666,1201.8259247747133
LED450NM,2,126,5,480000,1210.218325,1176.8047107620255
LED450NM,2,127,5,480000,1219.6068979166666,1194.627529899453
LED450NM,2,128,5,480000,1225.1503354166666,1214.0976978678498
LED450NM,2,129,5,480000,1228.1333125,1235.7396842118937
LED450NM,2,130,5,480000,1197.9742645833333,1178.0248861009281
LED450NM,2,131,5,480000,1215.6189041666667,1194.5742969722726
LED450NM,2,132,5,480000,1221.6240041666667,1188.3353371234484
LED450NM,2,133,5,480000,1217.5163458333334,1197.2276860328814
LED450NM,2,134,5,480000,1225.6013291666666,1235.6635924132966
LED450NM,2,135,5,480000,1225.2553416666667,1221.781710109857
LED450NM,2,136,5,480000,1199.40493125,1165.7267085525518
LED450NM,2,137,5,480000,1211.8778416666667,1169.6897149289957
LED450NM,2,138,5,480000,1212.0756729166667,1174.5770688123703
LED450NM,2,139,5,480000,1210.5041125,1195.137004315023
LED450NM,2,140,5,480000,1208.98746875,1187.0046235058303
LED450NM,2,141,5,480000,1217.4402583333333,1200.8442277352628
LED450NM,2,142,5,480000,1233.2705833333334,1208.9563938205795
LED450NM,2,143,5,480000,1234.8593520833333,1208.5675436731894
LED450NM,2,144,5,480000,1198.5216833333334,1112.7133152197528
LED450NM,2,145,5,480000,1205.6241979166666,1120.8543334921853
LED450NM,2,146,5,480000,1220.9164770833333,1132.577734834423
LED450NM,2,147,5,480000,1218.12554375,1113.5669479627243
LED450NM,2,148,5,480000,1232.4238958333333,1148.1720814352361
LED450NM,2,149,5,480000,1228.2817208333333,1150.785003718493
LED450NM,2,150,5,480000,1243.2080541666667,1171.903370032116
LED450NM,2,151,5,480000,1245.0077145833334,1189.8858277166353
LED450NM,2,152,5,480000,1244.43003125,1169.9296367037239
LED450NM,2,153,5,480000,1213.15811875,1160.8396198462176
LED450NM,2,154,5,480000,1203.1094833333334,1171.1454136037362
LED450NM,2,155,5,480000,1224.7010979166666,1216.3057148104097
LED450NM,2,156,5,480000,1235.4525020833332,1213.5915391575459
LED450NM,2,157,5,480000,1249.2785083333333,1237.8488965960028
LED450NM,2,158,5,480000,1259.2506395833334,1252.7502575677443
LED450NM,2,159,5,480000,1242.3934645833333,1212.9292882265252
LED450NM,2,160,5,480000,1245.9616854166666,1224.1485167831595
LED450NM,2,161,5,480000,1177.78805625,1365.722293520696
LED450NM,2,162,5,480000,1177.6205729166666,1338.433857653105
LED450NM,2,163,5,480000,1193.5267875,1380.7276493962993
LED450NM,2,164,5,480000,1191.7423708333333,1371.1435010884938
LED450NM,2,165,5,480000,1185.4631979166666,1349.941962778625
LED450NM,2,166,5,480000,1188.133025,1373.000025861926
LED450NM,2,167,5,480000,1196.7544958333333,1389.0299435062122
LED450NM,2,168,5,480000,1171.02734375,1351.7458773364428
LED450NM,2,169,5,480000,1166.0913916666666,1334.8971783740112
LED450NM,2,170,5,480000,1165.7677875,1347.395945142217
LED450NM,2,171,5,480000,1179.5967916666666,1363.54904418355
LED450NM,2,172,5,480000,1189.0763125,1382.1253804366795
LED450NM,2,173,5,480000,1188.6498583333334,1386.2710054933873
LED450NM,2,174,5,480000,1195.2350125,1392.660291074529
LED450NM,2,175,5,480000,1197.2361604166667,1396.0457972942152
LED450NM,2,176,5,480000,1196.5158,1395.9757258352286
LED450NM,2,177,5,480000,1183.697375,1391.21762592364
LED450NM,2,178,5,480000,1190.74079375,1414.775821509084
LED450NM,2,179,5,480000,1203.3539833333334,1432.8968438373827
LED450NM,2,180,5,480000,1211.2003166666666,1444.4116184764991
LED450NM,2,181,5,480000,1217.9977854166666,1460.4707232762933
LED450NM,2,182,5,480000,1223.7883583333332,1490.8559837470793
LED450NM,2,183,5,480000,1210.3581083333333,1460.5995456033643
LED450NM,2,184,5,480000,1232.5978770833333,1490.5066410072593
LED450NM,2,185,5,480000,1227.38200625,1499.469517435797
LED450NM,2,186,5,480000,1222.54243125,1483.3748973693139
LED450NM,2,187,5,480000,1223.9394333333332,1494.8102469357705
LED450NM,2,188,5,480000,1181.489775,1422.4600514439
LED450NM,2,189,5,480000,1183.2816395833333,1426.4450465324844
LED450NM,2,190,5,480000,1127.10718125,1306.752051013031
LED450NM,2,191,5,480000,1130.8480729166668,1315.9785343896804
LED450NM,2,192,5,480000,1137.7755520833334,1329.8725626400133
LED450NM,2,193,5,480000,1147.678,1339.2311398380166
LED450NM,2,194,5,480000,1152.3434541666666,1354.5062284946873
LED450NM,3,0,5,480000,629.4316958333334,263.0011286199627
LED450NM,3,1,5,480000,640.2482354166667,283.3131845862947
LED450NM,3,2,5,480000,637.64553125,277.1475951543183
LED450NM,3,3,5,480000,645.46319375,279.32042318419894
LED450NM,3,4,5,480000,660.57998125,284.8417611420412
LED450NM,3,5,5,480000,673.8251375,283.40581942056065
LED450NM,3,6,5,480000,693.82156875,289.34298909662965
LED450NM,3,7,5,480000,723.4798916666666,281.63806905581544
LED450NM,3,8,5,480000,772.8702041666667,303.54460683131066
LED450NM,3,9,5,480000,853.9165375,370.5185518306442
LED450NM,3,10,5,480000,909.23443125,404.51306690666866
LED450NM,3,11,5,480000,969.7051208333334,440.6169792797486
LED450NM,3,12,5,480000,1033.3138729166667,487.5411404290673
LED450NM,3,13,5,480000,1167.2260916666667,455.79785351172023
LED450NM,3,14,5,480000,1220.3997916666667,378.632500156757
LED450NM,3,15,5,480000,1279.6826166666667,444.13399178099365
LED450NM,3,16,5,480000,1340.156075,475.29716058633016
LED450NM,3,17,5,480000,1312.0436083333334,677.2421424534801
LED450NM,3,18,5,480000,1343.34863125,704.4434558571763
LED450NM,3,19,5,480000,1352.6024395833333,705.3485768028446
LED450NM,3,20,5,480000,1432.8743979166666,766.6934872535655
LED450NM,3,21,5,480000,1448.5745208333333,780.0097633929412
LED450NM,3,22,5,480000,1536.7225645833332,836.7096075142636
LED450NM,3,23,5,480000,1672.11596875,594.9141526367472
LED450NM,3,24,5,480000,1728.6804666666667,639.6714511685789
LED450NM,3,25,5,480000,1618.284425,892.8708326413099
LED450NM,3,26,5,480000,1739.2155875,985.9155943953974
LED450NM,3,27,5,480000,1909.8393791666667,835.4816539957343
LED450NM,3,28,5,480000,1765.5289604166667,984.295532239324
LED450NM,3,29,5,480000,1952.91583125,1095.4548827946032
LED450NM,3,30,5,480000,1983.9052,1121.072674603269
LED450NM,3,31,5,480000,2104.99685625,1002.0015651333586
LED450NM,3,32,5,480000,2179.4656416666667,822.2233712133857
LED450NM,3,33,5,480000,1989.0945208333333,1144.985938177472
LED450NM,3,34,5,480000,2021.3472375,1170.4331150640853
LED450NM,3,35,5,480000,2070.9399333333336,1213.9046381890942
LED450NM,3,36,5,480000,2123.6964625,1256.1615972769266
LED450NM,3,37,5,480000,2154.3281291666667,1270.271072341287
LED450NM,3,38,5,480000,2200.4329666666667,1312.0627472856875
LED450NM,3,39,5,480000,2258.2678333333333,1364.8284917995395
LED450NM,3,40,5,480000,2281.56604375,1381.9090571593547
LED450NM,3,41,5,480000,2315.0068291666666,1402.3200150922623
LED450NM,3,42,5,480000,2545.81726875,1576.111592755953
LED450NM,3,43,5,480000,2399.36544375,1487.984550784645
LED450NM,3,44,5,480000,2425.49666875,1506.6840927034339
LED450NM,3,45,5,480000,2480.1244916666665,1547.1701592941088
LED450NM,3,46,5,480000,2525.5531875,1573.3325403463684
LED450NM,3,47,5,480000,2545.583216666667,1590.9017040371539
LED450NM,3,48,5,480000,2584.807964583333,1614.0975516999115
LED450NM,3,49,5,480000,2623.885797916667,1655.968156398486
LED450NM,3,50,5,480000,2669.29633125,1697.0830978397041
LED450NM,3,51,5,480000,3028.92603125,1602.942949854748
LED450NM,3,52,5,480000,3076.07759375,1538.2788754677938
LED450NM,3,53,5,480000,2888.79926875,1908.8931569020258
LED450NM,3,54,5,480000,2851.3013104166666,1861.6842630648416
LED450NM,3,55,5,480000,2937.73366875,1960.7403153918885
LED450NM,3,56,5,480000,2986.624191666667,2011.9701277296415
LED450NM,3,57,5,480000,2876.55600625,1866.3755716586447
LED450NM,3,58,5,480000,3057.9715375,2088.7733861942083
LED450NM,3,59,5,480000,3142.096289583333,2098.8701463955313
LED450NM,3,60,5,480000,3302.54213125,1524.682242026173
LED450NM,3,61,5,480000,3303.0030395833332,1774.1193813601847
LED450NM,3,62,5,480000,3354.4984916666667,1651.6601406002765
LED450NM,3,63,5,480000,3383.76068125,1721.0058973822408
LED450NM,3,64,5,480000,3451.7866208333335,1583.3681868562655
LED450NM,3,65,5,480000,3040.9384145833333,2091.025842344132
LED450NM,3,66,5,480000,3180.9973583333335,2242.8520515966616
LED450NM,3,67,5,480000,3437.8145791666666,2100.0684800447457
LED450NM,3,68,5,480000,3533.83646875,1973.5778187230032
LED450NM,3,69,5,480000,3558.838404166667,1849.7471223046373
LED450NM,3,70,5,480000,3610.80223125,1839.186781157759
LED450NM,3,71,5,480000,3607.02335,1769.6491056564325
LED450NM,3,72,5,480000,3589.7737020833333,1680.464468409603
LED450NM,3,73,5,480000,3196.8901416666668,2295.0379337936834
LED450NM,3,74,5,480000,3171.3993125,2279.7838938152727
LED450NM,3,75,5,480000,3658.8430083333333,1789.8357508265806
LED450NM,3,76,5,480000,3667.1783270833334,2163.5838966432602
LED450NM,3,77,5,480000,3678.8569875,1922.0992807955902
LED450NM,3,78,5,480000,3719.9283375,1865.2270249338694
LED450NM,3,79,5,480000,3721.3192729166667,1851.0836743919012
LED450NM,3,80,5,480000,3770.1622354166666,1820.5436964883374
LED450NM,3,81,5,480000,3752.982375,1791.247567587842
LED450NM,3,82,5,480000,3736.7329020833336,1699.4811511674045
LED450NM,3,83,5,480000,3781.9361791666665,1751.962297566237
LED450NM,3,84,5,480000,3818.29218125,1753.8518975692334
LED450NM,3,85,5,480000,3328.83868125,2495.0419653975787
LED450NM,3,86,5,480000,3296.885152083333,2451.037624049837
LED450NM,3,87,5,480000,3718.1843791666665,2520.9996569359128
LED450NM,3,88,5,480000,3813.8581625,1869.7215528407228
LED450NM,3,89,5,480000,3841.3609375,1865.4588927379114
LED450NM,3,90,5,480000,3884.979045833333,2002.7085679832257
LED450NM,3,91,5,480000,3841.532564583333,2270.8121731942183
LED450NM,3,92,5,480000,3868.999477083333,2227.1082504229134
LED450NM,3,93,5,480000,3772.773525,2677.893234556612
LED450NM,3,94,5,480000,3889.6548770833333,2360.2890657229723
LED450NM,3,95,5,480000,3878.0945104166667,2226.2403167979264
LED450NM,3,96,5,480000,3356.256172916667,2542.627661037564
LED450NM,3,97,5,480000,3766.776372916667,2651.671375900901
LED450NM,3,98,5,480000,3895.452133333333,2187.7051440646924
LED450NM,3,99,5,480000,3895.7348854166667,2016.7382140465102
LED450NM,3,100,5,480000,3907.1781625,2032.5889414549097
LED450NM,3,101,5,480000,3907.11564375,2076.6331309616953
LED450NM,3,102,5,480000,3903.8778375,1959.2740002393293
LED450NM,3,103,5,480000,3890.0662020833333,1943.8222222377233
LED450NM,3,104,5,480000,3915.51250625,1935.0197378294174
LED450NM,3,105,5,480000,3912.5007604166667,1868.02442551378
LED450NM,3,106,5,480000,3874.8968083333334,1872.3124656572809
LED450NM,3,107,5,480000,3851.9379416666666,1880.2089853299365
LED450NM,3,108,5,480000,3868.20965,1880.2666811255908
LED450NM,3,109,5,480000,3879.9817375,1864.3117621479373
LED450NM,3,110,5,480000,3900.65313125,1869.023142488919
LED450NM,3,111,5,480000,3904.614091666667,1904.6620667653247
LED450NM,3,112,5,480000,3897.7969729166666,1869.1661688891083
LED450NM,3,113,5,480000,3909.543291666667,1863.2110349510415
LED450NM,3,114,5,480000,3939.27505,1887.6665061761212
LED450NM,3,115,5,480000,3387.3813604166667,2700.0716440825818
LED450NM,3,116,5,480000,3366.8590125,2677.2437448812643
LED450NM,3,117,5,480000,3399.15465625,2749.8222031979076
LED450NM,3,118,5,480000,3390.71348125,2706.1771953356865
LED450NM,3,119,5,480000,3403.3676333333333,2725.319442848226
LED450NM,3,120,5,480000,3405.1003125,2713.944582420559
LED450NM,3,121,5,480000,3414.3730333333333,2719.415677939895
LED450NM,3,122,5,480000,3429.971720833333,2736.483209743598
LED450NM,3,123,5,480000,3436.819664583333,2730.4727658666643
LED450NM,3,124,5,480000,3427.1595020833333,2729.7038687928834
LED450NM,3,125,5,480000,3441.415052083333,2754.562096314891
LED450NM,3,126,5,480000,3455.34000625,2762.945059457601
LED450NM,3,127,5,480000,3454.6582520833335,2772.357689913577
LED450NM,3,128,5,480000,3495.263989583333,2805.238983940569
LED450NM,3,129,5,480000,3474.24235,2783.279064141307
LED450NM,3,130,5,480000,3437.292,2742.3650840474666
LED450NM,3,131,5,480000,3466.58920625,2770.353323057472
LED450NM,3,132,5,480000,3467.09721875,2770.646818911112
LED450NM,3,133,5,480000,3427.45511875,2748.6601370073336
LED450NM,3,134,5,480000,3430.839414583333,2744.8907756172325
LED450NM,3,135,5,480000,3446.8178729166666,2785.4057749864096
LED450NM,3,136,5,480000,3433.59325,2773.7793155729373
LED450NM,3,137,5,480000,3444.7501729166665,2765.40486374904
LED450NM,3,138,5,480000,3453.75105,2784.618301390048
LED450NM,3,139,5,480000,3464.0884083333335,2803.7873626030023
LED450NM,3,140,5,480000,3480.73913125,2803.88552138137
LED450NM,3,141,5,480000,3487.1584020833334,2805.421229756629
LED450NM,3,142,5,480000,3527.5997395833333,2835.968437361451
LED450NM,3,143,5,480000,3492.8563916666667,2813.9965150345597
LED450NM,3,144,5,480000,3492.50054375,2798.103053686498
LED450NM,3,145,5,480000,3480.70380625,2794.441358799139
LED450NM,3,146,5,480000,3509.3731604166665,2813.5098322386198
LED450NM,3,147,5,480000,3491.6691979166667,2787.188526928686
LED450NM,3,148,5,480000,3502.914585416667,2822.448058334838
LED450NM,3,149,5,480000,3511.264175,2813.06345518308
LED450NM,3,150,5,480000,3487.51154375,2812.0720630776414
LED450NM,3,151,5,480000,3499.0756666666666,2842.513072823862
LED450NM,3,152,5,480000,3498.25015625,2801.902624029001
LED450NM,3,153,5,480000,3503.160497916667,2823.5448833877253
LED450NM,3,154,5,480000,3538.7326625,2874.4811849933303
LED450NM,3,155,5,480000,3533.466125,2824.3065032806403
LED450NM,3,156,5,480000,3523.2439979166666,2827.5425452841732
LED450NM,3,157,5,480000,3509.52415625,2819.8988108950484
LED450NM,3,158,5,480000,3508.8940291666668,2815.691399888788
LED450NM,3,159,5,480000,3503.89019375,2794.3747615013103
LED450NM,3,160,5,480000,3514.33620625,2813.320168305877
LED450NM,3,161,5,480000,3735.006858333333,3127.5365747672927
LED450NM,3,162,5,480000,3785.328410416667,3144.3840859510174
LED450NM,3,163,5,480000,3744.26878125,3127.9250189449963
LED450NM,3,164,5,480000,3739.87486875,3135.8247263822136
LED450NM,3,165,5,480000,3706.6571979166665,3113.3760859042527
LED450NM,3,166,5,480000,3738.5815395833333,3137.5151797702583
LED450NM,3,167,5,480000,3795.833847916667,3157.931200793578
LED450NM,3,168,5,480000,3753.0901375,3139.1092780662952
LED450NM,3,169,5,480000,3742.83629375,3136.180624374551
LED450NM,3,170,5,480000,3747.6339229166665,3137.245550810002
LED450NM,3,171,5,480000,3757.8948708333332,3131.6380025571852
LED450NM,3,172,5,480000,3743.5995416666665,3121.919839618557
LED450NM,3,173,5,480000,3746.74883125,3128.038550243935
LED450NM,3,174,5,480000,3753.33475625,3132.908383507036
LED450NM,3,175,5,480000,3738.268164583333,3123.050115858668
LED450NM,3,176,5,480000,3717.1785604166666,3117.1962917502638
LED450NM,3,177,5,480000,3679.6916104166667,3106.0382641306564
LED450NM,3,178,5,480000,3665.55324375,3112.433358027944
LED450NM,3,179,5,480000,3665.38681875,3120.4233518951405
LED450NM,3,180,5,480000,3663.1979895833333,3125.0650827559643
LED450NM,3,181,5,480000,3664.28178125,3129.7110870236747
LED450NM,3,182,5,480000,3667.971935416667,3132.4441130512546
LED450NM,3,183,5,480000,3673.7839770833334,3133.6773787966777
LED450NM,3,184,5,480000,3658.58329375,3122.579396060862
LED450NM,3,185,5,480000,3628.70425,3110.0236823935284
LED450NM,3,186,5,480000,3511.028825,2998.651507782004
LED450NM,3,187,5,480000,3531.015445833333,3009.671203527155
LED450NM,3,188,5,480000,3521.6910666666668,3012.1952577234865
LED450NM,3,189,5,480000,3510.8174083333333,3001.574559446861
LED450NM,3,190,5,480000,3517.0687666666668,3013.9724293627246
LED450NM,3,191,5,480000,3530.9255854166668,3014.7254019931706
LED450NM,3,192,5,480000,3544.74185,3024.056535475196
LED450NM,3,193,5,480000,3533.490910416667,3025.075783256079
LED450NM,3,194,5,480000,3515.1842833333335,3028.21759153213
LED450NM,4,0,5,480000,614.5560104166667,229.61368959696898
LED450NM,4,1,5,480000,619.60444375,239.95130482524246
LED450NM,4,2,5,480000,620.3974208333333,238.35427226437798
LED450NM,4,3,5,480000,632.38856875,249.0583934035213
LED450NM,4,4,5,480000,647.3070208333334,250.39686087930076
LED450NM,4,5,5,480000,666.0470916666667,254.21294551984352
LED450NM,4,6,5,480000,693.94254375,266.3640076193278
LED450NM,4,7,5,480000,736.1522708333333,291.58742612824256
LED450NM,4,8,5,480000,786.9105895833334,324.03581359348857
LED450NM,4,9,5,480000,864.5666,394.6959142727559
LED450NM,4,10,5,480000,927.7302291666666,432.29142426187934
LED450NM,4,11,5,480000,979.69591875,463.9512984894105
LED450NM,4,12,5,480000,1038.2204020833333,510.4095875658799
LED450NM,4,13,5,480000,1185.1618958333333,472.06900527773035
LED450NM,4,14,5,480000,1196.1997854166666,626.5894340464927
LED450NM,4,15,5,480000,1316.2206833333332,508.9366733188584
LED450NM,4,16,5,480000,1366.22890625,526.912854314176
LED450NM,4,17,5,480000,1355.3441020833334,745.9351449159903
LED450NM,4,18,5,480000,1364.5060208333334,743.0053135922042
LED450NM,4,19,5,480000,1411.1344166666668,783.3181171564289
LED450NM,4,20,5,480000,1424.415825,795.3270211405091
LED450NM,4,21,5,480000,1497.7619020833333,859.4982414121812
LED450NM,4,22,5,480000,1573.3159395833334,904.5651434373109
LED450NM,4,23,5,480000,1681.6226291666667,834.3384800544605
LED450NM,4,24,5,480000,1745.6337979166667,867.6270019919951
LED450NM,4,25,5,480000,1634.922425,942.7211579180166
LED450NM,4,26,5,480000,1677.6352645833333,977.8750801053233
LED450NM,4,27,5,480000,1877.1700729166666,963.9498704474313
LED450NM,4,28,5,480000,1738.5861208333333,1002.3807521283361
LED450NM,4,29,5,480000,1928.3536458333333,1128.363362037598
LED450NM,4,30,5,480000,1953.5740583333334,1178.8803687727873
LED450NM,4,31,5,480000,2089.326108333333,1021.2550972451438
LED450NM,4,32,5,480000,2146.6065458333333,960.9445517681993
LED450NM,4,33,5,480000,1960.8309125,1178.8474906189454
LED450NM,4,34,5,480000,2017.5947104166667,1233.2667648045997
LED450NM,4,35,5,480000,2032.6524375,1240.7370828884239
LED450NM,4,36,5,480000,2080.081625,1278.1946794437038
LED450NM,4,37,5,480000,2134.1118208333332,1319.0810277883238
LED450NM,4,38,5,480000,2181.403891666667,1358.16591282626
LED450NM,4,39,5,480000,2247.8501875,1419.4388317416904
LED450NM,4,40,5,480000,2271.32698125,1440.5944991673327
LED450NM,4,41,5,480000,2328.831222916667,1490.8353364080979
LED450NM,4,42,5,480000,2586.3339979166667,1633.1159660821627
LED450NM,4,43,5,480000,2400.8986229166667,1552.855356626604
LED450NM,4,44,5,480000,2454.6972854166665,1597.4825309905991
LED450NM,4,45,5,480000,2487.9867208333335,1626.3964422608233
LED450NM,4,46,5,480000,2513.9139104166666,1632.47471936112
LED450NM,4,47,5,480000,2535.5740645833334,1650.4358208622568
LED450NM,4,48,5,480000,2565.7940166666667,1652.995945408679
LED450NM,4,49,5,480000,2610.063114583333,1724.8164109411664
LED450NM,4,50,5,480000,2678.2974291666665,1807.3472430109339
LED450NM,4,51,5,480000,3006.8286770833333,1674.3000592898638
LED450NM,4,52,5,480000,3074.65423125,1595.3036322633761
LED450NM,4,53,5,480000,2967.212233333333,2022.7904891013006
LED450NM,4,54,5,480000,2756.0234625,1852.1984137582772
LED450NM,4,55,5,480000,2858.04993125,1968.88701772849
LED450NM,4,56,5,480000,2910.64580625,2039.2287731800807
LED450NM,4,57,5,480000,2832.40531875,1895.2551978850927
LED450NM,4,58,5,480000,2929.884141666667,2034.799467777725
LED450NM,4,59,5,480000,3130.11130625,2147.295837934036
LED450NM,4,60,5,480000,3345.1924208333335,1629.0538140267363
LED450NM,4,61,5,480000,3193.8464208333335,2217.4861829419456
LED450NM,4,62,5,480000,3382.179777083333,1741.6310288751222
LED450NM,4,63,5,480000,3408.35794375,1867.5703712888185
LED450NM,4,64,5,480000,3459.0947645833335,1658.8256422017125
LED450NM,4,65,5,480000,2992.496575,2064.560261839658
LED450NM,4,66,5,480000,3219.0663979166666,2302.20957803713
LED450NM,4,67,5,480000,3332.603004166667,2296.698047447351
LED450NM,4,68,5,480000,3475.977770833333,1961.8495022919992
LED450NM,4,69,5,480000,3463.0127958333333,1869.3641795459762
LED450NM,4,70,5,480000,3439.022179166667,1762.6938085166933
LED450NM,4,71,5,480000,3464.4308604166667,1685.9447668576565
LED450NM,4,72,5,480000,3488.8075645833333,1613.1800697392796
LED450NM,4,73,5,480000,3056.0224541666666,2165.573962468336
LED450NM,4,74,5,480000,3054.69093125,2137.761793015908
LED450NM,4,75,5,480000,3545.126208333333,1632.993321281696
LED450NM,4,76,5,480000,3538.1370708333334,2036.1346947349168
LED450NM,4,77,5,480000,3588.8574375,1907.476688051329
LED450NM,4,78,5,480000,3589.064697916667,1826.4727620720937
LED450NM,4,79,5,480000,3605.649770833333,1804.299336373965
LED450NM,4,80,5,480000,3650.98264375,1751.466304417295
LED450NM,4,81,5,480000,3629.3769729166665,1649.1137330124232
LED450NM,4,82,5,480000,3650.1633520833334,1625.7775083996519
LED450NM,4,83,5,480000,3656.185085416667,1639.620158663424
LED450NM,4,84,5,480000,3655.668491666667,1620.865984644389
LED450NM,4,85,5,480000,3204.05294375,2284.200845958649
LED450NM,4,86,5,480000,3209.6396583333335,2267.9204728799577
LED450NM,4,87,5,480000,3604.7378916666667,2303.1120920857766
LED450NM,4,88,5,480000,3715.111839583333,1832.3795169084535
LED450NM,4,89,5,480000,3715.7093875,1740.2300311544664
LED450NM,4,90,5,480000,3720.81186875,1843.5886100880034
LED450NM,4,91,5,480000,3744.9942604166667,2034.5038415807037
LED450NM,4,92,5,480000,3706.5373125,2019.602780323673
LED450NM,4,93,5,480000,3299.6913979166666,2399.603366520567
LED450NM,4,94,5,480000,3684.5363229166664,2081.3230220496716
LED450NM,4,95,5,480000,3626.910029166667,2238.8534548814077
LED450NM,4,96,5,480000,3223.2775875,2280.4524880746826
LED450NM,4,97,5,480000,3590.3787833333336,2396.4727706834797
LED450NM,4,98,5,480000,3731.709245833333,1937.7839904771413
LED450NM,4,99,5,480000,3760.3539645833334,1831.2163718137344
LED450NM,4,100,5,480000,3723.0474395833335,1705.5786565334367
LED450NM,4,101,5,480000,3734.8926166666665,1775.7788727502982
LED450NM,4,102,5,480000,3701.7800020833333,1655.938734337113
LED450NM,4,103,5,480000,3722.8252729166666,1651.9256771850733
LED450NM,4,104,5,480000,3745.90909375,1631.6380505085385
LED450NM,4,105,5,480000,3777.536675,1627.8150201192327
LED450NM,4,106,5,480000,3771.5315604166667,1650.1235464945062
LED450NM,4,107,5,480000,3782.7464083333334,1635.1735100299804
LED450NM,4,108,5,480000,3753.326754166667,1604.7899465008022
LED450NM,4,109,5,480000,3773.001189583333,1604.981318442887
LED450NM,4,110,5,480000,3808.6840333333334,1625.7066331593776
LED450NM,4,111,5,480000,3777.8386520833333,1604.6967804198293
LED450NM,4,112,5,480000,3772.22828125,1580.6771818308086
LED450NM,4,113,5,480000,3808.985958333333,1592.561560893696
LED450NM,4,114,5,480000,3823.7381854166665,1570.045266275851
LED450NM,4,115,5,480000,3300.568783333333,2418.4934804797426
LED450NM,4,116,5,480000,3299.489958333333,2418.040189331882
LED450NM,4,117,5,480000,3271.525741666667,2390.3096018821216
LED450NM,4,118,5,480000,3249.3687645833334,2380.29553059904
LED450NM,4,119,5,480000,3264.221433333333,2407.2605962865646
LED450NM,4,120,5,480000,3241.05669375,2377.097438493439
LED450NM,4,121,5,480000,3246.4266229166665,2401.4105230449045
LED450NM,4,122,5,480000,3212.3125625,2355.71284947901
LED450NM,4,123,5,480000,3236.5505375,2412.7592238244843
LED450NM,4,124,5,480000,3188.842616666667,2352.427374489413
LED450NM,4,125,5,480000,3183.5302729166665,2369.493481922044
LED450NM,4,126,5,480000,3160.513375,2338.270621470836
LED450NM,4,127,5,480000,3170.1856625,2388.3866680452106
LED450NM,4,128,5,480000,3156.6573770833334,2340.141710100755
LED450NM,4,129,5,480000,3143.6931395833335,2359.208437539931
LED450NM,4,130,5,480000,3147.02965625,2354.0839296638846
LED450NM,4,131,5,480000,3154.4925166666667,2381.7401745953525
LED450NM,4,132,5,480000,3148.4613604166666,2373.873648041386
LED450NM,4,133,5,480000,3148.4380604166668,2355.9309071267676
LED450NM,4,134,5,480000,3182.52979375,2374.774016448688
LED450NM,4,135,5,480000,3197.20813125,2397.5592652494465
LED450NM,4,136,5,480000,3185.201025,2412.2671308450927
LED450NM,4,137,5,480000,3153.8114520833333,2388.127743599073
LED450NM,4,138,5,480000,3171.421370833333,2398.275652844307
LED450NM,4,139,5,480000,3175.82830625,2434.862901059662
LED450NM,4,140,5,480000,3179.8175833333335,2414.672165506978
LED450NM,4,141,5,480000,3181.4022041666667,2420.452129339367
LED450NM,4,142,5,480000,3189.4484666666667,2410.7245948907107
LED450NM,4,143,5,480000,3155.227675,2399.8900250240486
LED450NM,4,144,5,480000,3174.17451875,2424.7389071797243
LED450NM,4,145,5,480000,3145.6027458333333,2422.4709150966346
LED450NM,4,146,5,480000,3132.58401875,2401.5376067079433
LED450NM,4,147,5,480000,3140.370358333333,2419.6277534005867
LED450NM,4,148,5,480000,3143.0735916666667,2425.599747618466
LED450NM,4,149,5,480000,3136.070025,2419.621492156332
LED450NM,4,150,5,480000,3108.60105,2397.37280751706
LED450NM,4,151,5,480000,3103.1610333333333,2415.9693039383656
LED450NM,4,152,5,480000,3102.2702979166666,2433.0894224566196
LED450NM,4,153,5,480000,3115.953554166667,2444.2713540186405
LED450NM,4,154,5,480000,3131.3453916666667,2466.600661554196
LED450NM,4,155,5,480000,3128.937789583333,2487.7573325702306
LED450NM,4,156,5,480000,3106.8116833333333,2456.0239985771377
LED450NM,4,157,5,480000,3107.4072541666665,2494.7384903704256
LED450NM,4,158,5,480000,3093.5154770833333,2491.508554696758
LED450NM,4,159,5,480000,3072.6099020833335,2474.0927144975517
LED450NM,4,160,5,480000,3063.1792479166666,2450.4447552471165
LED450NM,4,161,5,480000,3221.8628083333333,2678.907604823767
LED450NM,4,162,5,480000,3205.7988375,2677.3189390757407
LED450NM,4,163,5,480000,3185.6129375,2657.717273961207
LED450NM,4,164,5,480000,3213.1972479166666,2665.0555899040223
LED450NM,4,165,5,480000,3192.0275166666665,2659.5806812026153
LED450NM,4,166,5,480000,3207.79975625,2676.3692343617045
LED450NM,4,167,5,480000,3178.17996875,2661.566388586803
LED450NM,4,168,5,480000,3139.739864583333,2634.0343066969817
LED450NM,4,169,5,480000,3144.1200416666666,2635.833555936021
LED450NM,4,170,5,480000,3126.7305104166667,2625.272154421635
LED450NM,4,171,5,480000,3097.0297875,2619.4491882455372
LED450NM,4,172,5,480000,3115.750089583333,2624.5795611347035
LED450NM,4,173,5,480000,3088.4074041666668,2614.1837444882954
LED450NM,4,174,5,480000,3086.4912395833335,2615.3176079824902
LED450NM,4,175,5,480000,3072.245516666667,2614.531037710345
LED450NM,4,176,5,480000,3060.7688625,2622.618158516337
LED450NM,4,177,5,480000,3067.7623625,2637.9923615340044
LED450NM,4,178,5,480000,3076.74724375,2648.198503114056
LED450NM,4,179,5,480000,3083.7898416666667,2644.204751969416
LED450NM,4,180,5,480000,3063.5157604166666,2634.493834114049
LED450NM,4,181,5,480000,3076.317433333333,2641.9684282869935
LED450NM,4,182,5,480000,3073.5509583333333,2637.2588982705915
LED450NM,4,183,5,480000,3075.12174375,2643.7160368790323
LED450NM,4,184,5,480000,3072.532095833333,2635.363855057752
LED450NM,4,185,5,480000,3084.1943291666666,2637.75323701953
LED450NM,4,186,5,480000,3073.243122916667,2642.488138438688
LED450NM,4,187,5,480000,3067.694683333333,2645.567464454787
LED450NM,4,188,5,480000,3060.16123125,2647.104475798018
LED450NM,4,189,5,480000,3073.10191875,2662.806991516437
LED450NM,4,190,5,480000,3060.1108729166667,2652.1093831987673
LED450NM,4,191,5,480000,3052.902252083333,2655.5897230177384
LED450NM,4,192,5,480000,2998.29910625,2651.0528802675803
LED450NM,4,193,5,480000,3021.26373125,2671.5084051964745
LED450NM,4,194,5,480000,3016.02288125,2676.1256620944014
LED450NM,5,0,5,480000,622.3690666666666,233.86298571092624
LED450NM,5,1,5,480000,629.66434375,245.66705581327986
LED450NM,5,2,5,480000,630.99523125,247.07009336962597
LED450NM,5,3,5,480000,638.9304645833333,250.92892163467823
LED450NM,5,4,5,480000,654.13983125,257.93790885464057
LED450NM,5,5,5,480000,671.643075,261.1574626788936
LED450NM,5,6,5,480000,693.812075,269.6012060989856
LED450NM,5,7,5,480000,728.80410625,289.0110904709749
LED450NM,5,8,5,480000,777.521725,314.4964699902969
LED450NM,5,9,5,480000,857.6361708333334,379.2409699749015
LED450NM,5,10,5,480000,906.4864020833334,414.2788072845347
LED450NM,5,11,5,480000,963.8134979166666,452.6754190392821
LED450NM,5,12,5,480000,1015.326275,497.2747391227755
LED450NM,5,13,5,480000,1154.91386875,453.3432056723961
LED450NM,5,14,5,480000,1211.6017583333332,381.24600721328864
LED450NM,5,15,5,480000,1258.31369375,518.0794042205125
LED450NM,5,16,5,480000,1281.4933833333334,648.3196409966715
LED450NM,5,17,5,480000,1259.4096541666668,668.6024753388946
LED450NM,5,18,5,480000,1308.9511208333333,708.5722550094383
LED450NM,5,19,5,480000,1355.9089229166666,740.5037100168471
LED450NM,5,20,5,480000,1370.9005166666666,754.0765512304215
LED450NM,5,21,5,480000,1437.1288208333333,796.3165188888102
LED450NM,5,22,5,480000,1530.7540791666668,789.8691379470887
LED450NM,5,23,5,480000,1600.675475,701.5529340061883
LED450NM,5,24,5,480000,1644.5063208333333,629.8565054651049
LED450NM,5,25,5,480000,1496.0037291666667,824.3843566733663
LED450NM,5,26,5,480000,1642.8118916666667,894.0771744878934
LED450NM,5,27,5,480000,1718.9789458333332,842.7154023023166
LED450NM,5,28,5,480000,1606.4556583333333,893.0922077001063
LED450NM,5,29,5,480000,1781.2731958333334,974.5109384420491
LED450NM,5,30,5,480000,1805.75235,1021.0506583757133
LED450NM,5,31,5,480000,1908.1005708333332,928.4272730863239
LED450NM,5,32,5,480000,1961.67974375,823.0472399795881
LED450NM,5,33,5,480000,1757.5090583333333,1009.9526133609503
LED450NM,5,34,5,480000,1810.3059708333333,1065.0747479591198
LED450NM,5,35,5,480000,1844.74345,1084.9314217261679
LED450NM,5,36,5,480000,1865.870075,1114.4118727881362
LED450NM,5,37,5,480000,1894.5808416666666,1132.3852027385785
LED450NM,5,38,5,480000,1938.0105083333333,1161.1103565472326
LED450NM,5,39,5,480000,1932.4219,1165.3576971937514
LED450NM,5,40,5,480000,1971.04360625,1181.7130331608623
LED450NM,5,41,5,480000,2017.1442854166667,1205.9335735180312
LED450NM,5,42,5,480000,2176.6103583333334,1332.6852411704492
LED450NM,5,43,5,480000,2055.6585770833335,1254.231321292704
LED450NM,5,44,5,480000,2084.678804166667,1275.239950167838
LED450NM,5,45,5,480000,2094.8052666666667,1279.2881044858227
LED450NM,5,46,5,480000,2109.7774666666664,1294.0684928903167
LED450NM,5,47,5,480000,2131.1805770833334,1309.4921600576056
LED450NM,5,48,5,480000,2176.8018479166667,1356.6811052022636
LED450NM,5,49,5,480000,2169.08001875,1350.2563733136321
LED450NM,5,50,5,480000,2202.611225,1362.0552083982618
LED450NM,5,51,5,480000,2515.4929208333333,1400.077897298594
LED450NM,5,52,5,480000,2582.5863229166666,1322.462335726436
LED450NM,5,53,5,480000,2451.6985875,1611.6702141736912
LED450NM,5,54,5,480000,2334.2634625,1485.0232591163945
LED450NM,5,55,5,480000,2355.79065625,1485.151690430906
LED450NM,5,56,5,480000,2430.6764354166667,1583.5508426080644
LED450NM,5,57,5,480000,2386.8286916666666,1492.5195875024406
LED450NM,5,58,5,480000,2524.55114375,1679.5161267624526
LED450NM,5,59,5,480000,2707.33000625,1643.7578039605748
LED450NM,5,60,5,480000,2805.740839583333,1349.5408460212045
LED450NM,5,61,5,480000,2776.6524875,1573.706985188442
LED450NM,5,62,5,480000,2862.2378541666667,1455.7222817658462
LED450NM,5,63,5,480000,2832.37005625,1646.011744388424
LED450NM,5,64,5,480000,2900.3204604166667,1386.4484929453881
LED450NM,5,65,5,480000,2579.7339520833334,1670.4975851972238
LED450NM,5,66,5,480000,2703.2373916666666,1840.1751718199812
LED450NM,5,67,5,480000,2774.62724375,1876.3563197382123
LED450NM,5,68,5,480000,2913.7108958333333,1685.2428278076468
LED450NM,5,69,5,480000,2943.71488125,1632.6394284744508
LED450NM,5,70,5,480000,3003.4215020833335,1567.3372035399968
LED450NM,5,71,5,480000,3031.63999375,1531.683327655693
LED450NM,5,72,5,480000,3028.1898979166667,1460.6787803446718
LED450NM,5,73,5,480000,2614.9228020833334,1725.1274793405553
LED450NM,5,74,5,480000,2619.2010833333334,1732.6860323422204
LED450NM,5,75,5,480000,3058.6285958333333,1532.9136468084055
LED450NM,5,76,5,480000,3004.59074375,1819.986296215278
LED450NM,5,77,5,480000,3074.1029875,1713.5110100164927
LED450NM,5,78,5,480000,3080.2319395833333,1648.1352691798227
LED450NM,5,79,5,480000,3077.13518125,1619.1467581411346
LED450NM,5,80,5,480000,3078.85905625,1530.9686883185896
LED450NM,5,81,5,480000,3082.2786666666666,1512.6759136540302
LED450NM,5,82,5,480000,3098.15516875,1505.8753110759455
LED450NM,5,83,5,480000,3112.53186875,1576.0623236635925
LED450NM,5,84,5,480000,3100.1231958333333,1520.6451317758592
LED450NM,5,85,5,480000,2667.90988125,1892.1428360683717
LED450NM,5,86,5,480000,2664.653385416667,1870.920140031926
LED450NM,5,87,5,480000,3064.70585625,1981.4733404323251
LED450NM,5,88,5,480000,3143.3685291666666,1681.7995468962467
LED450NM,5,89,5,480000,3142.8357604166667,1598.3532100279367
LED450NM,5,90,5,480000,3126.35271875,1720.3801623235972
LED450NM,5,91,5,480000,3108.0131270833335,1907.6402653236091
LED450NM,5,92,5,480000,3139.0041854166666,1800.4169907381822
LED450NM,5,93,5,480000,2762.6788270833335,2067.6598559523054
LED450NM,5,94,5,480000,3125.5314229166665,1954.736423017419
LED450NM,5,95,5,480000,2979.5193020833335,2223.372692529474
LED450NM,5,96,5,480000,2704.220570833333,2001.1637456840392
LED450NM,5,97,5,480000,2713.873652083333,2028.5210616863098
LED450NM,5,98,5,480000,3151.0230645833335,1878.5370274584977
LED450NM,5,99,5,480000,3195.4510979166666,1766.4334130896132
LED450NM,5,100,5,480000,3191.7134458333335,1772.6350256125418
LED450NM,5,101,5,480000,3191.09305625,1746.9216590050485
LED450NM,5,102,5,480000,3181.8941458333334,1661.1048361930868
LED450NM,5,103,5,480000,3144.1818729166666,1643.057033291701
LED450NM,5,104,5,480000,3174.7193729166665,1635.7921118428194
LED450NM,5,105,5,480000,3186.0361729166666,1590.605313437394
LED450NM,5,106,5,480000,3164.36295,1571.633863761361
LED450NM,5,107,5,480000,3140.4632208333333,1556.0106386932125
LED450NM,5,108,5,480000,3154.2214791666665,1557.8352195210866
LED450NM,5,109,5,480000,3186.4734520833335,1577.2300667452444
LED450NM,5,110,5,480000,3186.3025416666665,1576.0848206730627
LED450NM,5,111,5,480000,3165.2884979166665,1543.5495815247407
LED450NM,5,112,5,480000,3138.183379166667,1533.693504008786
LED450NM,5,113,5,480000,3132.3235458333334,1536.4499356529955
LED450NM,5,114,5,480000,3153.6949270833334,1551.9654327548446
LED450NM,5,115,5,480000,2693.849491666667,2052.7978453993974
LED450NM,5,116,5,480000,2702.7281604166665,2047.860151909872
LED450NM,5,117,5,480000,2731.523383333333,2083.4055515187274
LED450NM,5,118,5,480000,2716.7732479166666,2065.2352105788686
LED450NM,5,119,5,480000,2744.953647916667,2107.200716373953
LED450NM,5,120,5,480000,2730.147339583333,2094.2401400332446
LED450NM,5,121,5,480000,2737.5373208333335,2120.4890111537534
LED450NM,5,122,5,480000,2709.4835916666666,2095.7367212384843
LED450NM,5,123,5,480000,2677.0803833333334,2092.360301342566
LED450NM,5,124,5,480000,2686.00546875,2117.169765233296
LED450NM,5,125,5,480000,2697.2515979166665,2154.7961569022186
LED450NM,5,126,5,480000,2704.847960416667,2136.8786385916683
LED450NM,5,127,5,480000,2717.1953020833334,2142.869281847164
LED450NM,5,128,5,480000,2700.2051104166667,2119.106232882187
LED450NM,5,129,5,480000,2705.0922270833335,2153.4774020920786
LED450NM,5,130,5,480000,2675.219814583333,2115.254797562884
LED450NM,5,131,5,480000,2694.3680770833334,2113.036558234108
LED450NM,5,132,5,480000,2699.7996333333335,2108.7370090804825
LED450NM,5,133,5,480000,2710.184564583333,2147.2254083323432
LED450NM,5,134,5,480000,2691.8032604166665,2107.8140717942733
LED450NM,5,135,5,480000,2655.730577083333,2105.028352317186
LED450NM,5,136,5,480000,2648.9815520833336,2083.9141334285882
LED450NM,5,137,5,480000,2646.50265625,2082.5693249948754
LED450NM,5,138,5,480000,2669.259845833333,2107.1806336758304
LED450NM,5,139,5,480000,2659.2791395833333,2112.3813573429024
LED450NM,5,140,5,480000,2651.6787729166667,2109.7320490730754
LED450NM,5,141,5,480000,2635.563866666667,2095.9735584588248
LED450NM,5,142,5,480000,2630.9974375,2105.9011758591855
LED450NM,5,143,5,480000,2645.58501875,2112.176499422688
LED450NM,5,144,5,480000,2631.57155,2109.9021819815716
LED450NM,5,145,5,480000,2622.2428666666665,2086.0160752134957
LED450NM,5,146,5,480000,2656.8646541666667,2137.6670719526633
LED450NM,5,147,5,480000,2603.2559145833334,2080.312147468654
LED450NM,5,148,5,480000,2619.895339583333,2116.764314747853
LED450NM,5,149,5,480000,2614.2439291666665,2097.687059167444
LED450NM,5,150,5,480000,2629.3478770833335,2096.8453421052823
LED450NM,5,151,5,480000,2607.1535083333333,2080.094518777378
LED450NM,5,152,5,480000,2610.0542104166666,2089.168738635652
LED450NM,5,153,5,480000,2590.4813875,2067.3072013117066
LED450NM,5,154,5,480000,2557.96430625,2059.7837613193055
LED450NM,5,155,5,480000,2556.4087958333334,2069.876639329053
LED450NM,5,156,5,480000,2544.94511875,2083.2388386972816
LED450NM,5,157,5,480000,2516.2559666666666,2038.9068537673315
LED450NM,5,158,5,480000,2521.36580625,2068.8164495179853
LED450NM,5,159,5,480000,2529.5253,2100.3964280626274
LED450NM,5,160,5,480000,2539.3162916666665,2091.2102484369943
LED450NM,5,161,5,480000,2639.8332416666667,2334.3041258504622
LED450NM,5,162,5,480000,2642.40639375,2338.197307654169
LED450NM,5,163,5,480000,2659.8956270833332,2352.0496754940596
LED450NM,5,164,5,480000,2631.10775625,2343.3275725999856
LED450NM,5,165,5,480000,2641.6393416666665,2355.7550706940156
LED450NM,5,166,5,480000,2618.3399416666666,2345.0553774729206
LED450NM,5,167,5,480000,2624.77336875,2349.1009339245857
LED450NM,5,168,5,480000,2641.8181270833334,2376.175137415203
LED450NM,5,169,5,480000,2632.8799291666664,2370.6704612425565
LED450NM,5,170,5,480000,2633.9069416666666,2380.2871861514554
LED450NM,5,171,5,480000,2649.78195,2383.859852906632
LED450NM,5,172,5,480000,2622.5230479166667,2362.251918125928
LED450NM,5,173,5,480000,2612.3099395833333,2363.7225040525673
LED450NM,5,174,5,480000,2611.4609958333335,2367.3183826482887
LED450NM,5,175,5,480000,2612.7520791666666,2364.237566627332
LED450NM,5,176,5,480000,2627.557125,2376.9844375146286
LED450NM,5,177,5,480000,2630.676447916667,2381.866040035515
LED450NM,5,178,5,480000,2631.6094625,2391.8773118665863
LED450NM,5,179,5,480000,2601.0685395833334,2383.4986824056373
LED450NM,5,180,5,480000,2609.3869375,2394.3414529060747
LED450NM,5,181,5,480000,2566.6837770833336,2349.821747877233
LED450NM,5,182,5,480000,2571.131247916667,2350.576633196679
LED450NM,5,183,5,480000,2577.0642541666666,2357.7973333045547
LED450NM,5,184,5,480000,2575.409958333333,2374.006626162474
LED450NM,5,185,5,480000,2568.0678958333333,2367.1415354112905
LED450NM,5,186,5,480000,2570.141360416667,2368.8350294471716
LED450NM,5,187,5,480000,2569.986075,2381.6966292894217
LED450NM,5,188,5,480000,2575.70531875,2372.4445951263456
LED450NM,5,189,5,480000,2581.682116666667,2379.5014314277796
LED450NM,5,190,5,480000,2592.3265625,2391.317029204883
LED450NM,5,191,5,480000,2589.92566875,2389.973452515972
LED450NM,5,192,5,480000,2568.9419416666665,2384.6054579269635
LED450NM,5,193,5,480000,2538.9594354166666,2345.0541830046127
LED450NM,5,194,5,480000,2563.1087770833333,2365.348271193123
LED450NM,6,0,5,480000,586.7715708333334,240.10661260354564
LED450NM,6,1,5,480000,588.8609020833334,241.57235781890742
LED450NM,6,2,5,480000,590.23525625,241.51435017388408
LED450NM,6,3,5,480000,595.1514645833333,238.8674985786681
LED450NM,6,4,5,480000,606.6755958333333,245.38684871090786
LED450NM,6,5,5,480000,620.4357333333334,249.91239704937055
LED450NM,6,6,5,480000,644.584475,254.4625544763729
LED450NM,6,7,5,480000,675.81175,277.82807817114315
LED450NM,6,8,5,480000,718.0963791666667,307.2884614905397
LED450NM,6,9,5,480000,787.1001166666666,377.22169195976306
LED450NM,6,10,5,480000,838.092825,415.5278123716302
LED450NM,6,11,5,480000,887.6664791666667,457.4399557698115
LED450NM,6,12,5,480000,916.513775,485.5295606322538
LED450NM,6,13,5,480000,1039.5299895833334,439.86132342643884
LED450NM,6,14,5,480000,1099.0790270833334,432.4785585467062
LED450NM,6,15,5,480000,1139.2422916666667,370.7920650599402
LED450NM,6,16,5,480000,1129.8458,642.7995416936191
LED450NM,6,17,5,480000,1110.2644416666667,639.0463099284002
LED450NM,6,18,5,480000,1148.07481875,673.3599456705193
LED450NM,6,19,5,480000,1198.1283208333334,723.514431499421
LED450NM,6,20,5,480000,1208.3552666666667,716.2937250194659
LED450NM,6,21,5,480000,1272.00309375,779.4548297694007
LED450NM,6,22,5,480000,1336.3848270833332,765.8509210878007
LED450NM,6,23,5,480000,1390.9157520833332,754.23413506696
LED450NM,6,24,5,480000,1471.7612375,632.8355887794253
LED450NM,6,25,5,480000,1358.0659333333333,842.4151148005727
LED450NM,6,26,5,480000,1396.0264833333333,892.0206875209228
LED450NM,6,27,5,480000,1522.5446791666666,885.0438831843908
LED450NM,6,28,5,480000,1425.4456125,891.1914870836307
LED450NM,6,29,5,480000,1573.4822145833334,954.4280701225449
LED450NM,6,30,5,480000,1508.924375,1004.1050137817721
LED450NM,6,31,5,480000,1517.77864375,991.9287405601912
LED450NM,6,32,5,480000,1742.3232895833332,821.7134782058131
LED450NM,6,33,5,480000,1566.9589541666667,1034.3854002491398
LED450NM,6,34,5,480000,1679.49583125,1140.3013259274007
LED450NM,6,35,5,480000,1612.9431458333333,1071.9169591577995
LED450NM,6,36,5,480000,1639.2663125,1116.5577191279988
LED450NM,6,37,5,480000,1662.2522166666668,1138.538353330014
LED450NM,6,38,5,480000,1692.0229416666666,1160.3773710049445
LED450NM,6,39,5,480000,1711.6658645833334,1185.7748544927379
LED450NM,6,40,5,480000,1744.7386645833333,1205.8826084041998
LED450NM,6,41,5,480000,1765.5453854166667,1229.5593406017447
LED450NM,6,42,5,480000,1894.5412895833333,1348.764694178283
LED450NM,6,43,5,480000,1812.5170729166666,1278.8062317206943
LED450NM,6,44,5,480000,1842.9416520833333,1303.9284293696635
LED450NM,6,45,5,480000,1845.1801875,1323.349222638327
LED450NM,6,46,5,480000,1871.4335166666667,1338.1264333281938
LED450NM,6,47,5,480000,1900.2245083333332,1371.4400668504165
LED450NM,6,48,5,480000,1912.6569375,1384.1472667433625
LED450NM,6,49,5,480000,1941.35425625,1415.6301694697404
LED450NM,6,50,5,480000,1956.2291416666667,1436.4844776406148
LED450NM,6,51,5,480000,2116.49434375,1543.0268742897858
LED450NM,6,52,5,480000,2266.20264375,1316.6196723095832
LED450NM,6,53,5,480000,2149.17700625,1639.2904406010152
LED450NM,6,54,5,480000,2080.3016354166666,1541.0372969155633
LED450NM,6,55,5,480000,2134.6789541666667,1609.3316887325434
LED450NM,6,56,5,480000,2167.8665083333335,1657.3508199875212
LED450NM,6,57,5,480000,2173.6475833333334,1618.7952028689917
LED450NM,6,58,5,480000,2211.1204541666666,1684.5900552530459
LED450NM,6,59,5,480000,2501.7067729166665,1657.3295596629118
LED450NM,6,60,5,480000,2559.5806291666668,1495.6083543783905
LED450NM,6,61,5,480000,2571.513575,1518.3144299789772
LED450NM,6,62,5,480000,2638.0676,1492.7311568358762
LED450NM,6,63,5,480000,2610.7603354166667,1700.3944687423675
LED450NM,6,64,5,480000,2683.8884416666665,1531.4267643267847
LED450NM,6,65,5,480000,2332.7217375,1804.8044588655066
LED450NM,6,66,5,480000,2519.4870604166667,1989.148930718462
LED450NM,6,67,5,480000,2526.3528166666665,1943.6086396324065
LED450NM,6,68,5,480000,2645.2042854166666,1717.1876187930714
LED450NM,6,69,5,480000,2680.35651875,1656.504159621188
LED450NM,6,70,5,480000,2629.0443666666665,1891.6070235710338
LED450NM,6,71,5,480000,2770.8873583333334,1572.0140206910862
LED450NM,6,72,5,480000,2788.4758354166665,1478.9866828238312
LED450NM,6,73,5,480000,2386.469777083333,1898.3753007712257
LED450NM,6,74,5,480000,2375.5842479166668,1854.534360717389
LED450NM,6,75,5,480000,2823.386425,1481.5076233128375
LED450NM,6,76,5,480000,2789.8189916666665,1738.8798689321954
LED450NM,6,77,5,480000,2806.6545541666665,1716.5254676976617
LED450NM,6,78,5,480000,2806.2862791666666,1674.749278080674
LED450NM,6,79,5,480000,2830.11011875,1645.3027439783266
LED450NM,6,80,5,480000,2842.60914375,1573.648859368509
LED450NM,6,81,5,480000,2867.1135479166664,1502.4822941055313
LED450NM,6,82,5,480000,2879.2749875,1517.6456142144564
LED450NM,6,83,5,480000,2906.5353395833336,1576.2077358479582
LED450NM,6,84,5,480000,2521.42175625,2064.2889348824006
LED450NM,6,85,5,480000,2531.4928229166667,2067.4375203131262
LED450NM,6,86,5,480000,2556.7285020833333,2069.549766975126
LED450NM,6,87,5,480000,2865.4013875,1990.592056184895
LED450NM,6,88,5,480000,2951.0106895833333,1672.5201397617457
LED450NM,6,89,5,480000,2971.2528833333336,1652.5441304382323
LED450NM,6,90,5,480000,2967.7312375,1814.9365266667644
LED450NM,6,91,5,480000,2957.04754375,1925.5292381641493
LED450NM,6,92,5,480000,2973.922575,1817.537771867122
LED450NM,6,93,5,480000,2640.1058208333334,2255.5676805504236
LED450NM,6,94,5,480000,2957.26533125,1968.3958106140842
LED450NM,6,95,5,480000,2565.229910416667,2141.2555890600224
LED450NM,6,96,5,480000,2554.63916875,2109.894271622094
LED450NM,6,97,5,480000,2625.259647916667,2268.8008080641503
LED450NM,6,98,5,480000,2922.586475,1864.0425645391633
LED450NM,6,99,5,480000,2981.8754270833333,1752.8725470353907
LED450NM,6,100,5,480000,3010.9000416666668,1720.4433891006115
LED450NM,6,101,5,480000,3013.468029166667,1770.7150115733473
LED450NM,6,102,5,480000,3036.1464541666664,1659.7909664451256
LED450NM,6,103,5,480000,3017.778385416667,1649.859593411631
LED450NM,6,104,5,480000,3017.2388083333335,1620.2944431554963
LED450NM,6,105,5,480000,3009.92893125,1573.0820033593234
LED450NM,6,106,5,480000,2991.4889875,1563.4092611886344
LED450NM,6,107,5,480000,3011.3473770833334,1555.2056935545788
LED450NM,6,108,5,480000,3005.5052958333335,1590.7720865461695
LED450NM,6,109,5,480000,3005.8164354166665,1516.541657705494
LED450NM,6,110,5,480000,2955.3259125,1538.546825554136
LED450NM,6,111,5,480000,2957.55764375,1549.6315602971129
LED450NM,6,112,5,480000,2907.478833333333,1495.0306010210868
LED450NM,6,113,5,480000,2919.708875,1485.8302111839923
LED450NM,6,114,5,480000,2960.1920770833335,1501.7951697607805
LED450NM,6,115,5,480000,2503.7345875,2145.011798037182
LED450NM,6,116,5,480000,2456.6640916666665,2110.9147311313304
LED450NM,6,117,5,480000,2466.8643708333334,2115.8718483908856
LED450NM,6,118,5,480000,2455.3841666666667,2087.984871240324
LED450NM,6,119,5,480000,2479.6244520833334,2105.992181111636
LED450NM,6,120,5,480000,2505.132004166667,2125.279688983092
LED450NM,6,121,5,480000,2470.0639520833333,2103.8705119968085
LED450NM,6,122,5,480000,2463.92385625,2113.7186183329954
LED450NM,6,123,5,480000,2471.05854375,2108.4337600642993
LED450NM,6,124,5,480000,2483.0112229166666,2119.260357492356
LED450NM,6,125,5,480000,2474.3426270833334,2116.0702821219334
LED450NM,6,126,5,480000,2484.8357333333333,2135.4417003865487
LED450NM,6,127,5,480000,2471.667377083333,2149.700749983761
LED450NM,6,128,5,480000,2482.2635604166667,2146.627218692071
LED450NM,6,129,5,480000,2469.4591333333333,2144.721886336295
LED450NM,6,130,5,480000,2447.0641645833334,2113.692104480528
LED450NM,6,131,5,480000,2455.0059354166665,2129.777047508969
LED450NM,6,132,5,480000,2464.32516875,2128.238554092492
LED450NM,6,133,5,480000,2482.2234541666667,2131.028918484739
LED450NM,6,134,5,480000,2487.2624416666667,2133.9074459543394
LED450NM,6,135,5,480000,2477.4595729166667,2135.7448687848114
LED450NM,6,136,5,480000,2471.11400625,2121.372770352292
LED450NM,6,137,5,480000,2479.0936375,2122.347875715207
LED450NM,6,138,5,480000,2472.24956875,2133.9243606032187
LED450NM,6,139,5,480000,2472.8289375,2149.4750619356937
LED450NM,6,140,5,480000,2485.01059375,2133.723022095188
LED450NM,6,141,5,480000,2479.086872916667,2124.9298220943706
LED450NM,6,142,5,480000,2479.9684583333333,2122.5821898527565
LED450NM,6,143,5,480000,2479.302329166667,2128.909331735676
LED450NM,6,144,5,480000,2470.02495625,2090.3887609954127
LED450NM,6,145,5,480000,2490.4204395833335,2106.302803504118
LED450NM,6,146,5,480000,2490.2311104166665,2116.9699443324002
LED450NM,6,147,5,480000,2507.11840625,2140.173466932344
LED450NM,6,148,5,480000,2505.7792916666667,2145.4690316844467
LED450NM,6,149,5,480000,2507.9810333333335,2139.391168120485
LED450NM,6,150,5,480000,2530.834497916667,2158.493672294673
LED450NM,6,151,5,480000,2512.990222916667,2147.740450100561
LED450NM,6,152,5,480000,2509.373675,2152.2594703300365
LED450NM,6,153,5,480000,2503.176645833333,2155.307848011605
LED450NM,6,154,5,480000,2504.07385,2155.801165574416
LED450NM,6,155,5,480000,2546.8703708333333,2238.0045422337234
LED450NM,6,156,5,480000,2521.356241666667,2191.411335779648
LED450NM,6,157,5,480000,2526.4535791666667,2188.3212912325675
LED450NM,6,158,5,480000,2508.82496875,2184.749364127072
LED450NM,6,159,5,480000,2500.5016604166667,2174.5831471651627
LED450NM,6,160,5,480000,2509.386358333333,2185.9574458199254
LED450NM,6,161,5,480000,2574.3755083333335,2375.98039016655
LED450NM,6,162,5,480000,2593.60778125,2395.1182912906133
LED450NM,6,163,5,480000,2588.4077541666666,2390.7480979703905
LED450NM,6,164,5,480000,2612.38695,2400.824369377915
LED450NM,6,165,5,480000,2620.9569916666665,2400.130623542592
LED450NM,6,166,5,480000,2622.2206645833335,2386.8341506020183
LED450NM,6,167,5,480000,2586.1287625,2362.726790522669
LED450NM,6,168,5,480000,2574.8816916666665,2358.6116637359937
LED450NM,6,169,5,480000,2571.7291833333334,2361.6795227461184
LED450NM,6,170,5,480000,2559.47029375,2355.331891542578
LED450NM,6,171,5,480000,2554.6243479166665,2353.6054151556705
LED450NM,6,172,5,480000,2537.4684166666666,2344.48779342596
LED450NM,6,173,5,480000,2561.8625291666667,2359.4604918563346
LED450NM,6,174,5,480000,2548.353527083333,2345.630197409611
LED450NM,6,175,5,480000,2543.8266458333333,2344.359865290701
LED450NM,6,176,5,480000,2542.10546875,2348.40540960583
LED450NM,6,177,5,480000,2557.566533333333,2354.957397196564
LED450NM,6,178,5,480000,2529.8248979166665,2350.2715682093017
LED450NM,6,179,5,480000,2540.3309395833335,2362.8988951633983
LED450NM,6,180,5,480000,2517.7844791666666,2330.510565091
LED450NM,6,181,5,480000,2512.8741625,2329.7483027997373
LED450NM,6,182,5,480000,2517.2559125,2323.1892969419123
LED450NM,6,183,5,480000,2517.4757083333334,2325.781725746904
LED450NM,6,184,5,480000,2537.01691875,2338.1907877065632
LED450NM,6,185,5,480000,2540.5404229166666,2344.1185877939256
LED450NM,6,186,5,480000,2522.771152083333,2343.95335898329
LED450NM,6,187,5,480000,2535.2360041666666,2363.71733777935
LED450NM,6,188,5,480000,2541.0962875,2363.246295960365
LED450NM,6,189,5,480000,2545.39714375,2366.269217768361
LED450NM,6,190,5,480000,2551.4971770833336,2372.249108937451
LED450NM,6,191,5,480000,2557.66413125,2384.932401363492
LED450NM,6,192,5,480000,2533.4338125,2381.9232582582745
LED450NM,6,193,5,480000,2545.1722125,2389.1987947621383
LED450NM,6,194,5,480000,2554.8658229166667,2391.439469438911
LED450NM,7,0,5,480000,616.7175416666666,236.63700708354258
LED450NM,7,1,5,480000,625.31761875,248.0503746713148
LED450NM,7,2,5,480000,624.8627145833333,247.63107781664044
LED450NM,7,3,5,480000,634.9498291666666,253.33812050213476
LED450NM,7,4,5,480000,643.9027041666667,255.99493273016327
LED450NM,7,5,5,480000,661.6949875,263.7482395136345
LED450NM,7,6,5,480000,686.75321875,276.1376696524724
LED450NM,7,7,5,480000,723.5836041666666,297.0103816190774
LED450NM,7,8,5,480000,764.8474291666666,319.5526880220863
LED450NM,7,9,5,480000,844.4368770833333,380.4185689458793
LED450NM,7,10,5,480000,898.50280625,424.4171430331936
LED450NM,7,11,5,480000,951.71365625,467.04221880558094
LED450NM,7,12,5,480000,1004.5523666666667,501.186671821886
LED450NM,7,13,5,480000,1136.7619291666667,405.26280619981026
LED450NM,7,14,5,480000,1183.17710625,344.9366617070824
LED450NM,7,15,5,480000,1236.0283354166668,348.8194329974858
LED450NM,7,16,5,480000,1282.3140604166667,654.223986632105
LED450NM,7,17,5,480000,1284.6214729166666,701.7729745723782
LED450NM,7,18,5,480000,1350.1979166666667,737.8698914356963
LED450NM,7,19,5,480000,1390.98425,765.4251371445615
LED450NM,7,20,5,480000,1390.5230083333333,788.4195495762075
LED450NM,7,21,5,480000,1466.78199375,826.4135988290155
LED450NM,7,22,5,480000,1553.2955625,776.8216809358345
LED450NM,7,23,5,480000,1615.1922854166667,704.0883754390509
LED450NM,7,24,5,480000,1674.8222354166667,579.1128845787923
LED450NM,7,25,5,480000,1568.8580333333334,930.803305810613
LED450NM,7,26,5,480000,1658.9495708333334,978.5580006095189
LED450NM,7,27,5,480000,1809.2655083333334,729.7687313294249
LED450NM,7,28,5,480000,1679.0066333333334,1014.4986732709407
LED450NM,7,29,5,480000,1871.0662083333334,955.8124747955479
LED450NM,7,30,5,480000,1807.6199583333334,1107.3284932861302
LED450NM,7,31,5,480000,1844.14545625,1151.0658947212344
LED450NM,7,32,5,480000,2043.2252645833332,831.790874413726
LED450NM,7,33,5,480000,1893.5737270833333,1195.882670219359
LED450NM,7,34,5,480000,2083.16495625,1169.9382645944836
LED450NM,7,35,5,480000,1961.4678166666667,1253.9448250661055
LED450NM,7,36,5,480000,2017.0677208333334,1295.806954771706
LED450NM,7,37,5,480000,2031.4746083333334,1316.0309876611682
LED450NM,7,38,5,480000,2053.036833333333,1328.6906001624202
LED450NM,7,39,5,480000,2096.51816875,1372.1563785285418
LED450NM,7,40,5,480000,2121.95705,1406.2854850252836
LED450NM,7,41,5,480000,2169.145214583333,1441.7547549290903
LED450NM,7,42,5,480000,2310.819341666667,1504.6835157559103
LED450NM,7,43,5,480000,2230.8749208333334,1503.982889155282
LED450NM,7,44,5,480000,2280.7196729166667,1542.1124606951691
LED450NM,7,45,5,480000,2319.9356875,1578.2095289155163
LED450NM,7,46,5,480000,2341.5449229166666,1600.5984838681743
LED450NM,7,47,5,480000,2348.1724479166664,1610.477266057736
LED450NM,7,48,5,480000,2389.2922583333334,1644.72045302337
LED450NM,7,49,5,480000,2406.825589583333,1670.1027152106312
LED450NM,7,50,5,480000,2460.3337145833334,1715.3155686573612
LED450NM,7,51,5,480000,2698.595677083333,1533.7542273481745
LED450NM,7,52,5,480000,2701.7876333333334,1445.064381065909
LED450NM,7,53,5,480000,2662.328429166667,1672.421318403634
LED450NM,7,54,5,480000,2531.121364583333,1782.9073776225882
LED450NM,7,55,5,480000,2586.06805625,1834.8986401795958
LED450NM,7,56,5,480000,2595.970079166667,1859.0442242813672
LED450NM,7,57,5,480000,2626.3949666666667,1890.2291594917795
LED450NM,7,58,5,480000,2832.3047833333335,1865.9373711921005
LED450NM,7,59,5,480000,2947.1622770833333,1641.5525252845953
LED450NM,7,60,5,480000,3006.0374625,1416.8973589769048
LED450NM,7,61,5,480000,2948.7249333333334,1800.219018075994
LED450NM,7,62,5,480000,3041.9995416666666,1469.7470608194085
LED450NM,7,63,5,480000,3048.70825,1629.3664047358832
LED450NM,7,64,5,480000,3075.52280625,1573.837860700939
LED450NM,7,65,5,480000,2881.166889583333,2155.2620319667517
LED450NM,7,66,5,480000,3021.3493229166666,2059.6613387168168
LED450NM,7,67,5,480000,3097.44133125,1852.550148581133
LED450NM,7,68,5,480000,3151.05100625,1729.6786318105778
LED450NM,7,69,5,480000,3184.3374395833334,1668.7054044450479
LED450NM,7,70,5,480000,2876.4879604166667,2175.921684619351
LED450NM,7,71,5,480000,3253.2277020833335,1590.3557623426102
LED450NM,7,72,5,480000,3270.2140270833333,1576.0766776789947
LED450NM,7,73,5,480000,2881.74476875,2222.96518477309
LED450NM,7,74,5,480000,2870.007289583333,2213.9518136860943
LED450NM,7,75,5,480000,3270.7400041666665,1598.795780807282
LED450NM,7,76,5,480000,3274.78559375,1809.4486547480542
LED450NM,7,77,5,480000,3274.7487604166668,1815.936121337033
LED450NM,7,78,5,480000,3250.878545833333,1687.9524154254327
LED450NM,7,79,5,480000,3255.8024,1621.6740580017633
LED450NM,7,80,5,480000,3286.7060541666665,1570.1204742391628
LED450NM,7,81,5,480000,3327.6175895833335,1577.2894680596382
LED450NM,7,82,5,480000,3328.90753125,1493.9062455318651
LED450NM,7,83,5,480000,3334.0752020833334,1492.4456882192499
LED450NM,7,84,5,480000,3008.023258333333,2374.705729678392
LED450NM,7,85,5,480000,3047.038825,2406.0249727959226
LED450NM,7,86,5,480000,3029.3241854166668,2407.4672690544307
LED450NM,7,87,5,480000,3440.7034208333334,1921.8511705989265
LED450NM,7,88,5,480000,3403.7413125,1666.9517473912606
LED450NM,7,89,5,480000,3404.4934333333335,1617.596461457362
LED450NM,7,90,5,480000,3428.681525,1745.9958868790825
LED450NM,7,91,5,480000,3445.0476791666665,1910.8065537646742
LED450NM,7,92,5,480000,3478.8094,1840.9840931179463
LED450NM,7,93,5,480000,3222.6645875,2582.779794508097
LED450NM,7,94,5,480000,3496.169697916667,1967.3926014568624
LED450NM,7,95,5,480000,3089.1841020833335,2566.7175316881235
LED450NM,7,96,5,480000,3071.9561208333334,2581.521341488797
LED450NM,7,97,5,480000,3301.528575,2654.4567837860227
LED450NM,7,98,5,480000,3537.97971875,2013.50760739166
LED450NM,7,99,5,480000,3547.49580625,1886.7157865805893
LED450NM,7,100,5,480000,3513.5616145833333,1811.1644307091897
LED450NM,7,101,5,480000,3523.0905166666666,1846.536268827188
LED450NM,7,102,5,480000,3555.714025,1766.5659987427962
LED450NM,7,103,5,480000,3573.327875,1800.7375369894928
LED450NM,7,104,5,480000,3601.73901875,1779.0384511745488
LED450NM,7,105,5,480000,3630.118952083333,1784.033505611414
LED450NM,7,106,5,480000,3647.5412875,1791.8971310305014
LED450NM,7,107,5,480000,3653.4495458333336,1816.7078273189327
LED450NM,7,108,5,480000,3641.5954458333335,1774.2920632227078
LED450NM,7,109,5,480000,3604.5468604166667,1753.5508669922012
LED450NM,7,110,5,480000,3591.457766666667,1766.737324088911
LED450NM,7,111,5,480000,3606.65495625,1750.3972157333014
LED450NM,7,112,5,480000,3587.956435416667,1684.7195128974863
LED450NM,7,113,5,480000,3578.762797916667,1678.8744705815825
LED450NM,7,114,5,480000,3576.711295833333,1661.4415926688198
LED450NM,7,115,5,480000,3140.88183125,2642.3912923762314
LED450NM,7,116,5,480000,3129.14465625,2608.439853304235
LED450NM,7,117,5,480000,3157.465147916667,2630.2833809334115
LED450NM,7,118,5,480000,3154.95336875,2641.9694104198625
LED450NM,7,119,5,480000,3120.1580354166667,2622.315000323707
LED450NM,7,120,5,480000,3127.1942208333335,2628.0775032353213
LED450NM,7,121,5,480000,3094.0469625,2592.6242132913367
LED450NM,7,122,5,480000,3046.8937166666665,2550.0225321038215
LED450NM,7,123,5,480000,3037.7279708333335,2540.633884550297
LED450NM,7,124,5,480000,3051.5696229166665,2555.5414202487145
LED450NM,7,125,5,480000,3028.0720791666668,2544.833599130389
LED450NM,7,126,5,480000,3055.5250625,2569.7461238087712
LED450NM,7,127,5,480000,3064.6717979166665,2587.108527590466
LED450NM,7,128,5,480000,3050.17126875,2587.787684400667
LED450NM,7,129,5,480000,3055.7697416666665,2583.64562984689
LED450NM,7,130,5,480000,3074.98178125,2593.918699954632
LED450NM,7,131,5,480000,3085.0159375,2595.027327840241
LED450NM,7,132,5,480000,3059.4204604166666,2558.4749659388804
LED450NM,7,133,5,480000,3071.78080625,2582.3278173711183
LED450NM,7,134,5,480000,3080.5747083333335,2601.487580525227
LED450NM,7,135,5,480000,3031.271133333333,2565.359195150044
LED450NM,7,136,5,480000,3065.14405625,2598.2911225489242
LED450NM,7,137,5,480000,3037.9355604166667,2579.261404234674
LED450NM,7,138,5,480000,3051.7421375,2620.527926576901
LED450NM,7,139,5,480000,2998.807010416667,2566.104969993194
LED450NM,7,140,5,480000,2990.803245833333,2584.252096089305
LED450NM,7,141,5,480000,2979.7797229166667,2582.800760227985
LED450NM,7,142,5,480000,2977.48608125,2569.953718817637
LED450NM,7,143,5,480000,2977.533775,2566.186495279539
LED450NM,7,144,5,480000,2995.7556104166665,2591.304396193961
LED450NM,7,145,5,480000,2993.8315333333335,2586.455739136212
LED450NM,7,146,5,480000,2977.0382479166665,2585.9969075858053
LED450NM,7,147,5,480000,2982.02499375,2592.7664906094797
LED450NM,7,148,5,480000,3000.7003395833335,2611.2212527756787
LED450NM,7,149,5,480000,3013.7022666666667,2616.3068828417017
LED450NM,7,150,5,480000,2991.638877083333,2605.9297334126236
LED450NM,7,151,5,480000,3011.9538354166666,2637.0906344042446
LED450NM,7,152,5,480000,2991.1954416666667,2622.2382544614225
LED450NM,7,153,5,480000,3015.17206875,2635.4059081237556
LED450NM,7,154,5,480000,3026.18689375,2654.4175801250594
LED450NM,7,155,5,480000,3038.0291020833333,2657.7247349653835
LED450NM,7,156,5,480000,3043.607739583333,2677.58917986803
LED450NM,7,157,5,480000,3056.9325083333333,2692.0117808773375
LED450NM,7,158,5,480000,3072.88275,2703.6507653491917
LED450NM,7,159,5,480000,3058.35323125,2678.899251720241
LED450NM,7,160,5,480000,3049.7622354166665,2669.6677200822674
LED450NM,7,161,5,480000,3185.5444020833334,2732.399609907036
LED450NM,7,162,5,480000,3186.6913979166666,2734.4281014897497
LED450NM,7,163,5,480000,3180.834139583333,2735.272730832169
LED450NM,7,164,5,480000,3167.557839583333,2739.7357290356645
LED450NM,7,165,5,480000,3155.5572916666665,2742.244070131583
LED450NM,7,166,5,480000,3125.9374625,2731.5458570380183
LED450NM,7,167,5,480000,3106.4253270833333,2733.2096187173343
LED450NM,7,168,5,480000,3110.601329166667,2731.397894904103
LED450NM,7,169,5,480000,3113.8403583333334,2715.503620913385
LED450NM,7,170,5,480000,3116.2221416666666,2727.2104911175106
LED450NM,7,171,5,480000,3135.16275,2733.4680837879628
LED450NM,7,172,5,480000,3145.7464229166667,2747.9670239167863
LED450NM,7,173,5,480000,3167.3208875,2766.762188843585
LED450NM,7,174,5,480000,3138.180102083333,2746.760266098862
LED450NM,7,175,5,480000,3131.6814791666666,2744.343249107057
LED450NM,7,176,5,480000,3140.0538291666667,2751.802239854653
LED450NM,7,177,5,480000,3150.2592645833333,2766.9901579477637
LED450NM,7,178,5,480000,3152.0397791666664,2769.6203723158137
LED450NM,7,179,5,480000,3158.983133333333,2785.4160485724
LED450NM,7,180,5,480000,3133.6413354166666,2732.7370137577823
LED450NM,7,181,5,480000,3140.467235416667,2733.18320106745
LED450NM,7,182,5,480000,3132.3400916666665,2746.2425104191893
LED450NM,7,183,5,480000,3130.8678645833334,2755.4863662119283
LED450NM,7,184,5,480000,3115.1326104166665,2747.8772553956496
LED450NM,7,185,5,480000,3092.34818125,2739.785896067927
LED450NM,7,186,5,480000,3095.9073770833334,2735.794401537802
LED450NM,7,187,5,480000,3090.4891375,2739.9797149664882
LED450NM,7,188,5,480000,3094.181902083333,2741.0786996821553
LED450NM,7,189,5,480000,3096.4949354166665,2747.0641122044913
LED450NM,7,190,5,480000,3056.881475,2731.4805050927644
LED450NM,7,191,5,480000,3044.48041875,2744.847909044004
LED450NM,7,192,5,480000,3025.480595833333,2743.455474811552
LED450NM,7,193,5,480000,3052.15243125,2753.610149563532
LED450NM,7,194,5,480000,3054.16556875,2755.1123710320912
LED450NM,8,0,5,480000,596.65840625,233.43449426258027
LED450NM,8,1,5,480000,602.2028458333333,238.00293474080223
LED450NM,8,2,5,480000,599.36254375,236.69678180803245
LED450NM,8,3,5,480000,606.75758125,243.41755992751698
LED450NM,8,4,5,480000,613.4519395833333,246.88157617103866
LED450NM,8,5,5,480000,624.2321416666666,252.71689905619675
LED450NM,8,6,5,480000,638.76849375,260.0481672583746
LED450NM,8,7,5,480000,666.0879520833333,279.68767455833245
LED450NM,8,8,5,480000,694.5560208333334,300.8146920295498
LED450NM,8,9,5,480000,751.0525229166667,349.2910163425238
LED450NM,8,10,5,480000,798.3259333333333,391.3068961569195
LED450NM,8,11,5,480000,838.0559458333333,431.68020492033656
LED450NM,8,12,5,480000,897.2604354166666,477.4741158128998
LED450NM,8,13,5,480000,1018.5270333333333,387.05859708516
LED450NM,8,14,5,480000,1084.6494791666667,340.5325751270286
LED450NM,8,15,5,480000,1131.9934333333333,343.95121202390345
LED450NM,8,16,5,480000,1160.34765,558.1139591833471
LED450NM,8,17,5,480000,1152.4585583333333,668.5318225435657
LED450NM,8,18,5,480000,1171.8479645833334,684.9754381756926
LED450NM,8,19,5,480000,1239.4914229166666,710.0870584370391
LED450NM,8,20,5,480000,1266.807375,749.0500702221287
LED450NM,8,21,5,480000,1338.2722645833333,754.9155040791519
LED450NM,8,22,5,480000,1381.0946270833333,730.6796275713443
LED450NM,8,23,5,480000,1443.0950604166667,678.2841479017236
LED450NM,8,24,5,480000,1501.0251395833334,534.1852035843168
LED450NM,8,25,5,480000,1423.13019375,893.6264722965467
LED450NM,8,26,5,480000,1467.1565041666668,927.459514236666
LED450NM,8,27,5,480000,1634.55374375,623.3338471503662
LED450NM,8,28,5,480000,1497.0912229166668,956.2565716774427
LED450NM,8,29,5,480000,1643.8115,859.6838187871264
LED450NM,8,30,5,480000,1629.4270375,973.8710729081685
LED450NM,8,31,5,480000,1632.0077791666668,1050.0996705659982
LED450NM,8,32,5,480000,1797.2026291666666,803.9303141725578
LED450NM,8,33,5,480000,1645.1928958333333,1106.044389295112
LED450NM,8,34,5,480000,1771.4958395833332,1075.5569302707897
LED450NM,8,35,5,480000,1702.89013125,1167.0642344493901
LED450NM,8,36,5,480000,1743.9468729166667,1200.2639538835183
LED450NM,8,37,5,480000,1769.9842854166666,1224.009909137845
LED450NM,8,38,5,480000,1805.3639770833333,1260.3688499923742
LED450NM,8,39,5,480000,1848.4798729166666,1301.1191818949178
LED450NM,8,40,5,480000,1863.7487395833334,1330.7084917345546
LED450NM,8,41,5,480000,1900.0518645833333,1376.715192897142
LED450NM,8,42,5,480000,2019.8406104166668,1348.5963052594886
LED450NM,8,43,5,480000,1917.92476875,1389.5592633385027
LED450NM,8,44,5,480000,1913.8124708333332,1392.9805144483578
LED450NM,8,45,5,480000,1930.7080145833334,1416.4145222712052
LED450NM,8,46,5,480000,1963.3098520833332,1450.834558925633
LED450NM,8,47,5,480000,2010.38561875,1485.125319169316
LED450NM,8,48,5,480000,2030.2266770833332,1510.5949151558082
LED450NM,8,49,5,480000,2024.2932333333333,1530.4517287844176
LED450NM,8,50,5,480000,2188.0445270833334,1516.5496110313775
LED450NM,8,51,5,480000,2302.36179375,1410.9680493057
LED450NM,8,52,5,480000,2354.67895,1304.3899244865001
LED450NM,8,53,5,480000,2250.089697916667,1643.1896998945983
LED450NM,8,54,5,480000,2207.211116666667,1694.0227426862032
LED450NM,8,55,5,480000,2280.1192333333333,1739.4231305641954
LED450NM,8,56,5,480000,2262.0170270833332,1763.2745540694532
LED450NM,8,57,5,480000,2284.756483333333,1797.3897929937086
LED450NM,8,58,5,480000,2406.4765666666667,1814.3449717611713
LED450NM,8,59,5,480000,2565.5606895833334,1530.02017748545
LED450NM,8,60,5,480000,2635.3197833333334,1362.502821009723
LED450NM,8,61,5,480000,2637.9801541666666,1530.0938581566304
LED450NM,8,62,5,480000,2677.1233145833335,1464.4596439144132
LED450NM,8,63,5,480000,2686.269025,1518.923536354683
LED450NM,8,64,5,480000,2696.3733854166667,1542.9765357641531
LED450NM,8,65,5,480000,2585.22585625,1965.524969917758
LED450NM,8,66,5,480000,2606.16396875,1932.4347270702742
LED450NM,8,67,5,480000,2639.0645395833335,1768.2280683248202
LED450NM,8,68,5,480000,2684.6922270833334,1689.620719886443
LED450NM,8,69,5,480000,2692.149752083333,1745.80873757973
LED450NM,8,70,5,480000,2715.2481395833333,1739.5708478505069
LED450NM,8,71,5,480000,2717.1027770833334,1515.617891403741
LED450NM,8,72,5,480000,2752.39663125,1497.2909134716945
LED450NM,8,73,5,480000,2412.639704166667,2148.3087641705306
LED450NM,8,74,5,480000,2422.0407583333335,2163.42467879662
LED450NM,8,75,5,480000,2792.417625,1521.0858496857957
LED450NM,8,76,5,480000,2808.3903229166667,1684.6112661778793
LED450NM,8,77,5,480000,2805.8542583333333,1679.8732999696833
LED450NM,8,78,5,480000,2853.5396895833333,1648.9074410145256
LED450NM,8,79,5,480000,2851.363639583333,1613.2465933578899
LED450NM,8,80,5,480000,2865.00390625,1581.148743803902
LED450NM,8,81,5,480000,2871.6262291666667,1586.6021750227846
LED450NM,8,82,5,480000,2912.8243375,1563.1977898022649
LED450NM,8,83,5,480000,2939.0945208333333,1600.1151570496352
LED450NM,8,84,5,480000,2570.7079895833335,2364.459599555009
LED450NM,8,85,5,480000,2558.271870833333,2352.984399285742
LED450NM,8,86,5,480000,2518.78203125,2344.4620823540467
LED450NM,8,87,5,480000,2879.3697729166665,1895.3243598533224
LED450NM,8,88,5,480000,2944.4164125,1690.8681525330796
LED450NM,8,89,5,480000,2961.093570833333,1663.1266857133883
LED450NM,8,90,5,480000,2972.3559125,1793.2176619560973
LED450NM,8,91,5,480000,2968.14836875,1908.6236837534607
LED450NM,8,92,5,480000,2930.093325,2074.2048777791806
LED450NM,8,93,5,480000,2739.5101020833335,2434.8537656341805
LED450NM,8,94,5,480000,2956.25375625,1952.627161897704
LED450NM,8,95,5,480000,2589.6134145833335,2425.5037988975196
LED450NM,8,96,5,480000,2593.6591354166667,2437.1901176211277
LED450NM,8,97,5,480000,2744.0190354166666,2439.4251335394374
LED450NM,8,98,5,480000,2977.1055354166665,1922.528435659282
LED450NM,8,99,5,480000,3003.3313583333334,1845.2567712182104
LED450NM,8,100,5,480000,3010.824091666667,1825.9050398164445
LED450NM,8,101,5,480000,3038.7662583333336,1849.8227805877784
LED450NM,8,102,5,480000,3039.82645,1735.5206183787898
LED450NM,8,103,5,480000,3055.2195020833333,1706.1548730759816
LED450NM,8,104,5,480000,3065.1903333333335,1709.961728313889
LED450NM,8,105,5,480000,3072.704458333333,1683.5862235223624
LED450NM,8,106,5,480000,3098.00424375,1691.4564385293543
LED450NM,8,107,5,480000,3092.7455416666667,1700.16390186999
LED450NM,8,108,5,480000,3102.2718,1740.9327013569268
LED450NM,8,109,5,480000,3078.436529166667,1688.1531989735963
LED450NM,8,110,5,480000,3109.1447354166667,1716.9064950610762
LED450NM,8,111,5,480000,3113.8874833333334,1732.921643964079
LED450NM,8,112,5,480000,3115.386485416667,1741.2741887485554
LED450NM,8,113,5,480000,3117.8002354166665,1754.099789743881
LED450NM,8,114,5,480000,3142.58941875,1780.5190473017376
LED450NM,8,115,5,480000,2604.80526875,2508.084822271134
LED450NM,8,116,5,480000,2616.0433916666666,2517.7817522814266
LED450NM,8,117,5,480000,2618.922275,2536.379578879048
LED450NM,8,118,5,480000,2611.385225,2524.8855770001474
LED450NM,8,119,5,480000,2617.6008145833334,2533.643695217539
LED450NM,8,120,5,480000,2603.3004625,2511.889858522321
LED450NM,8,121,5,480000,2628.212452083333,2537.761802028091
LED450NM,8,122,5,480000,2618.4318,2543.1383111347404
LED450NM,8,123,5,480000,2619.80498125,2539.637457349757
LED450NM,8,124,5,480000,2609.3139479166666,2557.742620809501
LED450NM,8,125,5,480000,2605.2759104166666,2556.7038301795324
LED450NM,8,126,5,480000,2612.4546375,2554.940777446497
LED450NM,8,127,5,480000,2618.019835416667,2564.090075792867
LED450NM,8,128,5,480000,2603.229389583333,2551.988304258891
LED450NM,8,129,5,480000,2579.5195833333332,2530.874032151046
LED450NM,8,130,5,480000,2575.0248104166667,2515.6953123902663
LED450NM,8,131,5,480000,2579.6901083333332,2517.538880846826
LED450NM,8,132,5,480000,2589.67678125,2520.347676510139
LED450NM,8,133,5,480000,2602.0864979166668,2538.899457808808
LED450NM,8,134,5,480000,2598.345422916667,2553.5035586754966
LED450NM,8,135,5,480000,2587.92904375,2540.2485020418035
LED450NM,8,136,5,480000,2547.568075,2511.012342785268
LED450NM,8,137,5,480000,2546.779539583333,2512.7837821501453
LED450NM,8,138,5,480000,2563.5534375,2512.242928946217
LED450NM,8,139,5,480000,2567.328933333333,2538.964103655832
LED450NM,8,140,5,480000,2555.0066,2519.079016616279
LED450NM,8,141,5,480000,2555.7811270833336,2537.964368620725
LED450NM,8,142,5,480000,2529.7326791666665,2520.3636069122854
LED450NM,8,143,5,480000,2502.73694375,2499.489530694916
LED450NM,8,144,5,480000,2497.8553645833335,2534.2141270083143
LED450NM,8,145,5,480000,2507.136916666667,2539.3854400301584
LED450NM,8,146,5,480000,2500.345695833333,2536.2697320602997
LED450NM,8,147,5,480000,2497.7137770833333,2533.566935600911
LED450NM,8,148,5,480000,2500.6015229166665,2548.349219143594
LED450NM,8,149,5,480000,2510.8574708333335,2559.2244584627138
LED450NM,8,150,5,480000,2522.4092,2570.756305003197
LED450NM,8,151,5,480000,2489.667175,2540.848905114854
LED450NM,8,152,5,480000,2507.366645833333,2554.4919007839567
LED450NM,8,153,5,480000,2501.8388333333332,2558.5110962449703
LED450NM,8,154,5,480000,2498.7290416666665,2564.6665964917834
LED450NM,8,155,5,480000,2477.8188833333334,2559.1834473325507
LED450NM,8,156,5,480000,2496.57980625,2566.6561742586655
LED450NM,8,157,5,480000,2511.6747291666666,2571.2620534093858
LED450NM,8,158,5,480000,2520.9796375,2574.952597919271
LED450NM,8,159,5,480000,2509.61901875,2575.5944594786342
LED450NM,8,160,5,480000,2519.2207708333335,2588.5053155444566
LED450NM,8,161,5,480000,2640.3162729166665,2675.49916080832
LED450NM,8,162,5,480000,2642.0461625,2693.4157396538058
LED450NM,8,163,5,480000,2649.9632375,2711.2744134982327
LED450NM,8,164,5,480000,2650.6139916666666,2714.776231932244
LED450NM,8,165,5,480000,2661.4565875,2711.708306128018
LED450NM,8,166,5,480000,2642.7881541666666,2731.1229463202817
LED450NM,8,167,5,480000,2616.5185104166667,2705.874430813115
LED450NM,8,168,5,480000,2602.1369666666665,2631.4645472084803
LED450NM,8,169,5,480000,2571.55314375,2592.6962166111766
LED450NM,8,170,5,480000,2576.368177083333,2599.5430514158415
LED450NM,8,171,5,480000,2575.191260416667,2602.5619865810186
LED450NM,8,172,5,480000,2567.4737520833332,2603.9480559484505
LED450NM,8,173,5,480000,2578.6250666666665,2614.891707297996
LED450NM,8,174,5,480000,2601.3701,2613.652667107884
LED450NM,8,175,5,480000,2593.9585833333335,2620.2025411258114
LED450NM,8,176,5,480000,2543.8441729166666,2562.766025500898
LED450NM,8,177,5,480000,2537.25856875,2534.1790173566965
LED450NM,8,178,5,480000,2532.404091666667,2546.7331321112656
LED450NM,8,179,5,480000,2517.8997625,2554.045522553049
LED450NM,8,180,5,480000,2507.69310625,2557.7228484576817
LED450NM,8,181,5,480000,2509.858875,2560.477654143279
LED450NM,8,182,5,480000,2518.388122916667,2570.1606049493325
LED450NM,8,183,5,480000,2525.691102083333,2577.0417107122707
LED450NM,8,184,5,480000,2533.55815,2578.315691519416
LED450NM,8,185,5,480000,2536.819629166667,2587.4612434520373
LED450NM,8,186,5,480000,2525.5318770833333,2591.5629616307515
LED450NM,8,187,5,480000,2545.4676916666667,2596.8761346692113
LED450NM,8,188,5,480000,2544.5719791666666,2598.1751009984227
LED450NM,8,189,5,480000,2539.6163729166665,2600.069332450389
LED450NM,8,190,5,480000,2523.2956395833335,2553.0952004722267
LED450NM,8,191,5,480000,2540.1738333333333,2561.1946662826062
LED450NM,8,192,5,480000,2537.811675,2566.2513325439686
LED450NM,8,193,5,480000,2541.077133333333,2570.935383197222
LED450NM,8,194,5,480000,2528.916170833333,2548.3874851408823
LED450NM,9,0,5,480000,562.2673604166666,218.9152539598926
LED450NM,9,1,5,480000,566.0229291666667,220.56900961699037
LED450NM,9,2,5,480000,563.851425,219.01177083200201
LED450NM,9,3,5,480000,567.3894666666666,223.74506716882547
LED450NM,9,4,5,480000,573.9307333333334,219.13663514946305
LED450NM,9,5,5,480000,577.7343708333333,215.753581998799
LED450NM,9,6,5,480000,589.6789208333333,224.69866367686464
LED450NM,9,7,5,480000,602.4994895833333,235.1507440180436
LED450NM,9,8,5,480000,617.20769375,249.83632053217605
LED450NM,9,9,5,480000,655.86356875,295.35932341149714
LED450NM,9,10,5,480000,688.0629625,330.9569714578572
LED450NM,9,11,5,480000,724.6530625,373.2464538246873
LED450NM,9,12,5,480000,756.8274833333334,414.6150217125115
LED450NM,9,13,5,480000,836.9183583333333,411.06227209873157
LED450NM,9,14,5,480000,840.0110541666667,490.5703771065596
LED450NM,9,15,5,480000,952.8070479166666,361.16268357774294
LED450NM,9,16,5,480000,977.7056604166667,480.07980764013917
LED450NM,9,17,5,480000,957.7306145833334,587.339094220917
LED450NM,9,18,5,480000,991.3984333333333,612.6535705070571
LED450NM,9,19,5,480000,986.1324270833334,613.4518606066963
LED450NM,9,20,5,480000,1009.7539458333333,639.0274500323496
LED450NM,9,21,5,480000,1074.8993791666667,657.0598842638175
LED450NM,9,22,5,480000,1114.0910416666666,656.0329275740775
LED450NM,9,23,5,480000,1172.3985833333334,609.3557593869061
LED450NM,9,24,5,480000,1226.1315895833334,492.0100987137001
LED450NM,9,25,5,480000,1137.8799625,760.3226553982407
LED450NM,9,26,5,480000,1209.1899458333332,804.6793461967197
LED450NM,9,27,5,480000,1335.2441166666667,619.5524532632835
LED450NM,9,28,5,480000,1219.0770083333334,846.3886306186714
LED450NM,9,29,5,480000,1370.30468125,812.0100579378636
LED450NM,9,30,5,480000,1381.4702770833333,867.5218792052921
LED450NM,9,31,5,480000,1381.3801770833334,930.300414969524
LED450NM,9,32,5,480000,1476.47124375,744.3581386490498
LED450NM,9,33,5,480000,1341.4522583333332,971.9598981910553
LED450NM,9,34,5,480000,1419.9850583333334,992.2882006176834
LED450NM,9,35,5,480000,1334.9720416666667,979.1926519574677
LED450NM,9,36,5,480000,1348.6297291666667,994.2083298699741
LED450NM,9,37,5,480000,1376.31423125,1013.0484403863115
LED450NM,9,38,5,480000,1405.9035791666668,1033.6257235489982
LED450NM,9,39,5,480000,1436.63016875,1068.8493825380308
LED450NM,9,40,5,480000,1470.56751875,1101.3091447112167
LED450NM,9,41,5,480000,1476.5610541666667,1124.7849525805168
LED450NM,9,42,5,480000,1631.37255625,1109.4920742674358
LED450NM,9,43,5,480000,1507.5032,1160.677037728667
LED450NM,9,44,5,480000,1554.0050833333332,1208.6567370204798
LED450NM,9,45,5,480000,1589.8752625,1236.6245777463707
LED450NM,9,46,5,480000,1591.4481541666667,1242.4363224039598
LED450NM,9,47,5,480000,1590.8137958333334,1252.4336310721253
LED450NM,9,48,5,480000,1618.0047916666667,1274.2743586359416
LED450NM,9,49,5,480000,1645.8138291666667,1294.0905750431155
LED450NM,9,50,5,480000,1791.1942270833333,1326.1586136684743
LED450NM,9,51,5,480000,1850.5651083333332,1248.7234918017566
LED450NM,9,52,5,480000,1899.0985604166667,1234.150711876563
LED450NM,9,53,5,480000,1829.7514,1426.370797996512
LED450NM,9,54,5,480000,1750.7777895833333,1431.213814989319
LED450NM,9,55,5,480000,1853.29779375,1509.6451463520489
LED450NM,9,56,5,480000,1845.4768479166667,1529.9346696051484
LED450NM,9,57,5,480000,1854.1558625,1553.9400365142412
LED450NM,9,58,5,480000,2017.6910166666667,1497.5680341891427
LED450NM,9,59,5,480000,2065.983566666667,1381.4388449098203
LED450NM,9,60,5,480000,2112.91299375,1194.0274564415017
LED450NM,9,61,5,480000,2107.509777083333,1192.091179141823
LED450NM,9,62,5,480000,2127.9422125,1211.936537585861
LED450NM,9,63,5,480000,2126.3957583333336,1297.9446905766727
LED450NM,9,64,5,480000,2134.538020833333,1263.0380598235151
LED450NM,9,65,5,480000,2091.218139583333,1571.841476701676
LED450NM,9,66,5,480000,2076.583310416667,1628.987847573673
LED450NM,9,67,5,480000,2152.266972916667,1567.8216166329994
LED450NM,9,68,5,480000,2177.2542020833334,1475.0919978555748
LED450NM,9,69,5,480000,2192.1274125,1491.7326057960995
LED450NM,9,70,5,480000,2215.0310791666666,1470.4432433668603
LED450NM,9,71,5,480000,2250.91673125,1342.092674683545
LED450NM,9,72,5,480000,2220.7400020833334,1259.1931191206004
LED450NM,9,73,5,480000,1938.15454375,1776.4741414589967
LED450NM,9,74,5,480000,2016.7952916666666,1839.4608671674239
LED450NM,9,75,5,480000,2234.074647916667,1324.1819488684093
LED450NM,9,76,5,480000,2235.9338020833334,1458.6599265632774
LED450NM,9,77,5,480000,2251.221164583333,1506.7759218156195
LED450NM,9,78,5,480000,2279.563114583333,1443.473337841131
LED450NM,9,79,5,480000,2300.7651270833335,1440.3895671452783
LED450NM,9,80,5,480000,2315.2432958333334,1392.678041642721
LED450NM,9,81,5,480000,2339.36183125,1403.2952517679223
LED450NM,9,82,5,480000,2335.9079104166667,1406.0656416534255
LED450NM,9,83,5,480000,2357.70355,1404.5142727457646
LED450NM,9,84,5,480000,2033.28274375,1956.4520764595934
LED450NM,9,85,5,480000,2021.6106645833333,1963.8458325479241
LED450NM,9,86,5,480000,2015.584375,1924.3833752707278
LED450NM,9,87,5,480000,2288.2215875,1657.443423538889
LED450NM,9,88,5,480000,2339.525004166667,1511.5795007030313
LED450NM,9,89,5,480000,2362.6321958333333,1496.901066425543
LED450NM,9,90,5,480000,2347.9437895833335,1585.8800326818985
LED450NM,9,91,5,480000,2348.4611229166667,1676.6969321509496
LED450NM,9,92,5,480000,2357.4392229166665,1731.0748421855749
LED450NM,9,93,5,480000,2178.1751208333335,2043.1316179936118
LED450NM,9,94,5,480000,2335.7464770833335,1672.897262731102
LED450NM,9,95,5,480000,2039.7308583333333,1975.6481083105607
LED450NM,9,96,5,480000,2073.953716666667,2012.5138818081114
LED450NM,9,97,5,480000,2216.9566104166665,2055.1401553043597
LED450NM,9,98,5,480000,2395.9024041666667,1666.8004083622968
LED450NM,9,99,5,480000,2369.201772916667,1529.5285499222541
LED450NM,9,100,5,480000,2357.35365,1535.6532349182905
LED450NM,9,101,5,480000,2328.05924375,1548.5659022438347
LED450NM,9,102,5,480000,2330.78345,1473.808920601174
LED450NM,9,103,5,480000,2338.4500145833335,1477.725234210437
LED450NM,9,104,5,480000,2373.3580166666666,1483.1128680298518
LED450NM,9,105,5,480000,2394.107127083333,1474.2408018567403
LED450NM,9,106,5,480000,2388.2591708333334,1490.6068917311204
LED450NM,9,107,5,480000,2404.3705958333335,1489.3071239171572
LED450NM,9,108,5,480000,2403.337308333333,1526.3893568341014
LED450NM,9,109,5,480000,2392.7999416666667,1495.809503902206
LED450NM,9,110,5,480000,2397.7490583333333,1512.9932632268878
LED450NM,9,111,5,480000,2400.8637270833333,1521.222502221522
LED450NM,9,112,5,480000,2395.713514583333,1504.1960944468053
LED450NM,9,113,5,480000,2415.79071875,1517.6465666545823
LED450NM,9,114,5,480000,2383.139779166667,1527.181616192647
LED450NM,9,115,5,480000,2013.6359270833334,2074.6098198293
LED450NM,9,116,5,480000,2015.1247,2071.103097084758
LED450NM,9,117,5,480000,2023.3215145833333,2088.870423573577
LED450NM,9,118,5,480000,2019.26353125,2084.753993769216
LED450NM,9,119,5,480000,1986.8026125,2072.065880115344
LED450NM,9,120,5,480000,1972.7444291666666,2055.334053357722
LED450NM,9,121,5,480000,1955.2482479166667,2019.239977634957
LED450NM,9,122,5,480000,1946.6668708333334,1995.6334795456032
LED450NM,9,123,5,480000,1954.2643625,2002.582118263186
LED450NM,9,124,5,480000,1950.64395625,2009.1733010923751
LED450NM,9,125,5,480000,1947.20426875,1997.5762776376096
LED450NM,9,126,5,480000,1977.0780208333333,2028.2760847865154
LED450NM,9,127,5,480000,1982.7685666666666,2025.558126745839
LED450NM,9,128,5,480000,1973.5355666666667,2023.498952913825
LED450NM,9,129,5,480000,1974.00725,2031.716869732535
LED450NM,9,130,5,480000,1952.60899375,2011.783094158313
LED450NM,9,131,5,480000,1961.0918479166667,2012.155523312055
LED450NM,9,132,5,480000,1970.9341666666667,2028.6701065988127
LED450NM,9,133,5,480000,1979.86635,2047.1733686995533
LED450NM,9,134,5,480000,1994.7610145833332,2050.5021290915274
LED450NM,9,135,5,480000,2006.9302229166667,2064.0313893506827
LED450NM,9,136,5,480000,2005.4707270833333,2059.177633420827
LED450NM,9,137,5,480000,1978.0727729166667,2044.467028854428
LED450NM,9,138,5,480000,1991.8027625,2066.3534683605567
LED450NM,9,139,5,480000,2001.4224541666667,2079.7023949642357
LED450NM,9,140,5,480000,1998.5602354166667,2080.8374745442106
LED450NM,9,141,5,480000,1994.2036854166668,2084.0356203914002
LED450NM,9,142,5,480000,1996.6096333333332,2084.9780606882573
LED450NM,9,143,5,480000,1982.9904708333333,2075.286669669806
LED450NM,9,144,5,480000,1988.6081145833334,2113.7955823270618
LED450NM,9,145,5,480000,1989.410225,2106.2342018197905
LED450NM,9,146,5,480000,2007.92795,2112.7755304970597
LED450NM,9,147,5,480000,1992.0570291666668,2109.8763585253855
LED450NM,9,148,5,480000,1993.089,2128.5938600556237
LED450NM,9,149,5,480000,1991.78136875,2129.4918217857658
LED450NM,9,150,5,480000,2016.0319604166666,2143.9308806336976
LED450NM,9,151,5,480000,2004.16183125,2138.865801866002
LED450NM,9,152,5,480000,2019.0062083333332,2169.1395342871074
LED450NM,9,153,5,480000,2017.109775,2165.9960049207807
LED450NM,9,154,5,480000,2026.6883875,2180.173890201991
LED450NM,9,155,5,480000,2032.18646875,2192.6079730801903
LED450NM,9,156,5,480000,2013.3803979166667,2185.808439927397
LED450NM,9,157,5,480000,2010.03654375,2173.6624831922436
LED450NM,9,158,5,480000,2017.2434145833333,2192.2444707977006
LED450NM,9,159,5,480000,2023.7909416666666,2192.5390898650544
LED450NM,9,160,5,480000,2033.4353875,2203.8876514856784
LED450NM,9,161,5,480000,2103.023675,2276.2747841918886
LED450NM,9,162,5,480000,2081.00439375,2235.3317066376176
LED450NM,9,163,5,480000,2074.75861875,2232.280485851224
LED450NM,9,164,5,480000,2046.0354770833333,2210.120768855583
LED450NM,9,165,5,480000,2043.9345979166667,2213.8934509976953
LED450NM,9,166,5,480000,2030.09646875,2215.2436512022095
LED450NM,9,167,5,480000,2007.1409770833334,2180.1626649983123
LED450NM,9,168,5,480000,1995.30934375,2183.7021536840507
LED450NM,9,169,5,480000,2005.7565625,2187.3627214383496
LED450NM,9,170,5,480000,1990.5554729166668,2193.60239994575
LED450NM,9,171,5,480000,1987.78165625,2203.647647211646
LED450NM,9,172,5,480000,1980.0784416666668,2202.0657751465797
LED450NM,9,173,5,480000,1967.70674375,2201.3195335494092
LED450NM,9,174,5,480000,1978.9107541666667,2213.420439477706
LED450NM,9,175,5,480000,1987.5508625,2225.7277104776326
LED450NM,9,176,5,480000,1988.3887083333334,2229.4995081533057
LED450NM,9,177,5,480000,1986.3428395833334,2237.023870167818
LED450NM,9,178,5,480000,1995.3984208333334,2243.938259714567
LED450NM,9,179,5,480000,2011.8373708333334,2255.9238721128027
LED450NM,9,180,5,480000,2020.830825,2269.5300216061223
LED450NM,9,181,5,480000,2023.72255,2251.644283970753
LED450NM,9,182,5,480000,2027.8217729166668,2258.821992550289
LED450NM,9,183,5,480000,2016.7155979166666,2255.3156946194263
LED450NM,9,184,5,480000,2015.3844583333334,2247.6724502508787
LED450NM,9,185,5,480000,2005.7323395833334,2249.677427974764
LED450NM,9,186,5,480000,1993.4295916666667,2236.9900482300245
LED450NM,9,187,5,480000,1979.8234083333334,2238.2532520087807
LED450NM,9,188,5,480000,1981.45765625,2241.6331333842686
LED450NM,9,189,5,480000,1986.2105395833332,2249.860110069846
LED450NM,9,190,5,480000,1976.0105145833334,2239.728726266277
LED450NM,9,191,5,480000,1982.5171145833333,2255.9415963117463
LED450NM,9,192,5,480000,1992.9211625,2257.7148707979377
LED450NM,9,193,5,480000,1975.2745458333334,2245.3990092009076
LED450NM,9,194,5,480000,1959.24925625,2246.6611109355304
LED450NM,10,0,5,480000,611.4938958333333,256.62621516238846
LED450NM,10,1,5,480000,614.9276208333333,260.5843342590959
LED450NM,10,2,5,480000,614.8850333333334,258.18231374876467
LED450NM,10,3,5,480000,624.0088854166667,268.4278217894574
LED450NM,10,4,5,480000,628.0672604166666,271.38054100552796
LED450NM,10,5,5,480000,633.1722583333334,274.44420318995003
LED450NM,10,6,5,480000,639.0958604166667,277.80668448796763
LED450NM,10,7,5,480000,654.0132041666667,287.54499905200345
LED450NM,10,8,5,480000,672.1650770833334,300.3446667122178
LED450NM,10,9,5,480000,707.3636541666667,327.15864230494316
LED450NM,10,10,5,480000,739.22369375,351.2503523851464
LED450NM,10,11,5,480000,768.1155729166667,378.6194997443356
LED450NM,10,12,5,480000,813.24461875,405.22353552956895
LED450NM,10,13,5,480000,917.7445520833334,347.5045921976359
LED450NM,10,14,5,480000,921.7302895833334,483.8203197254202
LED450NM,10,15,5,480000,1018.1525395833334,291.50146290443473
LED450NM,10,16,5,480000,1007.92160625,549.8759645197299
LED450NM,10,17,5,480000,1043.0813104166666,569.0424583557301
LED450NM,10,18,5,480000,1109.5811083333333,610.7383181143172
LED450NM,10,19,5,480000,1134.49061875,645.3276126991562
LED450NM,10,20,5,480000,1197.3317375,659.0110554366528
LED450NM,10,21,5,480000,1253.287425,685.5747412537912
LED450NM,10,22,5,480000,1305.0676020833334,702.8220580828942
LED450NM,10,23,5,480000,1371.6707604166666,521.0133280877244
LED450NM,10,24,5,480000,1410.4838,526.8654571694688
LED450NM,10,25,5,480000,1320.8352229166667,826.2513546285998
LED450NM,10,26,5,480000,1353.0673833333333,858.7858495895935
LED450NM,10,27,5,480000,1534.4081541666667,648.3570011428963
LED450NM,10,28,5,480000,1408.6678291666667,913.287322309745
LED450NM,10,29,5,480000,1541.77205625,935.3385250705918
LED450NM,10,30,5,480000,1597.9436354166667,936.6726431141515
LED450NM,10,31,5,480000,1595.82488125,1028.0870225802905
LED450NM,10,32,5,480000,1559.2200625,1045.2143452070788
LED450NM,10,33,5,480000,1580.9005125,1075.3072954054749
LED450NM,10,34,5,480000,1768.9235854166666,974.2155961979847
LED450NM,10,35,5,480000,1642.4474770833333,1139.9789326414516
LED450NM,10,36,5,480000,1682.39285,1179.5519269082831
LED450NM,10,37,5,480000,1696.3924458333333,1189.7728505557693
LED450NM,10,38,5,480000,1711.0514729166666,1205.8013393963877
LED450NM,10,39,5,480000,1703.6449208333333,1217.4566101739665
LED450NM,10,40,5,480000,1731.6309916666667,1250.7873327110208
LED450NM,10,41,5,480000,1771.556975,1289.1237672897623
LED450NM,10,42,5,480000,1896.0067166666668,1242.3763883048432
LED450NM,10,43,5,480000,1784.8607625,1305.589978577853
LED450NM,10,44,5,480000,1816.13313125,1340.5848500743946
LED450NM,10,45,5,480000,1843.0598770833333,1365.3087394630995
LED450NM,10,46,5,480000,1864.595175,1392.370008637869
LED450NM,10,47,5,480000,1871.7523291666666,1402.994946495707
LED450NM,10,48,5,480000,1896.1985604166666,1423.9990635006907
LED450NM,10,49,5,480000,1933.1274791666667,1444.8866474856757
LED450NM,10,50,5,480000,1963.4849375,1475.1436795240618
LED450NM,10,51,5,480000,2137.4079395833332,1439.3009720389896
LED450NM,10,52,5,480000,2176.89696875,1363.5266957748981
LED450NM,10,53,5,480000,2185.4655208333334,1450.2433847212867
LED450NM,10,54,5,480000,2041.8187708333332,1537.9957719022905
LED450NM,10,55,5,480000,2105.88456875,1588.298843440221
LED450NM,10,56,5,480000,2014.5424458333334,1560.0174711262641
LED450NM,10,57,5,480000,2030.5857645833332,1584.6406650847596
LED450NM,10,58,5,480000,2280.3292729166665,1480.1913003442369
LED450NM,10,59,5,480000,2347.92275625,1459.3852670823949
LED450NM,10,60,5,480000,2398.4019604166665,1242.8649603104138
LED450NM,10,61,5,480000,2398.83511875,1223.9520791237117
LED450NM,10,62,5,480000,2408.0452479166665,1268.5250888353407
LED450NM,10,63,5,480000,2439.1167416666667,1387.7831708431797
LED450NM,10,64,5,480000,2470.71346875,1330.89323008469
LED450NM,10,65,5,480000,2420.3184145833334,1627.6467933382341
LED450NM,10,66,5,480000,2442.2042833333335,1660.4684351918045
LED450NM,10,67,5,480000,2523.736325,1625.6937549667816
LED450NM,10,68,5,480000,2585.436691666667,1551.020785450791
LED450NM,10,69,5,480000,2635.46665,1473.6120720996341
LED450NM,10,70,5,480000,2641.82076875,1534.957614400935
LED450NM,10,71,5,480000,2654.4493395833333,1376.7507298724615
LED450NM,10,72,5,480000,2676.7807125,1332.8991273959903
LED450NM,10,73,5,480000,2340.989289583333,1906.3835260371152
LED450NM,10,74,5,480000,2619.0851854166667,1795.80861599068
LED450NM,10,75,5,480000,2673.5239729166665,1572.8260936886188
LED450NM,10,76,5,480000,2697.6392520833333,1562.7727843658818
LED450NM,10,77,5,480000,2708.4905416666666,1586.9855968858194
LED450NM,10,78,5,480000,2732.2625395833334,1529.3076712573952
LED450NM,10,79,5,480000,2724.1452916666667,1457.6039604785765
LED450NM,10,80,5,480000,2723.6764708333335,1433.795700291611
LED450NM,10,81,5,480000,2753.7569020833334,1419.7498957112668
LED450NM,10,82,5,480000,2763.0845395833335,1417.8271753288466
LED450NM,10,83,5,480000,2807.4441645833335,1462.947061420852
LED450NM,10,84,5,480000,2420.4529541666666,2047.3816221312663
LED450NM,10,85,5,480000,2425.079097916667,2062.347668644225
LED450NM,10,86,5,480000,2433.4961458333332,2064.650204997846
LED450NM,10,87,5,480000,2753.587772916667,1713.44830503678
LED450NM,10,88,5,480000,2783.4521604166666,1520.9619896380957
LED450NM,10,89,5,480000,2777.61278125,1468.8833998175471
LED450NM,10,90,5,480000,2771.1286479166665,1611.9939478011788
LED450NM,10,91,5,480000,2777.2222833333335,1725.983469347535
LED450NM,10,92,5,480000,2600.597960416667,2182.8980131686003
LED450NM,10,93,5,480000,2626.1452208333335,2211.4576693435506
LED450NM,10,94,5,480000,2764.9593145833333,1817.5125199823558
LED450NM,10,95,5,480000,2415.780825,2171.0842516029065
LED450NM,10,96,5,480000,2432.9599916666666,2185.9464825332147
LED450NM,10,97,5,480000,2619.689177083333,2214.759587095824
LED450NM,10,98,5,480000,2799.4498979166665,1806.0807927198184
LED450NM,10,99,5,480000,2826.1478145833335,1687.6888294742307
LED450NM,10,100,5,480000,2846.9611395833335,1670.0278805383114
LED450NM,10,101,5,480000,2868.6655354166664,1727.1690480939783
LED450NM,10,102,5,480000,2821.0207520833333,1603.7767790452533
LED450NM,10,103,5,480000,2828.736752083333,1618.5681751211832
LED450NM,10,104,5,480000,2842.9030145833335,1648.3605444779807
LED450NM,10,105,5,480000,2856.0384875,1629.9517429787747
LED450NM,10,106,5,480000,2845.727479166667,1555.7962083217162
LED450NM,10,107,5,480000,2866.6484104166666,1569.7753931863992
LED450NM,10,108,5,480000,2863.5774729166665,1600.0655127909442
LED450NM,10,109,5,480000,2893.3703416666667,1568.4907634959316
LED450NM,10,110,5,480000,2908.4237416666665,1617.86926375444
LED450NM,10,111,5,480000,2923.3416375,1655.7031007690716
LED450NM,10,112,5,480000,2924.4188729166667,1659.363285627722
LED450NM,10,113,5,480000,2959.61861875,1668.987199213321
LED450NM,10,114,5,480000,2962.0485916666667,1648.4388984547925
LED450NM,10,115,5,480000,2512.6260666666667,2344.424351650392
LED450NM,10,116,5,480000,2531.67334375,2358.7058814116926
LED450NM,10,117,5,480000,2541.224583333333,2382.1183849613058
LED450NM,10,118,5,480000,2562.711602083333,2421.3660863092814
LED450NM,10,119,5,480000,2556.7796791666665,2421.0053117636685
LED450NM,10,120,5,480000,2553.2474208333333,2429.7510008374175
LED450NM,10,121,5,480000,2581.46168125,2456.6045608976915
LED450NM,10,122,5,480000,2527.7760583333334,2423.579103621879
LED450NM,10,123,5,480000,2546.022429166667,2452.8163330668344
LED450NM,10,124,5,480000,2554.5576270833335,2442.6137105405733
LED450NM,10,125,5,480000,2553.3349520833335,2456.9346943500254
LED450NM,10,126,5,480000,2571.8924354166666,2479.031281923837
LED450NM,10,127,5,480000,2563.2387708333335,2502.958642103412
LED450NM,10,128,5,480000,2540.390697916667,2501.2617462632174
LED450NM,10,129,5,480000,2522.354910416667,2503.8056672791145
LED450NM,10,130,5,480000,2527.8492166666665,2508.139785772061
LED450NM,10,131,5,480000,2516.3602666666666,2503.684235191297
LED450NM,10,132,5,480000,2518.9041208333333,2516.6367550667733
LED450NM,10,133,5,480000,2531.2002291666668,2530.230101601423
LED450NM,10,134,5,480000,2537.9892458333334,2559.8631120793057
LED450NM,10,135,5,480000,2532.119060416667,2560.6219059515993
LED450NM,10,136,5,480000,2528.0193270833333,2568.6013186572404
LED450NM,10,137,5,480000,2486.2139916666665,2556.5847607915784
LED450NM,10,138,5,480000,2495.4855895833334,2579.9886102495375
LED450NM,10,139,5,480000,2526.7425270833332,2630.195781496398
LED450NM,10,140,5,480000,2506.4966645833333,2596.114053881244
LED450NM,10,141,5,480000,2523.327975,2639.47097062143
LED450NM,10,142,5,480000,2525.7434729166666,2636.671307181198
LED450NM,10,143,5,480000,2544.493952083333,2669.9068019269744
LED450NM,10,144,5,480000,2543.0155145833332,2665.495253600266
LED450NM,10,145,5,480000,2553.86981875,2667.3248064588533
LED450NM,10,146,5,480000,2564.2516,2697.368974479565
LED450NM,10,147,5,480000,2545.5073291666668,2700.393256617997
LED450NM,10,148,5,480000,2555.67736875,2717.0183033786307
LED450NM,10,149,5,480000,2546.1954291666666,2705.3698371608903
LED450NM,10,150,5,480000,2547.4788791666665,2688.082064366044
LED450NM,10,151,5,480000,2545.358797916667,2710.6656497073996
LED450NM,10,152,5,480000,2539.82663125,2691.602279902164
LED450NM,10,153,5,480000,2555.257145833333,2726.755352201468
LED450NM,10,154,5,480000,2558.358454166667,2734.2374506687925
LED450NM,10,155,5,480000,2568.833058333333,2774.603211549142
LED450NM,10,156,5,480000,2573.4085791666666,2791.187823137263
LED450NM,10,157,5,480000,2584.5109375,2808.823050343098
LED450NM,10,158,5,480000,2553.3039895833335,2794.6622694121284
LED450NM,10,159,5,480000,2575.5308125,2815.817824263155
LED450NM,10,160,5,480000,2567.26850625,2819.03055386921
LED450NM,10,161,5,480000,2643.736104166667,2878.913442287557
LED450NM,10,162,5,480000,2648.1487666666667,2896.478327196404
LED450NM,10,163,5,480000,2674.070425,2911.6576423095294
LED450NM,10,164,5,480000,2674.6789708333336,2923.129773562253
LED450NM,10,165,5,480000,2686.575622916667,2924.8840288843658
LED450NM,10,166,5,480000,2670.5439625,2917.7311709922487
LED450NM,10,167,5,480000,2568.8293541666667,2674.6106473841824
LED450NM,10,168,5,480000,2580.66831875,2662.726983432204
LED450NM,10,169,5,480000,2577.5207625,2669.1034758982746
LED450NM,10,170,5,480000,2546.61611875,2608.136820065032
LED450NM,10,171,5,480000,2549.7286958333334,2619.1015718416143
LED450NM,10,172,5,480000,2560.4090875,2632.651673646095
LED450NM,10,173,5,480000,2552.6984416666664,2638.2743447351286
LED450NM,10,174,5,480000,2539.73971875,2641.9869962992034
LED450NM,10,175,5,480000,2553.999639583333,2653.889177279473
LED450NM,10,176,5,480000,2569.127645833333,2662.2607115824903
LED450NM,10,177,5,480000,2543.04869375,2615.17098426059
LED450NM,10,178,5,480000,2521.469325,2610.9238388461044
LED450NM,10,179,5,480000,2539.9503958333335,2626.071477970518
LED450NM,10,180,5,480000,2551.19393125,2640.938159080706
LED450NM,10,181,5,480000,2507.533825,2610.791888112692
LED450NM,10,182,5,480000,2509.19841875,2593.1256211461455
LED450NM,10,183,5,480000,2498.5457083333336,2607.469486834553
LED450NM,10,184,5,480000,2509.1778770833334,2622.8879049674097
LED450NM,10,185,5,480000,2489.2027895833335,2623.1074202642053
LED450NM,10,186,5,480000,2481.8782479166666,2619.366530702798
LED450NM,10,187,5,480000,2472.8998145833334,2619.5713127132017
LED450NM,10,188,5,480000,2468.2754625,2601.551008630796
LED450NM,10,189,5,480000,2480.1263354166667,2594.089244106162
LED450NM,10,190,5,480000,2479.9491875,2599.147094239395
LED450NM,10,191,5,480000,2433.26608125,2516.7220229469494
LED450NM,10,192,5,480000,2425.5559708333335,2518.4510872245
LED450NM,10,193,5,480000,2446.653441666667,2533.3061871983264
LED450NM,10,194,5,480000,2463.8170625,2544.696700060023
LED450NM,11,0,5,480000,611.3105354166667,258.2829491546142
LED450NM,11,1,5,480000,609.9293520833334,253.7805181453491
LED450NM,11,2,5,480000,607.2589520833334,252.5761944774986
LED450NM,11,3,5,480000,608.0607166666666,255.58164564085268
LED450NM,11,4,5,480000,612.9191208333333,263.3775234023595
LED450NM,11,5,5,480000,614.6648770833333,268.94336956358313
LED450NM,11,6,5,480000,621.6610604166667,271.3857745234795
LED450NM,11,7,5,480000,639.5407208333334,285.388091757196
LED450NM,11,8,5,480000,664.8059729166666,302.1574911803571
LED450NM,11,9,5,480000,711.2190729166666,338.33748192567606
LED450NM,11,10,5,480000,744.8710895833333,364.4640083122353
LED450NM,11,11,5,480000,784.8609104166667,399.03614881403644
LED450NM,11,12,5,480000,831.86705,436.8265661937594
LED450NM,11,13,5,480000,941.5168,380.7492526708709
LED450NM,11,14,5,480000,987.1886145833333,417.89168666149476
LED450NM,11,15,5,480000,1043.4529979166666,308.222756512998
LED450NM,11,16,5,480000,1031.7796625,594.8123720038833
LED450NM,11,17,5,480000,1077.7041583333332,629.1045791097653
LED450NM,11,18,5,480000,1157.72125625,675.1023559245209
LED450NM,11,19,5,480000,1190.59271875,706.91893057059
LED450NM,11,20,5,480000,1232.70315,737.6117096617146
LED450NM,11,21,5,480000,1309.3258291666666,731.7985823369394
LED450NM,11,22,5,480000,1354.3105791666667,777.0874355184114
LED450NM,11,23,5,480000,1421.6741625,657.2256413965376
LED450NM,11,24,5,480000,1471.8578270833334,527.7895893146673
LED450NM,11,25,5,480000,1392.8256875,871.4519146053436
LED450NM,11,26,5,480000,1429.17036875,899.5135238847564
LED450NM,11,27,5,480000,1573.6238625,644.9834682633975
LED450NM,11,28,5,480000,1455.80523125,946.1098895127797
LED450NM,11,29,5,480000,1573.33901875,928.6019739650051
LED450NM,11,30,5,480000,1608.6194020833334,980.0642816489008
LED450NM,11,31,5,480000,1616.0984666666666,1045.546056864617
LED450NM,11,32,5,480000,1725.3475479166666,667.8807784390581
LED450NM,11,33,5,480000,1589.21421875,1078.910730134755
LED450NM,11,34,5,480000,1777.5161270833332,940.5978349179936
LED450NM,11,35,5,480000,1624.0373666666667,1117.3240635943835
LED450NM,11,36,5,480000,1622.151175,1133.9402694881917
LED450NM,11,37,5,480000,1666.0112895833333,1167.9223153637524
LED450NM,11,38,5,480000,1700.0465708333334,1197.4369383108062
LED450NM,11,39,5,480000,1723.9654291666666,1221.4484583138815
LED450NM,11,40,5,480000,1735.2463833333334,1237.3229294442847
LED450NM,11,41,5,480000,1780.6213916666666,1268.6476088887187
LED450NM,11,42,5,480000,1973.1361083333334,1176.404781748338
LED450NM,11,43,5,480000,1850.0681541666668,1330.3462785731176
LED450NM,11,44,5,480000,1874.1254645833333,1348.5225114725456
LED450NM,11,45,5,480000,1889.43335625,1364.1003797101139
LED450NM,11,46,5,480000,1901.1862666666666,1390.0060205597056
LED450NM,11,47,5,480000,1935.4118895833333,1428.0222076511582
LED450NM,11,48,5,480000,1960.4052708333334,1446.070542597439
LED450NM,11,49,5,480000,1975.9398708333333,1465.9581975129156
LED450NM,11,50,5,480000,2013.7206770833334,1489.1901020009025
LED450NM,11,51,5,480000,2164.0538729166665,1509.1444367159247
LED450NM,11,52,5,480000,2273.8951041666664,1326.1698307111842
LED450NM,11,53,5,480000,2254.3143958333335,1499.8536513541112
LED450NM,11,54,5,480000,2098.1877604166666,1583.7297913385066
LED450NM,11,55,5,480000,2160.820529166667,1622.3764380719576
LED450NM,11,56,5,480000,2122.1737520833335,1622.4872784490371
LED450NM,11,57,5,480000,2118.81079375,1614.3650113676517
LED450NM,11,58,5,480000,2222.1308979166665,1693.5765434395496
LED450NM,11,59,5,480000,2417.8633979166666,1463.368086124536
LED450NM,11,60,5,480000,2459.1905354166665,1264.2313558947606
LED450NM,11,61,5,480000,2471.62338125,1204.5551016237907
LED450NM,11,62,5,480000,2466.13435625,1248.9213088603626
LED450NM,11,63,5,480000,2483.1346645833332,1372.2108387291898
LED450NM,11,64,5,480000,2511.9041854166667,1328.2661978844762
LED450NM,11,65,5,480000,2424.7647875,1649.8974577934875
LED450NM,11,66,5,480000,2433.9251125,1667.9009756815187
LED450NM,11,67,5,480000,2395.47768125,1806.2428476380303
LED450NM,11,68,5,480000,2512.06515625,1524.7168512609962
LED450NM,11,69,5,480000,2537.568,1433.9160326710207
LED450NM,11,70,5,480000,2570.71461875,1506.6798257693831
LED450NM,11,71,5,480000,2624.5714708333335,1347.8008344290906
LED450NM,11,72,5,480000,2641.7473875,1294.881915413947
LED450NM,11,73,5,480000,2321.69679375,1939.443055025004
LED450NM,11,74,5,480000,2577.6819895833332,1773.0292569405874
LED450NM,11,75,5,480000,2667.3708354166665,1502.3286747149164
LED450NM,11,76,5,480000,2674.9088395833332,1520.5545800683585
LED450NM,11,77,5,480000,2694.6415854166667,1569.1857746958249
LED450NM,11,78,5,480000,2724.082125,1505.8080747203423
LED450NM,11,79,5,480000,2739.3936895833335,1474.5694199092252
LED450NM,11,80,5,480000,2718.1712916666665,1411.6064370900854
LED450NM,11,81,5,480000,2745.80936875,1439.5233347258193
LED450NM,11,82,5,480000,2763.870266666667,1387.7624353322374
LED450NM,11,83,5,480000,2752.3843583333332,1482.7709412019235
LED450NM,11,84,5,480000,2425.4004395833335,2157.679955692238
LED450NM,11,85,5,480000,2415.3263729166665,2163.6255002299504
LED450NM,11,86,5,480000,2451.929852083333,2201.134929107146
LED450NM,11,87,5,480000,2782.1859645833333,1799.3618396874551
LED450NM,11,88,5,480000,2788.74215,1556.0541921277606
LED450NM,11,89,5,480000,2835.6409916666667,1524.9944843330907
LED450NM,11,90,5,480000,2847.93490625,1690.6833158033235
LED450NM,11,91,5,480000,2864.480397916667,1786.7148593762124
LED450NM,11,92,5,480000,2822.7266208333335,1718.149454453492
LED450NM,11,93,5,480000,2658.17945625,2248.681557670154
LED450NM,11,94,5,480000,2832.703539583333,1897.4315283673536
LED450NM,11,95,5,480000,2490.1516541666665,2232.661370392447
LED450NM,11,96,5,480000,2501.965602083333,2276.4010754226797
LED450NM,11,97,5,480000,2687.22925625,2307.596167292273
LED450NM,11,98,5,480000,2881.372208333333,1810.599041205734
LED450NM,11,99,5,480000,2886.49568125,1695.4657821396302
LED450NM,11,100,5,480000,2898.58980625,1774.5362294652757
LED450NM,11,101,5,480000,2859.16110625,1649.8305042239015
LED450NM,11,102,5,480000,2881.5454208333335,1569.5530535512164
LED450NM,11,103,5,480000,2874.64489375,1570.4067742087723
LED450NM,11,104,5,480000,2903.5306875,1564.8527274408636
LED450NM,11,105,5,480000,2877.6014291666665,1520.797276859671
LED450NM,11,106,5,480000,2885.680872916667,1543.7331552568128
LED450NM,11,107,5,480000,2889.0529291666667,1530.7183470999826
LED450NM,11,108,5,480000,2892.2851854166665,1609.870670011423
LED450NM,11,109,5,480000,2886.6415875,1583.7364689960193
LED450NM,11,110,5,480000,2891.850875,1603.734242702294
LED450NM,11,111,5,480000,2925.3914875,1636.8057767977148
LED450NM,11,112,5,480000,2927.486264583333,1640.5133138666806
LED450NM,11,113,5,480000,2932.9166270833334,1633.499054745734
LED450NM,11,114,5,480000,2939.4990541666666,1581.0413919599866
LED450NM,11,115,5,480000,2522.9103854166665,2463.192614332155
LED450NM,11,116,5,480000,2518.3853416666666,2481.092427061139
LED450NM,11,117,5,480000,2520.8861854166666,2491.7579079851753
LED450NM,11,118,5,480000,2509.1729791666667,2513.353402188971
LED450NM,11,119,5,480000,2498.27981875,2496.945289771461
LED450NM,11,120,5,480000,2493.389275,2501.14509279466
LED450NM,11,121,5,480000,2467.7433166666665,2492.8164470561537
LED450NM,11,122,5,480000,2490.5411291666665,2517.426128317054
LED450NM,11,123,5,480000,2454.12948125,2478.981518019552
LED450NM,11,124,5,480000,2442.064725,2488.002715777224
LED450NM,11,125,5,480000,2473.63184375,2530.182504302748
LED450NM,11,126,5,480000,2491.4572354166667,2544.8870652906567
LED450NM,11,127,5,480000,2493.8813625,2548.9758851097386
LED450NM,11,128,5,480000,2482.14395,2557.364868750657
LED450NM,11,129,5,480000,2457.3123333333333,2526.6481114672897
LED450NM,11,130,5,480000,2477.3590208333335,2551.477092788582
LED450NM,11,131,5,480000,2479.6494145833335,2549.1205417694778
LED450NM,11,132,5,480000,2497.524075,2576.6431854562043
LED450NM,11,133,5,480000,2476.939625,2571.6668849261355
LED450NM,11,134,5,480000,2475.6185,2578.758580236057
LED450NM,11,135,5,480000,2488.5369833333334,2609.0582939138344
LED450NM,11,136,5,480000,2483.0182416666667,2590.636259801938
LED450NM,11,137,5,480000,2468.11691875,2592.4535210368294
LED450NM,11,138,5,480000,2413.7542604166665,2492.226550144129
LED450NM,11,139,5,480000,2431.367277083333,2519.0625107239057
LED450NM,11,140,5,480000,2418.2610291666665,2497.386765138466
LED450NM,11,141,5,480000,2445.7387354166667,2522.69862650289
LED450NM,11,142,5,480000,2426.1914104166667,2527.9186269763777
LED450NM,11,143,5,480000,2414.9751708333333,2541.903904276316
LED450NM,11,144,5,480000,2404.614175,2519.931922932457
LED450NM,11,145,5,480000,2414.3883416666667,2531.9361931466105
LED450NM,11,146,5,480000,2444.089752083333,2579.3029152436025
LED450NM,11,147,5,480000,2323.5389875,2465.0549241938756
LED450NM,11,148,5,480000,2317.64688125,2438.972260171122
LED450NM,11,149,5,480000,2339.63428125,2482.7201630607797
LED450NM,11,150,5,480000,2325.3783916666666,2451.381952853957
LED450NM,11,151,5,480000,2341.8278708333332,2482.8126562338293
LED450NM,11,152,5,480000,2356.7693083333334,2515.022541111316
LED450NM,11,153,5,480000,2349.45593125,2500.2821945156734
LED450NM,11,154,5,480000,2364.460916666667,2538.900216745266
LED450NM,11,155,5,480000,2360.56468125,2532.5714130478473
LED450NM,11,156,5,480000,2366.601760416667,2555.83090911315
LED450NM,11,157,5,480000,2354.8618791666668,2547.079285162904
LED450NM,11,158,5,480000,2365.9916270833332,2554.4285335852474
LED450NM,11,159,5,480000,2372.8322354166667,2551.499618490492
LED450NM,11,160,5,480000,2344.227427083333,2535.441822510889
LED450NM,11,161,5,480000,2421.3906333333334,2623.8627962401347
LED450NM,11,162,5,480000,2428.8283083333336,2639.0852510704926
LED450NM,11,163,5,480000,2389.49280625,2596.6040117017747
LED450NM,11,164,5,480000,2406.503402083333,2605.128613638252
LED450NM,11,165,5,480000,2408.85839375,2615.1284870552895
LED450NM,11,166,5,480000,2410.159579166667,2620.867165550267
LED450NM,11,167,5,480000,2407.6271104166667,2625.298288373871
LED450NM,11,168,5,480000,2419.0028208333333,2626.0934347152506
LED450NM,11,169,5,480000,2413.92779375,2633.444256803722
LED450NM,11,170,5,480000,2405.7146708333335,2631.372532640954
LED450NM,11,171,5,480000,2369.1551270833334,2613.774585441555
LED450NM,11,172,5,480000,2377.9719833333334,2619.088822294737
LED450NM,11,173,5,480000,2375.8961604166666,2626.93546333751
LED450NM,11,174,5,480000,2369.7343166666665,2622.4301793533414
LED450NM,11,175,5,480000,2378.1814479166665,2620.7702010906205
LED450NM,11,176,5,480000,2383.60309375,2624.943931875183
LED450NM,11,177,5,480000,2378.660725,2623.8870934845836
LED450NM,11,178,5,480000,2378.2618520833335,2636.001674914535
LED450NM,11,179,5,480000,2393.17776875,2645.2491248439824
LED450NM,11,180,5,480000,2385.8661375,2641.0009095057117
LED450NM,11,181,5,480000,2381.6576,2638.387335423018
LED450NM,11,182,5,480000,2372.072958333333,2638.108086791318
LED450NM,11,183,5,480000,2363.97149375,2633.335754930169
LED450NM,11,184,5,480000,2364.0843604166666,2637.730275744105
LED450NM,11,185,5,480000,2346.7807770833333,2615.648930548765
LED450NM,11,186,5,480000,2343.85956875,2622.042979971657
LED450NM,11,187,5,480000,2347.0811958333334,2628.856816788222
LED450NM,11,188,5,480000,2305.123670833333,2550.966282998077
LED450NM,11,189,5,480000,2296.7637604166666,2540.3072053865408
LED450NM,11,190,5,480000,2278.8456291666666,2535.138644618964
LED450NM,11,191,5,480000,2266.057575,2537.3335884213084
LED450NM,11,192,5,480000,2242.7469708333333,2516.913444853552
LED450NM,11,193,5,480000,2232.89608125,2511.5104073244074
LED450NM,11,194,5,480000,2237.1908416666665,2531.814530421701
LED450NM,12,0,5,480000,621.642375,237.40499163741143
LED450NM,12,1,5,480000,627.3201916666667,241.76223698390794
LED450NM,12,2,5,480000,623.6544083333333,239.92867037184183
LED450NM,12,3,5,480000,628.6317520833334,243.6166025483934
LED450NM,12,4,5,480000,627.7151916666667,240.9388701535722
LED450NM,12,5,5,480000,634.1903708333333,242.56622290063214
LED450NM,12,6,5,480000,645.0668479166667,248.98859772274588
LED450NM,12,7,5,480000,661.4358625,256.6835730909059
LED450NM,12,8,5,480000,687.01930625,271.2673835370163
LED450NM,12,9,5,480000,731.31396875,305.6510804834613
LED450NM,12,10,5,480000,763.5128291666666,328.47498977280725
LED450NM,12,11,5,480000,790.7129979166667,351.2020607953312
LED450NM,12,12,5,480000,821.060575,373.95848228424506
LED450NM,12,13,5,480000,908.9172416666667,316.19344685554694
LED450NM,12,14,5,480000,880.5249104166667,418.55830531755606
LED450NM,12,15,5,480000,972.77598125,290.8919657582226
LED450NM,12,16,5,480000,948.0192395833334,484.17581947599894
LED450NM,12,17,5,480000,954.1262625,476.73725608674056
LED450NM,12,18,5,480000,996.6551645833333,524.7036918774113
LED450NM,12,19,5,480000,1006.3322791666667,536.772220541192
LED450NM,12,20,5,480000,1016.9853958333333,544.9976452388441
LED450NM,12,21,5,480000,1052.4685,583.5118802520219
LED450NM,12,22,5,480000,1084.6264666666666,588.9822300746282
LED450NM,12,23,5,480000,1133.2412208333333,463.0194567141244
LED450NM,12,24,5,480000,1132.1875083333334,572.6913826535414
LED450NM,12,25,5,480000,1064.3660854166667,604.8689817502225
LED450NM,12,26,5,480000,1063.3254916666667,610.7537024899439
LED450NM,12,27,5,480000,1174.1975375,550.8218666000555
LED450NM,12,28,5,480000,1087.0315979166667,641.2768302765104
LED450NM,12,29,5,480000,1164.9601729166666,709.6346329532685
LED450NM,12,30,5,480000,1170.3165895833333,731.4858001343013
LED450NM,12,31,5,480000,1141.6814083333334,734.6115132754522
LED450NM,12,32,5,480000,1241.1614604166666,610.6009314493255
LED450NM,12,33,5,480000,1127.9998020833334,719.5518027288775
LED450NM,12,34,5,480000,1232.1816958333334,765.3149164771698
LED450NM,12,35,5,480000,1154.8028604166666,756.3242175376254
LED450NM,12,36,5,480000,1166.35348125,775.5754603672827
LED450NM,12,37,5,480000,1175.8653041666666,795.652417890207
LED450NM,12,38,5,480000,1190.1479041666666,816.8556553609645
LED450NM,12,39,5,480000,1199.15401875,836.7994532898199
LED450NM,12,40,5,480000,1212.4013854166667,851.5573317434341
LED450NM,12,41,5,480000,1238.2256395833333,910.0460180130244
LED450NM,12,42,5,480000,1328.5808104166667,921.2898847850098
LED450NM,12,43,5,480000,1238.4601395833333,895.8439530192449
LED450NM,12,44,5,480000,1256.7679270833332,928.3578624279241
LED450NM,12,45,5,480000,1267.2073229166667,929.2670406778262
LED450NM,12,46,5,480000,1284.8693270833332,965.6275382650595
LED450NM,12,47,5,480000,1294.68189375,983.4581625390394
LED450NM,12,48,5,480000,1312.89185,1017.3649222948851
LED450NM,12,49,5,480000,1321.2614416666668,1024.8427345524392
LED450NM,12,50,5,480000,1333.3187916666666,1038.713976973148
LED450NM,12,51,5,480000,1421.0017729166666,1133.301672799336
LED450NM,12,52,5,480000,1460.94536875,1114.9415191132268
LED450NM,12,53,5,480000,1413.0186854166666,1194.7517617963317
LED450NM,12,54,5,480000,1357.7495791666668,1094.14752067431
LED450NM,12,55,5,480000,1377.1552291666667,1154.1650623248852
LED450NM,12,56,5,480000,1396.8263645833333,1192.4393797514372
LED450NM,12,57,5,480000,1377.5940354166667,1111.553483015178
LED450NM,12,58,5,480000,1427.3498479166667,1225.7066840994296
LED450NM,12,59,5,480000,1553.4326520833333,1230.2323131584774
LED450NM,12,60,5,480000,1589.1484625,1116.925740647688
LED450NM,12,61,5,480000,1575.55238125,1099.7900126169714
LED450NM,12,62,5,480000,1552.1154625,1118.5464589021672
LED450NM,12,63,5,480000,1533.22499375,1182.5183132129762
LED450NM,12,64,5,480000,1554.5275041666666,1130.1888406376409
LED450NM,12,65,5,480000,1502.687775,1306.7657663064751
LED450NM,12,66,5,480000,1515.2133229166666,1309.1962113909499
LED450NM,12,67,5,480000,1462.022625,1344.7696201877018
LED450NM,12,68,5,480000,1544.2027625,1282.7423209735207
LED450NM,12,69,5,480000,1529.33140625,1179.3319600860116
LED450NM,12,70,5,480000,1547.13789375,1110.3705624887411
LED450NM,12,71,5,480000,1541.8186479166666,1101.985430564309
LED450NM,12,72,5,480000,1536.7159770833334,1069.1011918408688
LED450NM,12,73,5,480000,1369.7919583333332,1142.5185233572795
LED450NM,12,74,5,480000,1430.0007520833333,1308.4719479596615
LED450NM,12,75,5,480000,1379.9736354166666,1185.674072464826
LED450NM,12,76,5,480000,1509.1733958333334,1163.7608742047132
LED450NM,12,77,5,480000,1514.9878729166667,1194.5483661325802
LED450NM,12,78,5,480000,1532.1820145833333,1149.9800672085328
LED450NM,12,79,5,480000,1540.8441666666668,1132.251468225723
LED450NM,12,80,5,480000,1575.4998395833334,1115.9294667021481
LED450NM,12,81,5,480000,1583.1337291666666,1117.0414184352535
LED450NM,12,82,5,480000,1589.73595625,1106.799994247522
LED450NM,12,83,5,480000,1584.2740104166667,1113.1940507403497
LED450NM,12,84,5,480000,1410.2348645833333,1246.5009799648017
LED450NM,12,85,5,480000,1407.9085708333334,1250.543125693742
LED450NM,12,86,5,480000,1389.7240520833334,1209.7070686726179
LED450NM,12,87,5,480000,1546.2980270833334,1253.497468254101
LED450NM,12,88,5,480000,1582.1613791666666,1176.1310034611781
LED450NM,12,89,5,480000,1576.0469,1175.3892853240395
LED450NM,12,90,5,480000,1538.8936541666667,1288.1049919758343
LED450NM,12,91,5,480000,1528.1819791666667,1283.7452276624372
LED450NM,12,92,5,480000,1556.66475625,1279.014269226323
LED450NM,12,93,5,480000,1457.4233354166668,1450.359215897637
LED450NM,12,94,5,480000,1512.70706875,1309.7403135838415
LED450NM,12,95,5,480000,1373.5729708333333,1235.1964137909097
LED450NM,12,96,5,480000,1380.2819,1239.306284174695
LED450NM,12,97,5,480000,1436.6955291666666,1412.64444215067
LED450NM,12,98,5,480000,1534.0207729166666,1275.1007871470667
LED450NM,12,99,5,480000,1545.79280625,1206.367208087087
LED450NM,12,100,5,480000,1551.3753916666667,1248.0529145691019
LED450NM,12,101,5,480000,1568.93760625,1218.3971779541364
LED450NM,12,102,5,480000,1564.2015520833334,1164.3015774791802
LED450NM,12,103,5,480000,1548.9868229166666,1158.5729193653635
LED450NM,12,104,5,480000,1553.7768,1134.449355652377
LED450NM,12,105,5,480000,1561.0168416666668,1120.6157525588444
LED450NM,12,106,5,480000,1552.5468166666667,1130.097662719112
LED450NM,12,107,5,480000,1554.5259354166667,1126.2448329729143
LED450NM,12,108,5,480000,1558.0322,1136.9017657214981
LED450NM,12,109,5,480000,1573.5738979166667,1142.5411314156693
LED450NM,12,110,5,480000,1576.7647416666666,1131.3585048512914
LED450NM,12,111,5,480000,1565.7786375,1159.0652253354758
LED450NM,12,112,5,480000,1576.9116416666666,1179.1713763261773
LED450NM,12,113,5,480000,1586.4571125,1187.7784439089762
LED450NM,12,114,5,480000,1584.3700458333333,1190.8281944702385
LED450NM,12,115,5,480000,1394.37521875,1360.9302657589794
LED450NM,12,116,5,480000,1374.6862895833333,1340.2285867671446
LED450NM,12,117,5,480000,1377.5040166666668,1342.1399547413203
LED450NM,12,118,5,480000,1380.90618125,1350.605201829335
LED450NM,12,119,5,480000,1383.8225125,1354.4812843630784
LED450NM,12,120,5,480000,1381.68849375,1348.3725710645679
LED450NM,12,121,5,480000,1387.9358020833333,1344.7842967668498
LED450NM,12,122,5,480000,1390.6799854166666,1357.4841861590567
LED450NM,12,123,5,480000,1401.66129375,1369.3928018457036
LED450NM,12,124,5,480000,1420.09670625,1399.7448650513008
LED450NM,12,125,5,480000,1428.39453125,1404.98581117735
LED450NM,12,126,5,480000,1396.00685625,1363.2073630569103
LED450NM,12,127,5,480000,1404.8008895833334,1376.247276106463
LED450NM,12,128,5,480000,1412.3104208333334,1389.8052119831661
LED450NM,12,129,5,480000,1420.335875,1413.517018704462
LED450NM,12,130,5,480000,1393.1271770833334,1374.104065021001
LED450NM,12,131,5,480000,1409.6492979166667,1389.656909190226
LED450NM,12,132,5,480000,1417.0210770833332,1387.6520517524702
LED450NM,12,133,5,480000,1420.2838708333334,1398.2500887763904
LED450NM,12,134,5,480000,1415.6166645833334,1399.0810360844155
LED450NM,12,135,5,480000,1424.14040625,1419.2559557610348
LED450NM,12,136,5,480000,1421.0751354166666,1400.973545072944
LED450NM,12,137,5,480000,1415.5580416666667,1394.7004789058944
LED450NM,12,138,5,480000,1409.14325625,1394.181694672146
LED450NM,12,139,5,480000,1418.8976041666667,1432.630006848742
LED450NM,12,140,5,480000,1423.9683416666667,1412.9097847652022
LED450NM,12,141,5,480000,1413.1246208333334,1415.8667372521852
LED450NM,12,142,5,480000,1404.6011708333333,1414.6846861999422
LED450NM,12,143,5,480000,1377.7593479166667,1380.5201187298303
LED450NM,12,144,5,480000,1381.9539416666667,1387.4062912587874
LED450NM,12,145,5,480000,1359.5475083333333,1347.332983188934
LED450NM,12,146,5,480000,1343.0106666666666,1342.915189427298
LED450NM,12,147,5,480000,1345.1337583333334,1358.3550516695582
LED450NM,12,148,5,480000,1352.94298125,1362.6796968232406
LED450NM,12,149,5,480000,1344.8062083333334,1368.794185120535
LED450NM,12,150,5,480000,1338.9812875,1371.7512333099403
LED450NM,12,151,5,480000,1330.0704375,1347.0289241701746
LED450NM,12,152,5,480000,1330.6084291666666,1348.6030994241594
LED450NM,12,153,5,480000,1320.5609291666667,1326.5076555565506
LED450NM,12,154,5,480000,1314.2486083333333,1320.6437029966598
LED450NM,12,155,5,480000,1304.0549395833334,1324.8167894390376
LED450NM,12,156,5,480000,1292.53543125,1315.9748666541698
LED450NM,12,157,5,480000,1282.36091875,1306.296249134261
LED450NM,12,158,5,480000,1287.1818916666666,1326.800699527032
LED450NM,12,159,5,480000,1276.7582479166667,1316.6962863766319
LED450NM,12,160,5,480000,1277.8400791666666,1322.0147479432646
LED450NM,12,161,5,480000,1303.0682354166668,1428.4179440221073
LED450NM,12,162,5,480000,1306.0983479166666,1434.9755030184674
LED450NM,12,163,5,480000,1295.0248895833333,1427.2373274045065
LED450NM,12,164,5,480000,1300.90775625,1436.8963342295576
LED450NM,12,165,5,480000,1295.3826541666667,1435.9931058463646
LED450NM,12,166,5,480000,1310.7072625,1452.534350826085
LED450NM,12,167,5,480000,1322.6948958333332,1468.1499001020914
LED450NM,12,168,5,480000,1326.5125125,1471.967111894014
LED450NM,12,169,5,480000,1322.80121875,1473.5063207012147
LED450NM,12,170,5,480000,1322.5033541666667,1477.6154231766743
LED450NM,12,171,5,480000,1332.2487166666667,1493.4582853099223
LED450NM,12,172,5,480000,1327.969975,1493.9025526475389
LED450NM,12,173,5,480000,1334.63359375,1500.0731388136414
LED450NM,12,174,5,480000,1337.4193708333332,1506.2400505712133
LED450NM,12,175,5,480000,1348.11106875,1516.1487320370263
LED450NM,12,176,5,480000,1340.8361520833334,1522.3937848109285
LED450NM,12,177,5,480000,1319.9666708333334,1492.71238622069
LED450NM,12,178,5,480000,1311.03893125,1496.073754178118
LED450NM,12,179,5,480000,1322.5826791666666,1510.7140648704801
LED450NM,12,180,5,480000,1324.4579520833333,1516.4232796516521
LED450NM,12,181,5,480000,1313.38354375,1515.1153220108722
LED450NM,12,182,5,480000,1316.4884541666668,1522.8991111555488
LED450NM,12,183,5,480000,1329.3797166666666,1542.4138773697396
LED450NM,12,184,5,480000,1317.471875,1527.5650356179005
LED450NM,12,185,5,480000,1323.5481270833334,1517.9835140314547
LED450NM,12,186,5,480000,1312.720175,1507.4384993266347
LED450NM,12,187,5,480000,1305.5785375,1513.85800745651
LED450NM,12,188,5,480000,1305.1281729166667,1524.4526516312185
LED450NM,12,189,5,480000,1313.20268125,1537.0121705687827
LED450NM,12,190,5,480000,1327.7893791666668,1567.1092232559492
LED450NM,12,191,5,480000,1315.02439375,1561.4728604865968
LED450NM,12,192,5,480000,1319.4713895833333,1569.4201108949267
LED450NM,12,193,5,480000,1336.1742479166667,1587.3525098316736
LED450NM,12,194,5,480000,1333.3283458333333,1591.7833304849776
LED450NM,13,0,5,480000,623.0031416666667,244.53482146917904
LED450NM,13,1,5,480000,628.2437291666666,251.7360908608987
LED450NM,13,2,5,480000,627.3705104166667,250.3874005232315
LED450NM,13,3,5,480000,638.81243125,259.23581384210917
LED450NM,13,4,5,480000,650.1293375,265.35530904520783
LED450NM,13,5,5,480000,659.6120854166667,268.2129134804898
LED450NM,13,6,5,480000,683.5352916666667,277.96339582218064
LED450NM,13,7,5,480000,705.6665729166667,292.7340513434736
LED450NM,13,8,5,480000,755.181,326.51274355145773
LED450NM,13,9,5,480000,790.2808916666667,357.10250598841355
LED450NM,13,10,5,480000,831.6404333333334,387.63088606642987
LED450NM,13,11,5,480000,865.4392,412.83619947770245
LED450NM,13,12,5,480000,906.57643125,442.7402613223288
LED450NM,13,13,5,480000,1013.6533,390.5282023041912
LED450NM,13,14,5,480000,995.4710041666667,505.95782604719966
LED450NM,13,15,5,480000,1085.01358125,314.215675155563
LED450NM,13,16,5,480000,1063.7383291666667,553.9808863760929
LED450NM,13,17,5,480000,1057.6248,549.2791818373968
LED450NM,13,18,5,480000,1143.2503020833333,580.2423875460298
LED450NM,13,19,5,480000,1106.75016875,585.9331305907953
LED450NM,13,20,5,480000,1158.5797083333334,634.2473766243853
LED450NM,13,21,5,480000,1184.0325104166666,645.3475885160566
LED450NM,13,22,5,480000,1225.2870354166666,649.3579109142504
LED450NM,13,23,5,480000,1279.7582604166666,522.8999069028959
LED450NM,13,24,5,480000,1300.6404333333332,596.3022125700851
LED450NM,13,25,5,480000,1201.32261875,663.8130344758672
LED450NM,13,26,5,480000,1287.0337166666666,717.3826598393541
LED450NM,13,27,5,480000,1348.7400541666666,597.4104405814011
LED450NM,13,28,5,480000,1238.9935,707.165894097288
LED450NM,13,29,5,480000,1332.44175625,781.3756103496783
LED450NM,13,30,5,480000,1311.20751875,804.1241777837457
LED450NM,13,31,5,480000,1313.6314604166666,798.4186983431639
LED450NM,13,32,5,480000,1374.36249375,830.3068143691611
LED450NM,13,33,5,480000,1313.5822895833332,777.2522945469022
LED450NM,13,34,5,480000,1446.9015354166668,828.2866578783636
LED450NM,13,35,5,480000,1347.6871041666666,799.3474727527432
LED450NM,13,36,5,480000,1368.0295520833333,823.8260962851471
LED450NM,13,37,5,480000,1374.0500625,839.2446398411367
LED450NM,13,38,5,480000,1395.38864375,856.2831279429635
LED450NM,13,39,5,480000,1399.6836333333333,881.8510358211295
LED450NM,13,40,5,480000,1411.732675,900.0032387417713
LED450NM,13,41,5,480000,1536.9811270833334,991.528463037024
LED450NM,13,42,5,480000,1497.2339416666666,1045.292646965654
LED450NM,13,43,5,480000,1466.78883125,978.6167472708655
LED450NM,13,44,5,480000,1482.8103854166666,1010.1698327459891
LED450NM,13,45,5,480000,1505.154075,1037.9317570687042
LED450NM,13,46,5,480000,1534.2304979166668,1067.1238299581078
LED450NM,13,47,5,480000,1542.4660479166666,1056.6524828228007
LED450NM,13,48,5,480000,1563.2504916666667,1094.9344250017555
LED450NM,13,49,5,480000,1577.7348479166667,1107.7154774601595
LED450NM,13,50,5,480000,1588.8648958333333,1123.4436032523088
LED450NM,13,51,5,480000,1732.9498041666666,1211.7690238539874
LED450NM,13,52,5,480000,1765.8971791666668,1174.824544475845
LED450NM,13,53,5,480000,1695.8472395833332,1243.3224702082207
LED450NM,13,54,5,480000,1637.1449125,1186.2189838834006
LED450NM,13,55,5,480000,1653.2347479166667,1237.1130980076825
LED450NM,13,56,5,480000,1653.1102,1248.525292093687
LED450NM,13,57,5,480000,1654.4171083333333,1207.9587497905873
LED450NM,13,58,5,480000,1695.2966583333334,1302.338120262809
LED450NM,13,59,5,480000,1835.1034875,1281.0067139407079
LED450NM,13,60,5,480000,1868.3141083333333,1168.4228428734414
LED450NM,13,61,5,480000,1882.9137895833333,1136.855827873459
LED450NM,13,62,5,480000,1883.81735,1210.2215885296148
LED450NM,13,63,5,480000,1883.8489604166666,1272.342073571724
LED450NM,13,64,5,480000,1918.35354375,1192.65789667472
LED450NM,13,65,5,480000,1840.4695625,1409.4407884255818
LED450NM,13,66,5,480000,1857.15233125,1406.4166277404336
LED450NM,13,67,5,480000,1849.30265,1429.9821928709384
LED450NM,13,68,5,480000,1896.3025729166666,1369.483799226329
LED450NM,13,69,5,480000,1929.2639833333333,1334.784150580897
LED450NM,13,70,5,480000,1948.1088375,1270.828213674478
LED450NM,13,71,5,480000,1982.99485,1248.8381357046014
LED450NM,13,72,5,480000,1990.3678333333332,1256.0029899740043
LED450NM,13,73,5,480000,1749.7026333333333,1339.062888731232
LED450NM,13,74,5,480000,1908.7920604166666,1472.0773081575505
LED450NM,13,75,5,480000,1755.874375,1363.1802106279001
LED450NM,13,76,5,480000,1949.0773729166667,1405.3018136043522
LED450NM,13,77,5,480000,1953.1230875,1414.2531888522062
LED450NM,13,78,5,480000,1988.4349270833334,1406.6621308241301
LED450NM,13,79,5,480000,1995.2796625,1382.1668669630858
LED450NM,13,80,5,480000,2017.62730625,1353.1445876709254
LED450NM,13,81,5,480000,2008.1768895833334,1351.2346793040153
LED450NM,13,82,5,480000,2023.9780125,1375.9634307064814
LED450NM,13,83,5,480000,2031.8842166666666,1383.7434614744839
LED450NM,13,84,5,480000,1812.1191166666667,1477.595319272574
LED450NM,13,85,5,480000,1817.24513125,1482.5944674793084
LED450NM,13,86,5,480000,1825.5384895833333,1495.5708490802274
LED450NM,13,87,5,480000,2034.82990625,1583.7252455311495
LED450NM,13,88,5,480000,2072.01945625,1487.7852132779576
LED450NM,13,89,5,480000,2072.913902083333,1441.0518064397957
LED450NM,13,90,5,480000,2065.5931145833333,1514.7372993431375
LED450NM,13,91,5,480000,2028.4540625,1628.3453233632333
LED450NM,13,92,5,480000,2046.6591895833333,1559.0796520144
LED450NM,13,93,5,480000,1843.97850625,1586.4492263156744
LED450NM,13,94,5,480000,2039.2834416666667,1660.7700168704341
LED450NM,13,95,5,480000,1878.6201041666666,1607.573171675758
LED450NM,13,96,5,480000,1876.3544375,1608.8827174338694
LED450NM,13,97,5,480000,1976.5645979166666,1832.612729185559
LED450NM,13,98,5,480000,2104.9731625,1642.4077556925124
LED450NM,13,99,5,480000,2130.429633333333,1587.169320917284
LED450NM,13,100,5,480000,2138.152902083333,1616.6147520288198
LED450NM,13,101,5,480000,2178.73241875,1554.9742722383517
LED450NM,13,102,5,480000,2134.2307604166667,1518.793978830203
LED450NM,13,103,5,480000,2117.091372916667,1498.6600856011034
LED450NM,13,104,5,480000,2113.7952833333334,1479.7635438486739
LED450NM,13,105,5,480000,2133.5111583333332,1454.3152613688999
LED450NM,13,106,5,480000,2158.88629375,1465.136282613773
LED450NM,13,107,5,480000,2128.6834458333333,1451.5757805175472
LED450NM,13,108,5,480000,2113.373125,1487.0437933876508
LED450NM,13,109,5,480000,2108.3696916666668,1477.0072264629937
LED450NM,13,110,5,480000,2128.861895833333,1477.0720028595106
LED450NM,13,111,5,480000,2120.2417979166667,1443.2142108886162
LED450NM,13,112,5,480000,2103.25684375,1419.1327452268297
LED450NM,13,113,5,480000,2110.056652083333,1419.3443493787752
LED450NM,13,114,5,480000,2130.5347645833335,1432.1810044662386
LED450NM,13,115,5,480000,1837.9019895833333,1657.520373479677
LED450NM,13,116,5,480000,1819.7239083333334,1653.7467083686238
LED450NM,13,117,5,480000,1844.7494354166668,1685.5666177217104
LED450NM,13,118,5,480000,1829.1254229166666,1645.6465031347132
LED450NM,13,119,5,480000,1786.3618958333334,1585.2737458579213
LED450NM,13,120,5,480000,1802.4014916666667,1603.7105502475424
LED450NM,13,121,5,480000,1787.7488708333333,1608.7485826466095
LED450NM,13,122,5,480000,1780.6444104166667,1619.7565142212882
LED450NM,13,123,5,480000,1766.2423916666667,1608.5360449840553
LED450NM,13,124,5,480000,1757.8373229166666,1603.7669369502903
LED450NM,13,125,5,480000,1760.62329375,1612.5715412471839
LED450NM,13,126,5,480000,1746.0433395833334,1584.392260046292
LED450NM,13,127,5,480000,1755.8672125,1601.9274316535525
LED450NM,13,128,5,480000,1757.0924458333334,1627.3205945394106
LED450NM,13,129,5,480000,1763.5895958333333,1649.715428851065
LED450NM,13,130,5,480000,1768.1874416666667,1629.4949079849728
LED450NM,13,131,5,480000,1768.8989,1620.0144931577897
LED450NM,13,132,5,480000,1763.5785854166666,1607.9843595306409
LED450NM,13,133,5,480000,1749.6600916666666,1611.016403546425
LED450NM,13,134,5,480000,1756.83300625,1592.2221610439096
LED450NM,13,135,5,480000,1771.3431666666668,1605.343378811827
LED450NM,13,136,5,480000,1761.4770979166667,1608.910088469726
LED450NM,13,137,5,480000,1741.2958229166666,1588.732267174592
LED450NM,13,138,5,480000,1729.68691875,1589.514725055957
LED450NM,13,139,5,480000,1709.2362916666666,1593.0389464517436
LED450NM,13,140,5,480000,1715.8416791666666,1583.2811125532467
LED450NM,13,141,5,480000,1725.2086979166668,1598.741232090035
LED450NM,13,142,5,480000,1721.3442770833333,1583.1740356033845
LED450NM,13,143,5,480000,1735.0485583333334,1600.3710056370537
LED450NM,13,144,5,480000,1735.5220354166668,1622.0854174416772
LED450NM,13,145,5,480000,1741.5737520833334,1614.361374959346
LED450NM,13,146,5,480000,1741.4863875,1609.6031710519624
LED450NM,13,147,5,480000,1740.6146604166668,1615.7030377977328
LED450NM,13,148,5,480000,1732.59361875,1622.62060876011
LED450NM,13,149,5,480000,1728.2693625,1614.8273376361874
LED450NM,13,150,5,480000,1745.29459375,1637.581945359256
LED450NM,13,151,5,480000,1735.6960583333334,1631.4517951578066
LED450NM,13,152,5,480000,1725.5296125,1616.5908794803133
LED450NM,13,153,5,480000,1727.472775,1631.5570694267176
LED450NM,13,154,5,480000,1735.1845729166666,1653.2548227680313
LED450NM,13,155,5,480000,1718.1282229166666,1635.107809493042
LED450NM,13,156,5,480000,1719.8664458333333,1636.050835453558
LED450NM,13,157,5,480000,1700.6890625,1622.2799766574524
LED450NM,13,158,5,480000,1696.1509041666666,1626.1165383715377
LED450NM,13,159,5,480000,1698.7487541666667,1612.3799845855808
LED450NM,13,160,5,480000,1693.4011729166666,1587.6128327814604
LED450NM,13,161,5,480000,1713.888125,1720.065730494473
LED450NM,13,162,5,480000,1716.90865625,1726.3855120296575
LED450NM,13,163,5,480000,1713.6690416666668,1727.4089162239247
LED450NM,13,164,5,480000,1719.8427604166666,1724.4314944577523
LED450NM,13,165,5,480000,1704.574,1717.1330750456316
LED450NM,13,166,5,480000,1714.0288354166667,1726.5904644618545
LED450NM,13,167,5,480000,1716.8818791666667,1728.1528850883346
LED450NM,13,168,5,480000,1710.5918416666666,1722.0641868005216
LED450NM,13,169,5,480000,1718.7161729166667,1717.116569906783
LED450NM,13,170,5,480000,1725.5266270833333,1721.449219572276
LED450NM,13,171,5,480000,1718.2545104166666,1704.726619445876
LED450NM,13,172,5,480000,1722.996675,1707.7665357728529
LED450NM,13,173,5,480000,1711.84409375,1703.8649112420828
LED450NM,13,174,5,480000,1710.42729375,1700.5336227212529
LED450NM,13,175,5,480000,1687.94578125,1674.2654183887364
LED450NM,13,176,5,480000,1681.1059229166667,1670.7640752509271
LED450NM,13,177,5,480000,1670.6738458333334,1665.6393590533416
LED450NM,13,178,5,480000,1670.2881416666667,1671.2573686858884
LED450NM,13,179,5,480000,1679.63071875,1672.0839738905984
LED450NM,13,180,5,480000,1677.3525041666667,1678.292647444364
LED450NM,13,181,5,480000,1678.2621083333333,1672.9715570726905
LED450NM,13,182,5,480000,1680.4113583333333,1677.7683730259039
LED450NM,13,183,5,480000,1686.47500625,1685.2883546865146
LED450NM,13,184,5,480000,1682.6940229166667,1676.3347528104605
LED450NM,13,185,5,480000,1671.1503520833332,1673.620422616939
LED450NM,13,186,5,480000,1659.9155229166668,1662.041680026368
LED450NM,13,187,5,480000,1665.0398875,1656.338264468439
LED450NM,13,188,5,480000,1657.3830458333334,1653.5791731324982
LED450NM,13,189,5,480000,1664.1721604166667,1667.7796345841698
LED450NM,13,190,5,480000,1659.8251229166667,1665.721924220373
LED450NM,13,191,5,480000,1661.8016333333333,1675.025651455523
LED450NM,13,192,5,480000,1659.1189125,1673.8589641919211
LED450NM,13,193,5,480000,1666.1175520833333,1681.29144753007
LED450NM,13,194,5,480000,1642.5388208333334,1672.1791584739387
LED450NM,14,0,5,480000,664.6401583333334,354.7609521527253
LED450NM,14,1,5,480000,664.3367729166666,347.54961466350755
LED450NM,14,2,5,480000,663.1388208333333,343.4671519283558
LED450NM,14,3,5,480000,617.4420541666667,237.17740268930987
LED450NM,14,4,5,480000,628.72040625,243.55760512197443
LED450NM,14,5,5,480000,641.4969145833334,250.69156457450566
LED450NM,14,6,5,480000,657.020275,259.4848296412035
LED450NM,14,7,5,480000,682.9011145833333,272.5642287050725
LED450NM,14,8,5,480000,729.0950083333333,305.7298159978566
LED450NM,14,9,5,480000,758.8724979166667,322.1292877600577
LED450NM,14,10,5,480000,790.47019375,337.9078122726978
LED450NM,14,11,5,480000,822.8665833333333,357.37315485123725
LED450NM,14,12,5,480000,855.9066375,382.28502370627893
LED450NM,14,13,5,480000,952.8916854166666,324.9545135400251
LED450NM,14,14,5,480000,929.9248375,422.84146868804777
LED450NM,14,15,5,480000,1017.6651541666666,277.11575212944484
LED450NM,14,16,5,480000,979.2097666666666,448.9926938506671
LED450NM,14,17,5,480000,1001.4825479166667,454.8677080156656
LED450NM,14,18,5,480000,1068.9902020833333,498.6422983899222
LED450NM,14,19,5,480000,1062.3896708333334,519.5828769936275
LED450NM,14,20,5,480000,1083.2140416666666,534.6174076683234
LED450NM,14,21,5,480000,1128.7319833333333,563.0983257651957
LED450NM,14,22,5,480000,1152.6501166666667,582.4109609223425
LED450NM,14,23,5,480000,1192.6352416666666,587.4760591161921
LED450NM,14,24,5,480000,1240.26053125,518.874645077901
LED450NM,14,25,5,480000,1146.9006083333334,557.6112582596976
LED450NM,14,26,5,480000,1204.4034354166668,629.5245754173923
LED450NM,14,27,5,480000,1288.46285625,550.9421924261582
LED450NM,14,28,5,480000,1182.1598479166666,582.5691296360402
LED450NM,14,29,5,480000,1287.6857645833334,679.0887607484407
LED450NM,14,30,5,480000,1285.3427125,716.6372584554027
LED450NM,14,31,5,480000,1289.5385708333333,726.5040235921781
LED450NM,14,32,5,480000,1367.4922354166667,722.1648432996753
LED450NM,14,33,5,480000,1256.85466875,675.3732730634306
LED450NM,14,34,5,480000,1374.18136875,813.9104925189623
LED450NM,14,35,5,480000,1303.0286270833333,723.3051266864537
LED450NM,14,36,5,480000,1308.6511666666668,747.3878596531873
LED450NM,14,37,5,480000,1324.807275,768.715891269595
LED450NM,14,38,5,480000,1346.6356395833334,783.0261094025345
LED450NM,14,39,5,480000,1365.6921354166666,821.5437054136651
LED450NM,14,40,5,480000,1375.06660625,841.2923648068829
LED450NM,14,41,5,480000,1495.9627791666667,1000.4178937022317
LED450NM,14,42,5,480000,1429.7034729166667,920.5643563884813
LED450NM,14,43,5,480000,1426.65233125,903.6900779992867
LED450NM,14,44,5,480000,1441.5758958333333,936.7562006657099
LED450NM,14,45,5,480000,1450.04495,945.1507125830061
LED450NM,14,46,5,480000,1465.5959895833332,966.5390527237721
LED450NM,14,47,5,480000,1482.07745,990.2848765051555
LED450NM,14,48,5,480000,1490.3147458333333,1009.3616427401332
LED450NM,14,49,5,480000,1510.06686875,1027.4405376313287
LED450NM,14,50,5,480000,1516.7301,1042.3863244557285
LED450NM,14,51,5,480000,1666.11321875,1291.2297161282977
LED450NM,14,52,5,480000,1662.7663604166667,1311.9376614263329
LED450NM,14,53,5,480000,1672.27465625,1333.3100587804752
LED450NM,14,54,5,480000,1597.24296875,1149.8119895577581
LED450NM,14,55,5,480000,1634.1045520833334,1242.6359765484872
LED450NM,14,56,5,480000,1674.8930479166668,1351.994092906845
LED450NM,14,57,5,480000,1652.13368125,1269.2410698040148
LED450NM,14,58,5,480000,1745.2578708333333,1467.64977132749
LED450NM,14,59,5,480000,1822.8761833333333,1457.8750262048982
LED450NM,14,60,5,480000,1872.5412416666666,1395.3558905657815
LED450NM,14,61,5,480000,1895.7148875,1434.4439322748133
LED450NM,14,62,5,480000,1916.1687666666667,1464.4518497351876
LED450NM,14,63,5,480000,1900.9263875,1508.4642745348222
LED450NM,14,64,5,480000,1941.1998458333333,1485.7255805382802
LED450NM,14,65,5,480000,1863.5548708333333,1654.2420821247792
LED450NM,14,66,5,480000,1759.58379375,1418.6695641513709
LED450NM,14,67,5,480000,1893.4131791666666,1693.2295935085049
LED450NM,14,68,5,480000,1953.1061770833333,1669.3228252396268
LED450NM,14,69,5,480000,2006.6043395833333,1671.3140669098525
LED450NM,14,70,5,480000,2032.0712458333333,1631.9746010990382
LED450NM,14,71,5,480000,2046.1038604166667,1630.9532668614177
LED450NM,14,72,5,480000,2045.8959604166666,1586.6939478410284
LED450NM,14,73,5,480000,1828.1655125,1514.8060813645243
LED450NM,14,74,5,480000,2018.6123520833332,1799.3530324495364
LED450NM,14,75,5,480000,1846.6829208333334,1539.5300398479192
LED450NM,14,76,5,480000,2038.3403625,1731.3324687720158
LED450NM,14,77,5,480000,2059.2267,1750.9827027483102
LED450NM,14,78,5,480000,2069.8962104166667,1740.0331082292578
LED450NM,14,79,5,480000,2092.20359375,1723.8851977128102
LED450NM,14,80,5,480000,2120.668133333333,1713.4404923008508
LED450NM,14,81,5,480000,2140.7643520833335,1725.6707608109884
LED450NM,14,82,5,480000,2148.8616479166667,1678.8225524575105
LED450NM,14,83,5,480000,2117.212916666667,1698.7567579200363
LED450NM,14,84,5,480000,1877.89230625,1608.0082579895145
LED450NM,14,85,5,480000,1905.14453125,1637.979346065695
LED450NM,14,86,5,480000,1931.6677854166667,1661.9898665975836
LED450NM,14,87,5,480000,2143.2053125,1888.246747932045
LED450NM,14,88,5,480000,2172.2993020833333,1792.4548883094699
LED450NM,14,89,5,480000,2151.2465916666665,1782.5606198507107
LED450NM,14,90,5,480000,2161.5757604166665,1824.5771367217826
LED450NM,14,91,5,480000,2134.4757104166665,1893.2727094487336
LED450NM,14,92,5,480000,2140.6621791666666,1853.6653238342185
LED450NM,14,93,5,480000,1929.6977395833333,1663.9683416444227
LED450NM,14,94,5,480000,2128.175166666667,1930.5007515225523
LED450NM,14,95,5,480000,1917.6713395833333,1689.8868698701147
LED450NM,14,96,5,480000,1924.31054375,1694.7269667627868
LED450NM,14,97,5,480000,2047.26268125,2037.5311287194227
LED450NM,14,98,5,480000,2147.0197208333334,1939.576141654044
LED450NM,14,99,5,480000,2181.6065708333335,1917.6125654728394
LED450NM,14,100,5,480000,2170.4270875,1933.917375853891
LED450NM,14,101,5,480000,2145.69343125,1884.4125933201353
LED450NM,14,102,5,480000,2113.263283333333,1840.5957237633831
LED450NM,14,103,5,480000,2096.93389375,1796.934402025307
LED450NM,14,104,5,480000,2138.754177083333,1807.7513555468602
LED450NM,14,105,5,480000,2161.80125,1812.8330505473389
LED450NM,14,106,5,480000,2164.967779166667,1832.0466093425364
LED450NM,14,107,5,480000,2181.71963125,1850.6909470732223
LED450NM,14,108,5,480000,2207.261122916667,1885.8396945382374
LED450NM,14,109,5,480000,2189.4809708333332,1901.7531951203316
LED450NM,14,110,5,480000,2195.378383333333,1890.5907075945127
LED450NM,14,111,5,480000,2189.76010625,1914.744919452651
LED450NM,14,112,5,480000,2186.9792708333334,1911.5005366246003
LED450NM,14,113,5,480000,2210.300979166667,1925.9765626675926
LED450NM,14,114,5,480000,2175.876152083333,1858.967358503221
LED450NM,14,115,5,480000,1904.1785604166666,1833.3590209200963
LED450NM,14,116,5,480000,1903.7665125,1841.4799983268226
LED450NM,14,117,5,480000,1919.6885604166666,1867.9378232802082
LED450NM,14,118,5,480000,1935.2957020833333,1902.663743816336
LED450NM,14,119,5,480000,1918.4415625,1881.0652107332407
LED450NM,14,120,5,480000,1929.1818354166667,1895.6673112951453
LED450NM,14,121,5,480000,1907.5580104166668,1883.191137733756
LED450NM,14,122,5,480000,1890.7468895833333,1844.8989105412704
LED450NM,14,123,5,480000,1903.8623145833333,1890.7775120367746
LED450NM,14,124,5,480000,1904.3778895833334,1901.2115401581993
LED450NM,14,125,5,480000,1885.05834375,1869.5744696270924
LED450NM,14,126,5,480000,1900.5661020833334,1906.277670151443
LED450NM,14,127,5,480000,1896.2869604166667,1926.1122476521982
LED450NM,14,128,5,480000,1899.5733333333333,1929.385890489006
LED450NM,14,129,5,480000,1912.60538125,1961.824774969032
LED450NM,14,130,5,480000,1857.0966104166666,1915.4503190975772
LED450NM,14,131,5,480000,1870.8781375,1931.5205137392056
LED450NM,14,132,5,480000,1892.770075,1952.3113819076507
LED450NM,14,133,5,480000,1897.98714375,1951.8532987232418
LED450NM,14,134,5,480000,1880.7022354166666,1914.3373461627227
LED450NM,14,135,5,480000,1892.4602479166667,1960.5315785178277
LED450NM,14,136,5,480000,1885.5365479166667,1950.5795705843216
LED450NM,14,137,5,480000,1903.0793416666668,1960.4183186845776
LED450NM,14,138,5,480000,1896.3662416666666,1960.8448948413475
LED450NM,14,139,5,480000,1896.5112479166667,1972.8277581427335
LED450NM,14,140,5,480000,1898.59848125,1939.7380392823522
LED450NM,14,141,5,480000,1893.3720833333334,1925.370375829196
LED450NM,14,142,5,480000,1898.4681041666668,1964.4086006171144
LED450NM,14,143,5,480000,1897.7399979166667,1932.6702061442527
LED450NM,14,144,5,480000,1901.1337604166667,1974.9425048819526
LED450NM,14,145,5,480000,1918.0334145833333,2030.1515787831088
LED450NM,14,146,5,480000,1922.6543604166666,2021.8819524429532
LED450NM,14,147,5,480000,1941.9787916666667,2050.929185135819
LED450NM,14,148,5,480000,1927.7476833333333,2039.313774583777
LED450NM,14,149,5,480000,1910.5323583333334,2033.4003992222251
LED450NM,14,150,5,480000,1923.9422604166666,2047.3792066254825
LED450NM,14,151,5,480000,1911.8017083333334,2046.4191658238663
LED450NM,14,152,5,480000,1920.5272666666667,2056.9556652961746
LED450NM,14,153,5,480000,1936.90845625,2094.077777882623
LED450NM,14,154,5,480000,1943.754725,2087.054585700705
LED450NM,14,155,5,480000,1958.2910083333334,2098.1842424030156
LED450NM,14,156,5,480000,1968.80185625,2128.595803926923
LED450NM,14,157,5,480000,1978.8469166666666,2143.0948370490573
LED450NM,14,158,5,480000,1968.60131875,2135.5933250058424
LED450NM,14,159,5,480000,1968.9174708333333,2120.4898612411325
LED450NM,14,160,5,480000,1976.6817520833333,2144.8362556225234
LED450NM,14,161,5,480000,1966.58670625,2371.4988123369067
LED450NM,14,162,5,480000,1986.7002145833333,2383.3828370479955
LED450NM,14,163,5,480000,2003.246525,2393.1961162856237
LED450NM,14,164,5,480000,1996.2735333333333,2381.971170885474
LED450NM,14,165,5,480000,1977.5343708333332,2366.453916296733
LED450NM,14,166,5,480000,1974.5457125,2376.579490521767
LED450NM,14,167,5,480000,1952.29843125,2335.2460755692764
LED450NM,14,168,5,480000,1957.242775,2347.3761867486146
LED450NM,14,169,5,480000,1953.5658083333333,2339.5080620592216
LED450NM,14,170,5,480000,1949.27268125,2325.526981284103
LED450NM,14,171,5,480000,1952.8042541666666,2349.837338861686
LED450NM,14,172,5,480000,1952.2772625,2340.0769867375816
LED450NM,14,173,5,480000,1965.0068541666667,2350.8600231925097
LED450NM,14,174,5,480000,1973.0069583333334,2356.429075144193
LED450NM,14,175,5,480000,1982.56311875,2368.5550905227055
LED450NM,14,176,5,480000,1988.6456333333333,2366.6452248337587
LED450NM,14,177,5,480000,1993.9542520833334,2365.5911859540265
LED450NM,14,178,5,480000,1968.16068125,2321.8270845007214
LED450NM,14,179,5,480000,1958.7620416666666,2327.881647785528
LED450NM,14,180,5,480000,1960.4495645833333,2316.090638093553
LED450NM,14,181,5,480000,1966.393325,2332.027319756627
LED450NM,14,182,5,480000,1967.4145229166666,2333.8749893966406
LED450NM,14,183,5,480000,1970.51555625,2326.578651039906
LED450NM,14,184,5,480000,1961.2102020833333,2307.7303650485615
LED450NM,14,185,5,480000,1959.6873958333333,2307.0559438897376
LED450NM,14,186,5,480000,1968.04673125,2308.090492721008
LED450NM,14,187,5,480000,1982.2061291666666,2320.5371869808005
LED450NM,14,188,5,480000,1984.2220354166666,2322.6983959391264
LED450NM,14,189,5,480000,1980.0138166666666,2321.3112402199754
LED450NM,14,190,5,480000,1988.862625,2323.4064836882885
LED450NM,14,191,5,480000,1991.1821395833333,2325.8196073118875
LED450NM,14,192,5,480000,1988.5103520833334,2315.6627540901404
LED450NM,14,193,5,480000,1989.39673125,2303.59845759623
LED450NM,14,194,5,480000,1996.8398270833334,2302.644918009336
LED450NM,15,0,5,480000,597.48655,262.48168229408094
LED450NM,15,1,5,480000,598.7266229166667,263.1860392312258
LED450NM,15,2,5,480000,599.5004166666666,263.46316489026134
LED450NM,15,3,5,480000,610.22623125,269.4409344995761
LED450NM,15,4,5,480000,626.47098125,280.6160398042353
LED450NM,15,5,5,480000,636.2965583333333,284.7388243179849
LED450NM,15,6,5,480000,657.0834229166667,292.62562720456833
LED450NM,15,7,5,480000,683.2712354166666,301.8552000961699
LED450NM,15,8,5,480000,737.4394833333333,337.9857767166143
LED450NM,15,9,5,480000,773.2361395833333,353.73035246759247
LED450NM,15,10,5,480000,817.2116291666666,375.8956981173046
LED450NM,15,11,5,480000,862.1128958333334,401.8307989227109
LED450NM,15,12,5,480000,904.6076041666666,430.65724216075824
LED450NM,15,13,5,480000,1021.570775,388.23462507556695
LED450NM,15,14,5,480000,984.4142291666667,486.7039687633858
LED450NM,15,15,5,480000,1102.5602145833334,337.29819042780326
LED450NM,15,16,5,480000,1071.28415,558.358315093254
LED450NM,15,17,5,480000,1074.3493854166666,546.1654520139301
LED450NM,15,18,5,480000,1154.9093520833333,603.2107346711749
LED450NM,15,19,5,480000,1133.5733375,597.5758163062751
LED450NM,15,20,5,480000,1126.5023666666666,588.4003908679579
LED450NM,15,21,5,480000,1211.936,653.5309474531409
LED450NM,15,22,5,480000,1215.3125458333334,674.9292657648914
LED450NM,15,23,5,480000,1302.3333395833333,588.7819149128752
LED450NM,15,24,5,480000,1341.6184416666667,601.728146127805
LED450NM,15,25,5,480000,1232.9657895833334,647.6913417818944
LED450NM,15,26,5,480000,1258.7702479166667,674.9245458872151
LED450NM,15,27,5,480000,1401.8108333333332,621.5518386024926
LED450NM,15,28,5,480000,1275.28096875,681.3441077723832
LED450NM,15,29,5,480000,1301.8262229166667,724.5244063978167
LED450NM,15,30,5,480000,1352.8404125,794.1741357736538
LED450NM,15,31,5,480000,1412.4994416666666,846.8894980282383
LED450NM,15,32,5,480000,1497.8934104166667,743.5470165776858
LED450NM,15,33,5,480000,1361.0318145833332,760.836191599906
LED450NM,15,34,5,480000,1473.9846770833333,897.064075396675
LED450NM,15,35,5,480000,1389.24335625,801.4955170600264
LED450NM,15,36,5,480000,1402.91454375,819.9176391205273
LED450NM,15,37,5,480000,1414.9624041666666,832.1895668375205
LED450NM,15,38,5,480000,1434.0080708333332,860.0803090999865
LED450NM,15,39,5,480000,1446.0969166666666,880.8908508926213
LED450NM,15,40,5,480000,1446.68811875,881.6019277469675
LED450NM,15,41,5,480000,1456.1520958333333,908.0021680454242
LED450NM,15,42,5,480000,1513.75675,1016.6855548957132
LED450NM,15,43,5,480000,1492.6926854166666,934.5245421433102
LED450NM,15,44,5,480000,1506.8965104166666,945.6026056107412
LED450NM,15,45,5,480000,1511.8786354166666,964.1313375660434
LED450NM,15,46,5,480000,1529.4779104166666,993.9788943137661
LED450NM,15,47,5,480000,1529.0943479166667,990.2054693621524
LED450NM,15,48,5,480000,1532.5019625,1002.1021955537511
LED450NM,15,49,5,480000,1518.0938520833333,986.941197567702
LED450NM,15,50,5,480000,1536.5488958333333,993.6070785153778
LED450NM,15,51,5,480000,1696.9661604166668,1155.7246742136003
LED450NM,15,52,5,480000,1695.7597208333334,1208.640528077623
LED450NM,15,53,5,480000,1693.8184895833333,1231.8910407554527
LED450NM,15,54,5,480000,1598.0291208333333,1060.604302658934
LED450NM,15,55,5,480000,1621.4022020833333,1123.2323339818145
LED450NM,15,56,5,480000,1684.47576875,1267.6844855320585
LED450NM,15,57,5,480000,1646.3529958333334,1178.674891651896
LED450NM,15,58,5,480000,1720.8935458333333,1317.3448501771827
LED450NM,15,59,5,480000,1815.5314333333333,1280.5536630511085
LED450NM,15,60,5,480000,1850.2714291666666,1196.5513041920549
LED450NM,15,61,5,480000,1860.5536,1231.0395002319
LED450NM,15,62,5,480000,1886.2222979166668,1225.9409623063907
LED450NM,15,63,5,480000,1866.8651104166668,1311.2017371538284
LED450NM,15,64,5,480000,1917.0594270833333,1258.643522090219
LED450NM,15,65,5,480000,1849.8960020833333,1440.6044987286934
LED450NM,15,66,5,480000,1728.6663458333333,1259.7259638442126
LED450NM,15,67,5,480000,1890.687325,1510.1729930558213
LED450NM,15,68,5,480000,1945.4223229166666,1436.7982205525373
LED450NM,15,69,5,480000,1958.70290625,1416.6845827200045
LED450NM,15,70,5,480000,1961.61485625,1425.3481240120632
LED450NM,15,71,5,480000,2020.4771270833332,1373.0617767442207
LED450NM,15,72,5,480000,2042.1821791666666,1345.0611332568685
LED450NM,15,73,5,480000,1799.5934958333332,1317.974315921734
LED450NM,15,74,5,480000,1999.3163604166666,1494.634658126305
LED450NM,15,75,5,480000,1818.2264604166667,1349.5146386992608
LED450NM,15,76,5,480000,2041.1115604166666,1472.198852134857
LED450NM,15,77,5,480000,2047.64780625,1469.006329518635
LED450NM,15,78,5,480000,2083.2834604166665,1467.4687248435457
LED450NM,15,79,5,480000,2053.7423416666666,1430.4120337277009
LED450NM,15,80,5,480000,2059.543525,1402.5684291006057
LED450NM,15,81,5,480000,2070.441154166667,1382.7048293350013
LED450NM,15,82,5,480000,2061.832460416667,1364.8733209178808
LED450NM,15,83,5,480000,2072.7926708333334,1381.96067720755
LED450NM,15,84,5,480000,1769.9283375,1366.4387716074168
LED450NM,15,85,5,480000,1789.1670708333334,1433.8900242434343
LED450NM,15,86,5,480000,1797.4867979166668,1418.4801624525944
LED450NM,15,87,5,480000,2032.7196270833333,1556.052415410744
LED450NM,15,88,5,480000,2056.939191666667,1461.316283754084
LED450NM,15,89,5,480000,2070.1073208333332,1467.8140880145231
LED450NM,15,90,5,480000,2057.85873125,1499.235941538019
LED450NM,15,91,5,480000,2050.1647041666665,1512.1059620876013
LED450NM,15,92,5,480000,2030.5509083333334,1606.2303979763742
LED450NM,15,93,5,480000,1815.55686875,1414.7081604563461
LED450NM,15,94,5,480000,2039.88704375,1605.7040748314955
LED450NM,15,95,5,480000,1820.5542895833332,1434.0630360384469
LED450NM,15,96,5,480000,1838.23363125,1462.188117896778
LED450NM,15,97,5,480000,1947.3706354166666,1726.5843080360924
LED450NM,15,98,5,480000,2053.1263041666666,1553.6726791626427
LED450NM,15,99,5,480000,2066.8405,1505.0884035114848
LED450NM,15,100,5,480000,2068.5067875,1522.8463924711064
LED450NM,15,101,5,480000,2067.1802416666665,1470.5621780661893
LED450NM,15,102,5,480000,2083.6013354166666,1447.5042972366725
LED450NM,15,103,5,480000,2084.208704166667,1446.4722378186423
LED450NM,15,104,5,480000,2122.0057104166667,1446.8408766209022
LED450NM,15,105,5,480000,2116.37674375,1424.9246802446778
LED450NM,15,106,5,480000,2135.45215,1427.6472687454036
LED450NM,15,107,5,480000,2144.120895833333,1447.5224345644979
LED450NM,15,108,5,480000,2154.9105875,1472.8441800253586
LED450NM,15,109,5,480000,2160.2001958333335,1463.8296472014067
LED450NM,15,110,5,480000,2169.97409375,1469.879124574574
LED450NM,15,111,5,480000,2147.74963125,1442.1083695874727
LED450NM,15,112,5,480000,2128.2779333333333,1400.9090222761538
LED450NM,15,113,5,480000,2138.7824479166666,1394.1109029018605
LED450NM,15,114,5,480000,2143.62675,1400.3204968867321
LED450NM,15,115,5,480000,1837.2923104166666,1510.4132021108894
LED450NM,15,116,5,480000,1845.2688479166666,1545.0732441989758
LED450NM,15,117,5,480000,1829.9306020833333,1531.0846940073277
LED450NM,15,118,5,480000,1828.8864354166667,1543.2053286952785
LED450NM,15,119,5,480000,1830.3942375,1537.184189410178
LED450NM,15,120,5,480000,1831.1126791666666,1542.3452301390153
LED450NM,15,121,5,480000,1836.4100729166666,1579.041647895368
LED450NM,15,122,5,480000,1834.9305791666666,1569.0021857383058
LED450NM,15,123,5,480000,1818.7240875,1530.688529662047
LED450NM,15,124,5,480000,1831.6785520833334,1565.2260769675265
LED450NM,15,125,5,480000,1826.6799520833333,1578.0538240452745
LED450NM,15,126,5,480000,1824.20920625,1573.2284121716068
LED450NM,15,127,5,480000,1815.2988291666666,1573.429799256589
LED450NM,15,128,5,480000,1831.1472375,1591.8506444348932
LED450NM,15,129,5,480000,1821.5288458333334,1550.7248554000214
LED450NM,15,130,5,480000,1817.1319875,1552.0994795827253
LED450NM,15,131,5,480000,1818.8067854166666,1554.8168620315732
LED450NM,15,132,5,480000,1825.0630041666666,1576.6565476908115
LED450NM,15,133,5,480000,1833.8318583333332,1589.2441832333004
LED450NM,15,134,5,480000,1823.3210645833333,1601.2743731656724
LED450NM,15,135,5,480000,1829.6967729166668,1597.9146064679903
LED450NM,15,136,5,480000,1817.0887,1585.7220984890373
LED450NM,15,137,5,480000,1808.1261166666666,1578.941162129045
LED450NM,15,138,5,480000,1794.3607333333334,1593.1420854584699
LED450NM,15,139,5,480000,1791.6300229166666,1586.4717903122455
LED450NM,15,140,5,480000,1766.3622020833334,1580.5405189626008
LED450NM,15,141,5,480000,1780.5332770833334,1634.031924725402
LED450NM,15,142,5,480000,1772.483425,1599.5279589239558
LED450NM,15,143,5,480000,1771.0404708333333,1566.7994492195264
LED450NM,15,144,5,480000,1776.441875,1582.8493969054618
LED450NM,15,145,5,480000,1780.6710041666668,1596.784547351878
LED450NM,15,146,5,480000,1798.3416979166666,1599.1493413487947
LED450NM,15,147,5,480000,1776.3824979166666,1593.2493688638094
LED450NM,15,148,5,480000,1802.3371125,1669.822150875704
LED450NM,15,149,5,480000,1798.95396875,1623.0626303213648
LED450NM,15,150,5,480000,1802.2692125,1646.8348499557558
LED450NM,15,151,5,480000,1805.3436666666666,1664.0509941121763
LED450NM,15,152,5,480000,1787.7438125,1631.5170817106998
LED450NM,15,153,5,480000,1794.8642,1653.397891043883
LED450NM,15,154,5,480000,1793.9317895833333,1646.648876942781
LED450NM,15,155,5,480000,1800.3575166666667,1668.1731353497653
LED450NM,15,156,5,480000,1778.78066875,1656.7898666698964
LED450NM,15,157,5,480000,1765.6305979166666,1659.38475596078
LED450NM,15,158,5,480000,1724.0835375,1610.236336916309
LED450NM,15,159,5,480000,1707.8704854166667,1586.7681872608412
LED450NM,15,160,5,480000,1704.650675,1581.1935944027782
LED450NM,15,161,5,480000,1694.78665,1686.7862365044791
LED450NM,15,162,5,480000,1693.1572791666667,1700.6637995233207
LED450NM,15,163,5,480000,1685.0044625,1691.9424479970507
LED450NM,15,164,5,480000,1687.9002479166666,1694.6757844660945
LED450NM,15,165,5,480000,1673.1198729166667,1681.901293026011
LED450NM,15,166,5,480000,1680.1417645833333,1697.644994400543
LED450NM,15,167,5,480000,1674.63841875,1686.1515834581962
LED450NM,15,168,5,480000,1686.0692145833334,1710.2759390625902
LED450NM,15,169,5,480000,1670.5759479166666,1689.2057041595756
LED450NM,15,170,5,480000,1693.9087916666667,1716.2866923699082
LED450NM,15,171,5,480000,1692.7901479166667,1726.3076120248732
LED450NM,15,172,5,480000,1702.2303395833333,1729.6268345585202
LED450NM,15,173,5,480000,1686.1121833333334,1728.2847838760254
LED450NM,15,174,5,480000,1683.4049083333334,1727.495502965466
LED450NM,15,175,5,480000,1675.0677875,1718.4662161068773
LED450NM,15,176,5,480000,1668.6551041666667,1544.0011751874404
LED450NM,15,177,5,480000,1684.0643979166666,1734.9042230723167
LED450NM,15,178,5,480000,1683.8870916666667,1739.892208952193
LED450NM,15,179,5,480000,1679.92330625,1763.1884853769848
LED450NM,15,180,5,480000,1677.6206479166667,1755.1232065733773
LED450NM,15,181,5,480000,1689.6301416666668,1784.0028149304621
LED450NM,15,182,5,480000,1686.65805,1778.4972159497554
LED450NM,15,183,5,480000,1680.04295,1771.1335945838844
LED450NM,15,184,5,480000,1693.6910229166667,1796.2149087183059
LED450NM,15,185,5,480000,1683.0568,1786.5847869791758
LED450NM,15,186,5,480000,1672.3284875,1776.7221261743855
LED450NM,15,187,5,480000,1661.04666875,1787.3172628642192
LED450NM,15,188,5,480000,1663.477775,1793.296672633082
LED450NM,15,189,5,480000,1671.5690791666666,1803.6307486737417
LED450NM,15,190,5,480000,1675.72255,1814.7950341477492
LED450NM,15,191,5,480000,1669.9495458333333,1821.386855979131
LED450NM,15,192,5,480000,1682.66758125,1842.1531386181475
LED450NM,15,193,5,480000,1691.7367958333334,1862.1151582582731
LED450NM,15,194,5,480000,1698.8717854166666,1877.680026227118
LED450NM,16,0,5,480000,599.0025333333333,199.9684178028676
LED450NM,16,1,5,480000,600.0916958333333,201.86600071839936
LED450NM,16,2,5,480000,601.1992125,202.728927917009
LED450NM,16,3,5,480000,607.7365875,207.74082428919658
LED450NM,16,4,5,480000,618.7517,216.07993144230215
LED450NM,16,5,5,480000,630.6953875,219.8364244130732
LED450NM,16,6,5,480000,650.7025020833333,232.37000368752325
LED450NM,16,7,5,480000,679.1672791666666,254.53302913737357
LED450NM,16,8,5,480000,726.3475708333333,291.28792772847476
LED450NM,16,9,5,480000,755.0155541666667,312.2748710200164
LED450NM,16,10,5,480000,782.5108666666666,334.98650548479645
LED450NM,16,11,5,480000,815.0907833333333,362.8786513481052
LED450NM,16,12,5,480000,851.3917395833333,387.85954494466444
LED450NM,16,13,5,480000,954.5202791666667,335.516237748521
LED450NM,16,14,5,480000,928.6678604166667,445.93178379887564
LED450NM,16,15,5,480000,1010.4449416666666,421.40429646233235
LED450NM,16,16,5,480000,987.6698895833333,493.34214603477386
LED450NM,16,17,5,480000,980.893925,473.7972011514291
LED450NM,16,18,5,480000,1042.8185520833333,522.4075756808442
LED450NM,16,19,5,480000,1013.3934041666666,522.0049879349765
LED450NM,16,20,5,480000,1022.3788354166667,519.2917387437211
LED450NM,16,21,5,480000,1097.1740875,588.2100285061528
LED450NM,16,22,5,480000,1075.0999708333334,589.7026120511924
LED450NM,16,23,5,480000,1117.0426479166667,606.7515681890778
LED450NM,16,24,5,480000,1169.250175,549.9409399426173
LED450NM,16,25,5,480000,1089.0733833333334,592.7092501266702
LED450NM,16,26,5,480000,1114.1315791666666,631.5159751933619
LED450NM,16,27,5,480000,1228.2379020833334,602.3036095626376
LED450NM,16,28,5,480000,1144.4078979166666,654.2760412188724
LED450NM,16,29,5,480000,1162.9957,673.5968124354335
LED450NM,16,30,5,480000,1197.2939125,731.8209220775547
LED450NM,16,31,5,480000,1186.3026958333332,715.9212620552155
LED450NM,16,32,5,480000,1284.1420604166667,704.1832696228694
LED450NM,16,33,5,480000,1205.6547666666668,730.9459593036129
LED450NM,16,34,5,480000,1260.9258458333334,811.1004517584898
LED450NM,16,35,5,480000,1218.8581854166666,721.1586168993665
LED450NM,16,36,5,480000,1236.0216916666666,744.0008195786065
LED450NM,16,37,5,480000,1255.98216875,777.549978383467
LED450NM,16,38,5,480000,1269.9671541666667,789.961372062152
LED450NM,16,39,5,480000,1272.5166541666667,799.0469217564586
LED450NM,16,40,5,480000,1279.6656666666668,812.4880937771061
LED450NM,16,41,5,480000,1287.4849270833333,839.8213676120697
LED450NM,16,42,5,480000,1319.8933583333333,921.8734540565866
LED450NM,16,43,5,480000,1285.6092375,835.0062196028854
LED450NM,16,44,5,480000,1297.4186020833333,840.1397445262976
LED450NM,16,45,5,480000,1300.6601895833332,849.6695454372036
LED450NM,16,46,5,480000,1298.27301875,862.5044394452966
LED450NM,16,47,5,480000,1313.28586875,874.4575294467658
LED450NM,16,48,5,480000,1295.5592979166668,863.6129079944269
LED450NM,16,49,5,480000,1315.7420666666667,883.8754833070261
LED450NM,16,50,5,480000,1328.1783458333334,888.4837244998339
LED450NM,16,51,5,480000,1413.9195583333333,1052.2679408464867
LED450NM,16,52,5,480000,1429.8959583333333,1073.8537927601371
LED450NM,16,53,5,480000,1466.4883416666667,1093.8592721727277
LED450NM,16,54,5,480000,1358.5417708333334,947.3011292817774
LED450NM,16,55,5,480000,1466.4487166666668,1145.4050665572506
LED450NM,16,56,5,480000,1457.0758458333332,1157.8231990218726
LED450NM,16,57,5,480000,1389.7954666666667,1014.0878334408624
LED450NM,16,58,5,480000,1465.5576291666666,1183.8582307947797
LED450NM,16,59,5,480000,1543.6689166666667,1193.5235755511183
LED450NM,16,60,5,480000,1601.1400375,1111.0245455893396
LED450NM,16,61,5,480000,1598.9291229166668,1091.4208281807964
LED450NM,16,62,5,480000,1563.7707354166666,1048.773010169821
LED450NM,16,63,5,480000,1500.2042333333334,1183.5637051230403
LED450NM,16,64,5,480000,1555.1465958333333,1102.717819800467
LED450NM,16,65,5,480000,1500.9031520833332,1197.2724966484855
LED450NM,16,66,5,480000,1398.29918125,1034.391841114138
LED450NM,16,67,5,480000,1521.1050979166666,1245.3175208214348
LED450NM,16,68,5,480000,1553.0429604166666,1219.8431921008614
LED450NM,16,69,5,480000,1586.3816625,1200.797945354284
LED450NM,16,70,5,480000,1574.8713020833334,1264.2033900104561
LED450NM,16,71,5,480000,1612.63069375,1177.7039434506212
LED450NM,16,72,5,480000,1633.0140020833333,1154.4831364230454
LED450NM,16,73,5,480000,1447.983425,1116.0866746043678
LED450NM,16,74,5,480000,1608.9811708333334,1285.354419368952
LED450NM,16,75,5,480000,1464.8661604166666,1155.0841189125792
LED450NM,16,76,5,480000,1634.622625,1287.9442233703714
LED450NM,16,77,5,480000,1641.36153125,1322.1366770691316
LED450NM,16,78,5,480000,1666.6345479166666,1302.79757805438
LED450NM,16,79,5,480000,1684.4308541666667,1307.3021282293626
LED450NM,16,80,5,480000,1673.4055229166668,1256.6973144413419
LED450NM,16,81,5,480000,1664.26160625,1216.6792669914093
LED450NM,16,82,5,480000,1686.9636416666667,1222.2902613855972
LED450NM,16,83,5,480000,1678.8242708333332,1270.201351534509
LED450NM,16,84,5,480000,1499.83388125,1268.0207054986565
LED450NM,16,85,5,480000,1515.4674395833333,1278.365211522703
LED450NM,16,86,5,480000,1520.7447125,1275.2057884674116
LED450NM,16,87,5,480000,1703.3785875,1406.20466707399
LED450NM,16,88,5,480000,1734.45456875,1368.6304432269758
LED450NM,16,89,5,480000,1742.3005083333333,1375.2773668287457
LED450NM,16,90,5,480000,1734.1083833333332,1390.8481802628758
LED450NM,16,91,5,480000,1747.2180958333333,1425.2635447731088
LED450NM,16,92,5,480000,1726.96511875,1455.7890586057497
LED450NM,16,93,5,480000,1536.6945458333332,1401.4409607844416
LED450NM,16,94,5,480000,1664.9836520833333,1486.4964683728074
LED450NM,16,95,5,480000,1518.96548125,1357.426654164246
LED450NM,16,96,5,480000,1532.3608520833334,1358.0435818133835
LED450NM,16,97,5,480000,1654.9030270833334,1644.8373755754712
LED450NM,16,98,5,480000,1747.18055,1570.6090420391163
LED450NM,16,99,5,480000,1740.82718125,1499.6552447348568
LED450NM,16,100,5,480000,1702.674575,1468.2724779902296
LED450NM,16,101,5,480000,1723.0749958333333,1472.1633072216518
LED450NM,16,102,5,480000,1731.1056291666666,1475.5703049445478
LED450NM,16,103,5,480000,1737.5805604166667,1450.1329509988107
LED450NM,16,104,5,480000,1751.10664375,1461.041215543454
LED450NM,16,105,5,480000,1743.57251875,1448.9162595552343
LED450NM,16,106,5,480000,1740.9475125,1458.113874975155
LED450NM,16,107,5,480000,1748.6804979166666,1486.3611804222874
LED450NM,16,108,5,480000,1736.4211479166668,1527.241635674105
LED450NM,16,109,5,480000,1751.30340625,1544.2877498167986
LED450NM,16,110,5,480000,1758.2319520833332,1568.324312445818
LED450NM,16,111,5,480000,1758.9109791666667,1564.7116945756998
LED450NM,16,112,5,480000,1754.3742770833333,1571.1014659500559
LED450NM,16,113,5,480000,1777.1019,1591.5348016785213
LED450NM,16,114,5,480000,1776.3391666666666,1624.7609822445597
LED450NM,16,115,5,480000,1545.9791354166666,1713.377620925284
LED450NM,16,116,5,480000,1537.18806875,1703.205672100083
LED450NM,16,117,5,480000,1560.6224791666666,1769.069529876187
LED450NM,16,118,5,480000,1567.0289208333334,1796.0684390974411
LED450NM,16,119,5,480000,1585.53630625,1816.2275067976816
LED450NM,16,120,5,480000,1573.0164583333333,1805.6991819283253
LED450NM,16,121,5,480000,1579.7107416666668,1839.5024158203173
LED450NM,16,122,5,480000,1583.4108354166667,1823.776456660879
LED450NM,16,123,5,480000,1558.0914229166667,1803.2337581383526
LED450NM,16,124,5,480000,1568.4691416666667,1814.6298756879953
LED450NM,16,125,5,480000,1585.5611979166667,1858.4791818751019
LED450NM,16,126,5,480000,1585.19510625,1876.5183710204653
LED450NM,16,127,5,480000,1575.3738291666666,1864.6540271404024
LED450NM,16,128,5,480000,1588.0537895833334,1875.6869358807626
LED450NM,16,129,5,480000,1601.0395229166666,1856.1580425141665
LED450NM,16,130,5,480000,1602.82135625,1864.5843559806192
LED450NM,16,131,5,480000,1595.1883958333333,1856.717742349927
LED450NM,16,132,5,480000,1572.1898625,1840.3239442775823
LED450NM,16,133,5,480000,1582.2024708333333,1848.8416125885135
LED450NM,16,134,5,480000,1581.0507854166667,1838.9333684780672
LED450NM,16,135,5,480000,1593.14053125,1848.8107434158094
LED450NM,16,136,5,480000,1601.6477291666667,1852.659561741874
LED450NM,16,137,5,480000,1600.380925,1853.9159246826641
LED450NM,16,138,5,480000,1607.2707541666666,1855.0832921002984
LED450NM,16,139,5,480000,1588.1542041666667,1842.1492626346112
LED450NM,16,140,5,480000,1593.5048416666666,1850.0576015259792
LED450NM,16,141,5,480000,1600.4095583333333,1857.4078186154052
LED450NM,16,142,5,480000,1592.599025,1849.3987969974773
LED450NM,16,143,5,480000,1604.9270333333334,1867.8080647526479
LED450NM,16,144,5,480000,1615.0113833333332,1857.2938936224086
LED450NM,16,145,5,480000,1627.2862229166667,1879.1422831372718
LED450NM,16,146,5,480000,1619.342125,1851.936580454494
LED450NM,16,147,5,480000,1627.70055625,1867.4263781667603
LED450NM,16,148,5,480000,1617.4234916666667,1866.340692088793
LED450NM,16,149,5,480000,1596.24315,1830.5292147169473
LED450NM,16,150,5,480000,1609.5567291666666,1856.6835625177134
LED450NM,16,151,5,480000,1617.9048729166666,1902.525045704284
LED450NM,16,152,5,480000,1620.9931229166666,1907.821813665117
LED450NM,16,153,5,480000,1617.6385229166667,1908.4690400802249
LED450NM,16,154,5,480000,1632.0341875,1950.72574505564
LED450NM,16,155,5,480000,1627.7769270833332,1921.725333269054
LED450NM,16,156,5,480000,1622.8925208333333,1949.9751406284804
LED450NM,16,157,5,480000,1628.8038520833334,1992.3969181394084
LED450NM,16,158,5,480000,1631.4496875,1994.8460983227883
LED450NM,16,159,5,480000,1647.1788,2022.2974145225835
LED450NM,16,160,5,480000,1641.37806875,2004.24425820647
LED450NM,16,161,5,480000,1652.3857458333334,2200.067711276213
LED450NM,16,162,5,480000,1664.3568479166668,2213.021470903144
LED450NM,16,163,5,480000,1682.1157333333333,2241.3349814957664
LED450NM,16,164,5,480000,1688.251975,2230.823317446446
LED450NM,16,165,5,480000,1684.7026041666666,2239.185057096082
LED450NM,16,166,5,480000,1693.7316291666666,2263.8917265109208
LED450NM,16,167,5,480000,1687.9235895833333,2249.883966580506
LED450NM,16,168,5,480000,1701.7359041666666,2275.335541716699
LED450NM,16,169,5,480000,1688.5925520833334,2276.586056268599
LED450NM,16,170,5,480000,1687.8695166666666,2273.6321793230463
LED450NM,16,171,5,480000,1688.39044375,2280.7268578572916
LED450NM,16,172,5,480000,1670.7312125,2227.981325851
LED450NM,16,173,5,480000,1683.9502729166666,2240.625565310977
LED450NM,16,174,5,480000,1676.5914333333333,2234.299617238949
LED450NM,16,175,5,480000,1686.0690375,2231.906401459409
LED450NM,16,176,5,480000,1688.3106520833333,2235.163548205485
LED450NM,16,177,5,480000,1684.8771729166667,2259.187137079343
LED450NM,16,178,5,480000,1695.5944895833334,2260.5414929541885
LED450NM,16,179,5,480000,1687.0863125,2247.7006663088287
LED450NM,16,180,5,480000,1694.2086708333334,2248.1579650558333
LED450NM,16,181,5,480000,1708.89185625,2275.0707266860254
LED450NM,16,182,5,480000,1700.3210791666668,2279.6747887262345
LED450NM,16,183,5,480000,1709.2036958333333,2307.7367192842876
LED450NM,16,184,5,480000,1700.48151875,2280.0433174110844
LED450NM,16,185,5,480000,1704.5149145833334,2296.9360946719266
LED450NM,16,186,5,480000,1719.0444625,2317.3175631405707
LED450NM,16,187,5,480000,1720.99125,2316.4234042049475
LED450NM,16,188,5,480000,1703.3197208333333,2294.6068689382478
LED450NM,16,189,5,480000,1689.7760270833332,2289.535012464478
LED450NM,16,190,5,480000,1690.36095,2290.4632385671675
LED450NM,16,191,5,480000,1692.4402708333334,2301.3173734694715
LED450NM,16,192,5,480000,1687.44869375,2278.0574258430147
LED450NM,16,193,5,480000,1682.52396875,2275.7035598717594
LED450NM,16,194,5,480000,1666.2048,2261.6257710620384
LED450NM,17,0,5,480000,626.886525,207.22394892183124
LED450NM,17,1,5,480000,631.4476770833334,211.7667257262396
LED450NM,17,2,5,480000,633.67418125,213.8239371014359
LED450NM,17,3,5,480000,646.2543020833333,222.08635650357664
LED450NM,17,4,5,480000,663.1250375,234.24979821006661
LED450NM,17,5,5,480000,685.6391291666666,249.4721404146663
LED450NM,17,6,5,480000,710.9843708333333,262.43902975560337
LED450NM,17,7,5,480000,745.6751708333334,285.7604937242244
LED450NM,17,8,5,480000,799.86884375,323.16077286848224
LED450NM,17,9,5,480000,833.3468083333333,344.14365198728655
LED450NM,17,10,5,480000,880.8653333333333,377.44384605844203
LED450NM,17,11,5,480000,902.77898125,390.5953478061349
LED450NM,17,12,5,480000,941.9992354166667,420.85838496240683
LED450NM,17,13,5,480000,1041.4292645833334,340.599944119198
LED450NM,17,14,5,480000,1019.90233125,489.24307214093346
LED450NM,17,15,5,480000,1095.7436479166668,320.2894380255033
LED450NM,17,16,5,480000,1053.8460458333334,527.4481897484794
LED450NM,17,17,5,480000,1059.0240729166667,527.9980429036437
LED450NM,17,18,5,480000,1095.8000979166666,568.5505766526613
LED450NM,17,19,5,480000,1107.3839791666667,586.2415026406208
LED450NM,17,20,5,480000,1100.6225208333333,571.9771734893029
LED450NM,17,21,5,480000,1180.30246875,615.2469140737226
LED450NM,17,22,5,480000,1168.2028854166667,634.383161965562
LED450NM,17,23,5,480000,1219.0845604166666,565.7242328032147
LED450NM,17,24,5,480000,1171.7044583333334,659.6514838509725
LED450NM,17,25,5,480000,1161.03524375,644.668540887456
LED450NM,17,26,5,480000,1171.36923125,665.0010442156218
LED450NM,17,27,5,480000,1278.24769375,559.8154603750146
LED450NM,17,28,5,480000,1180.1314791666666,664.0443636979852
LED450NM,17,29,5,480000,1224.13465,740.063718750652
LED450NM,17,30,5,480000,1249.3278770833333,767.4615811792806
LED450NM,17,31,5,480000,1218.51245,739.8361411482708
LED450NM,17,32,5,480000,1310.7575416666666,768.7698821205362
LED450NM,17,33,5,480000,1225.9225395833334,747.7566701821971
LED450NM,17,34,5,480000,1290.2785479166666,835.3961530644058
LED450NM,17,35,5,480000,1243.82546875,768.9790150605061
LED450NM,17,36,5,480000,1257.2333604166668,782.5672508023399
LED450NM,17,37,5,480000,1269.0033708333333,812.8110736647052
LED450NM,17,38,5,480000,1287.9195479166667,840.7177251464245
LED450NM,17,39,5,480000,1297.0472604166666,861.8040319644618
LED450NM,17,40,5,480000,1326.5207333333333,895.9867340787636
LED450NM,17,41,5,480000,1329.7844770833333,903.7200478588243
LED450NM,17,42,5,480000,1355.5077125,940.4654563759111
LED450NM,17,43,5,480000,1358.5029833333333,935.6650258925999
LED450NM,17,44,5,480000,1362.9840583333332,948.0473142487123
LED450NM,17,45,5,480000,1369.0298166666666,954.8234269893219
LED450NM,17,46,5,480000,1374.26255,970.3158723799676
LED450NM,17,47,5,480000,1390.6415875,987.8043245727599
LED450NM,17,48,5,480000,1399.953675,1001.2707082626695
LED450NM,17,49,5,480000,1413.0287166666667,1008.0489459741127
LED450NM,17,50,5,480000,1412.2177645833333,1008.0529600926247
LED450NM,17,51,5,480000,1505.9678270833333,1123.990523145615
LED450NM,17,52,5,480000,1493.6553145833334,1158.7628203885731
LED450NM,17,53,5,480000,1499.5178208333334,1162.5438884865455
LED450NM,17,54,5,480000,1418.8411395833334,1046.6994383431909
LED450NM,17,55,5,480000,1547.45076875,1178.4554802779428
LED450NM,17,56,5,480000,1520.8513729166666,1248.5636663597656
LED450NM,17,57,5,480000,1471.3814145833333,1146.0415035896383
LED450NM,17,58,5,480000,1545.75806875,1295.0129032467285
LED450NM,17,59,5,480000,1605.17596875,1194.91315393264
LED450NM,17,60,5,480000,1642.905725,1147.1474280414982
LED450NM,17,61,5,480000,1657.2166145833332,1149.5985433026344
LED450NM,17,62,5,480000,1644.9861270833333,1265.021472244164
LED450NM,17,63,5,480000,1597.833825,1378.9387639044635
LED450NM,17,64,5,480000,1678.0653604166666,1240.6581847370771
LED450NM,17,65,5,480000,1640.9274708333332,1392.8145373300256
LED450NM,17,66,5,480000,1529.5251125,1236.4433467134118
LED450NM,17,67,5,480000,1644.9831729166667,1446.183895240251
LED450NM,17,68,5,480000,1689.2593604166666,1398.0202399363743
LED450NM,17,69,5,480000,1712.58104375,1384.7087132673705
LED450NM,17,70,5,480000,1710.6863645833334,1458.4122151338336
LED450NM,17,71,5,480000,1756.70004375,1356.5437764618944
LED450NM,17,72,5,480000,1743.455,1284.4814089967722
LED450NM,17,73,5,480000,1563.6213854166667,1341.4091681538662
LED450NM,17,74,5,480000,1719.8793583333334,1394.2412249185056
LED450NM,17,75,5,480000,1569.4923479166666,1367.8581175721818
LED450NM,17,76,5,480000,1731.80086875,1455.9495088668637
LED450NM,17,77,5,480000,1744.5457,1467.373288944345
LED450NM,17,78,5,480000,1769.7475854166667,1457.19936605484
LED450NM,17,79,5,480000,1772.78094375,1443.934740835417
LED450NM,17,80,5,480000,1819.29105625,1429.315851904333
LED450NM,17,81,5,480000,1814.50985,1400.0676823427063
LED450NM,17,82,5,480000,1815.86713125,1367.201869981647
LED450NM,17,83,5,480000,1826.6266145833333,1409.8240895978524
LED450NM,17,84,5,480000,1625.03710625,1492.6508562719469
LED450NM,17,85,5,480000,1637.9413604166666,1496.082915789646
LED450NM,17,86,5,480000,1623.2099104166666,1486.3739448956646
LED450NM,17,87,5,480000,1809.0484916666667,1556.3777436964199
LED450NM,17,88,5,480000,1821.2824729166666,1497.4140563814121
LED450NM,17,89,5,480000,1834.0756625,1517.6286626730705
LED450NM,17,90,5,480000,1802.6383520833333,1530.8722370624864
LED450NM,17,91,5,480000,1786.1264645833332,1662.0589835466005
LED450NM,17,92,5,480000,1806.7114979166668,1640.4429811569082
LED450NM,17,93,5,480000,1651.49076875,1625.1355111889236
LED450NM,17,94,5,480000,1781.6914458333333,1636.3352686932242
LED450NM,17,95,5,480000,1623.5318770833333,1549.7911306408419
LED450NM,17,96,5,480000,1606.0862354166666,1536.3993753140935
LED450NM,17,97,5,480000,1668.62828125,1777.3017257167078
LED450NM,17,98,5,480000,1740.9275583333333,1590.7400659644884
LED450NM,17,99,5,480000,1770.13870625,1562.33573794047
LED450NM,17,100,5,480000,1780.0039770833334,1545.5855214431194
LED450NM,17,101,5,480000,1781.2822166666667,1492.9269908665729
LED450NM,17,102,5,480000,1799.3923229166667,1469.630236601987
LED450NM,17,103,5,480000,1813.2576125,1483.6703872246917
LED450NM,17,104,5,480000,1816.3097520833333,1498.2394145384653
LED450NM,17,105,5,480000,1829.9010270833332,1492.075533452405
LED450NM,17,106,5,480000,1831.0598416666667,1498.4249038053174
LED450NM,17,107,5,480000,1840.4668125,1519.6270014212664
LED450NM,17,108,5,480000,1831.4187375,1554.8146683275168
LED450NM,17,109,5,480000,1813.334575,1553.1343921825962
LED450NM,17,110,5,480000,1812.62594375,1553.8933865337003
LED450NM,17,111,5,480000,1822.8431645833334,1577.4740531544628
LED450NM,17,112,5,480000,1834.5808125,1583.162117474657
LED450NM,17,113,5,480000,1831.5121375,1564.214119650881
LED450NM,17,114,5,480000,1838.8626375,1565.3487246904047
LED450NM,17,115,5,480000,1614.83795,1682.9594886050081
LED450NM,17,116,5,480000,1637.34870625,1708.4456890809752
LED450NM,17,117,5,480000,1590.9443,1628.0033170515483
LED450NM,17,118,5,480000,1599.6382416666668,1624.107765477733
LED450NM,17,119,5,480000,1605.7382458333334,1639.763018005373
LED450NM,17,120,5,480000,1602.5334208333334,1630.3214164862954
LED450NM,17,121,5,480000,1611.7642625,1646.7483984439855
LED450NM,17,122,5,480000,1606.6205354166666,1635.1833579908953
LED450NM,17,123,5,480000,1620.96774375,1636.9252775055488
LED450NM,17,124,5,480000,1598.2718791666666,1636.9843724025136
LED450NM,17,125,5,480000,1606.2508791666667,1655.0610037225144
LED450NM,17,126,5,480000,1613.7801833333333,1644.4530704086592
LED450NM,17,127,5,480000,1600.6499708333333,1655.614678357281
LED450NM,17,128,5,480000,1589.9960020833332,1618.109886045887
LED450NM,17,129,5,480000,1596.6171666666667,1635.9251291512821
LED450NM,17,130,5,480000,1587.6646979166667,1622.1478561191936
LED450NM,17,131,5,480000,1585.3889020833333,1631.1702470896735
LED450NM,17,132,5,480000,1589.22789375,1645.297508679364
LED450NM,17,133,5,480000,1587.93036875,1644.2132291829546
LED450NM,17,134,5,480000,1593.4578875,1641.3091770143544
LED450NM,17,135,5,480000,1603.0901104166667,1667.1467673689867
LED450NM,17,136,5,480000,1587.53463125,1641.02499399786
LED450NM,17,137,5,480000,1574.0735833333333,1628.3337291723994
LED450NM,17,138,5,480000,1590.73908125,1658.8522993808067
LED450NM,17,139,5,480000,1583.6790854166666,1639.2180403445157
LED450NM,17,140,5,480000,1561.5691666666667,1620.8563636712147
LED450NM,17,141,5,480000,1563.56875625,1627.5699448608177
LED450NM,17,142,5,480000,1549.1169,1606.4715602515003
LED450NM,17,143,5,480000,1523.7757708333334,1584.1391678804446
LED450NM,17,144,5,480000,1532.84996875,1594.975806278434
LED450NM,17,145,5,480000,1523.5160770833334,1592.5702162083867
LED450NM,17,146,5,480000,1523.64395625,1588.7409842287902
LED450NM,17,147,5,480000,1533.28168125,1602.2129463779431
LED450NM,17,148,5,480000,1551.347875,1643.628029000576
LED450NM,17,149,5,480000,1543.2547833333333,1638.271364183028
LED450NM,17,150,5,480000,1559.9718895833332,1649.046591180104
LED450NM,17,151,5,480000,1554.4824958333334,1649.0776933719458
LED450NM,17,152,5,480000,1545.1888270833333,1633.613666001364
LED450NM,17,153,5,480000,1547.1892958333333,1650.9988160228204
LED450NM,17,154,5,480000,1560.80158125,1665.4411233810547
LED450NM,17,155,5,480000,1557.9298708333333,1670.0608937945647
LED450NM,17,156,5,480000,1572.8724166666666,1698.1696819804235
LED450NM,17,157,5,480000,1508.9748479166667,1637.0323204387637
LED450NM,17,158,5,480000,1513.8074729166667,1650.2230813167066
LED450NM,17,159,5,480000,1511.54673125,1645.5258309312633
LED450NM,17,160,5,480000,1505.0189708333332,1654.6626681802168
LED450NM,17,161,5,480000,1535.4322333333334,1819.7213259164655
LED450NM,17,162,5,480000,1524.50408125,1804.0751027096064
LED450NM,17,163,5,480000,1529.7875854166666,1816.6217599167312
LED450NM,17,164,5,480000,1526.4942583333334,1808.4474444776843
LED450NM,17,165,5,480000,1530.9739166666666,1789.9599041316053
LED450NM,17,166,5,480000,1534.9942979166667,1814.2984101399188
LED450NM,17,167,5,480000,1530.4798645833334,1809.887913363808
LED450NM,17,168,5,480000,1529.16530625,1818.9891874727
LED450NM,17,169,5,480000,1525.5036395833333,1779.3638544186947
LED450NM,17,170,5,480000,1535.9293208333333,1784.3525658485457
LED450NM,17,171,5,480000,1543.6897854166666,1788.7076143121217
LED450NM,17,172,5,480000,1550.1210125,1795.9953552585098
LED450NM,17,173,5,480000,1549.9774125,1798.9848203229244
LED450NM,17,174,5,480000,1540.0698729166666,1763.4132079374342
LED450NM,17,175,5,480000,1543.8375916666666,1771.374119598078
LED450NM,17,176,5,480000,1542.0330395833332,1791.4873877411108
LED450NM,17,177,5,480000,1534.95685,1808.9091743669474
LED450NM,17,178,5,480000,1549.3814708333334,1833.118133787801
LED450NM,17,179,5,480000,1557.0361270833334,1860.11334045274
LED450NM,17,180,5,480000,1555.2152520833333,1864.153187270373
LED450NM,17,181,5,480000,1557.5505020833334,1873.4902018635448
LED450NM,17,182,5,480000,1559.5152458333334,1877.5281077569957
LED450NM,17,183,5,480000,1565.3759729166666,1893.5764263525557
LED450NM,17,184,5,480000,1545.1970416666666,1872.8824083725194
LED450NM,17,185,5,480000,1545.6281166666668,1872.006159496932
LED450NM,17,186,5,480000,1540.5621979166667,1871.2517596847
LED450NM,17,187,5,480000,1545.8901145833333,1890.0102824318474
LED450NM,17,188,5,480000,1557.2776520833334,1901.521366878305
LED450NM,17,189,5,480000,1558.6727645833334,1903.5787445171263
LED450NM,17,190,5,480000,1568.8321291666666,1908.3747025006342
LED450NM,17,191,5,480000,1574.6071520833334,1917.2273099087906
LED450NM,17,192,5,480000,1562.1384020833334,1897.110008260665
LED450NM,17,193,5,480000,1571.1080916666667,1919.137297585261
LED450NM,17,194,5,480000,1571.602825,1916.724832704524
LED450NM,18,0,5,480000,663.79620625,219.11325900134568
LED450NM,18,1,5,480000,668.9803291666667,221.74729217751073
LED450NM,18,2,5,480000,670.2298833333333,221.8477906309182
LED450NM,18,3,5,480000,684.2182270833333,229.36800157321446
LED450NM,18,4,5,480000,696.9804291666667,236.67916130523435
LED450NM,18,5,5,480000,708.1051666666667,243.71153941522525
LED450NM,18,6,5,480000,722.1636208333333,254.39434215384895
LED450NM,18,7,5,480000,745.1467020833334,271.9088254616157
LED450NM,18,8,5,480000,789.6058395833334,298.7885095439291
LED450NM,18,9,5,480000,818.2907708333333,323.3197025169605
LED450NM,18,10,5,480000,864.0844041666667,355.9021594145456
LED450NM,18,11,5,480000,913.216275,395.66547025775577
LED450NM,18,12,5,480000,971.0337583333334,440.3119014237236
LED450NM,18,13,5,480000,1095.3801041666666,330.4676886877986
LED450NM,18,14,5,480000,1090.9668291666667,532.9575072645997
LED450NM,18,15,5,480000,1235.8416104166668,356.42327972134933
LED450NM,18,16,5,480000,1202.8033708333332,618.3774137068755
LED450NM,18,17,5,480000,1229.2399229166667,640.9790102692475
LED450NM,18,18,5,480000,1364.8415333333332,604.7237226280683
LED450NM,18,19,5,480000,1368.4200520833333,707.0828524855938
LED450NM,18,20,5,480000,1365.8651479166667,741.0863373568554
LED450NM,18,21,5,480000,1514.39373125,705.4669412484562
LED450NM,18,22,5,480000,1518.9138020833334,807.4564483489719
LED450NM,18,23,5,480000,1657.8541875,578.8334808521199
LED450NM,18,24,5,480000,1714.2838020833333,590.9421073415688
LED450NM,18,25,5,480000,1603.4547395833333,918.7677580083343
LED450NM,18,26,5,480000,1675.70620625,963.601595510639
LED450NM,18,27,5,480000,1864.52763125,654.3905545453576
LED450NM,18,28,5,480000,1752.7312645833333,1013.7557422402232
LED450NM,18,29,5,480000,1867.96531875,999.367498480978
LED450NM,18,30,5,480000,1880.2370875,1075.340826529904
LED450NM,18,31,5,480000,1926.820125,1096.2215652674802
LED450NM,18,32,5,480000,2055.5220229166666,748.4659212616103
LED450NM,18,33,5,480000,1900.11468125,1152.0165826571078
LED450NM,18,34,5,480000,2100.2667541666665,1123.1576531556977
LED450NM,18,35,5,480000,1986.6967270833334,1217.948035910244
LED450NM,18,36,5,480000,2015.8334791666666,1249.4025601829242
LED450NM,18,37,5,480000,2082.3887479166665,1296.455564903328
LED450NM,18,38,5,480000,2120.1040916666666,1323.6306133613807
LED450NM,18,39,5,480000,2177.0285395833334,1358.6930228563067
LED450NM,18,40,5,480000,2195.6238770833334,1388.1349077870523
LED450NM,18,41,5,480000,2245.8807854166666,1435.2005556753384
LED450NM,18,42,5,480000,2404.44744375,1440.2115261772049
LED450NM,18,43,5,480000,2314.19704375,1505.106465106376
LED450NM,18,44,5,480000,2315.599708333333,1519.9016465958957
LED450NM,18,45,5,480000,2364.63591875,1559.8968826179164
LED450NM,18,46,5,480000,2376.45185,1517.7518892682726
LED450NM,18,47,5,480000,2392.974727083333,1535.3825040593945
LED450NM,18,48,5,480000,2437.0071166666667,1573.660761144542
LED450NM,18,49,5,480000,2466.9897541666664,1603.304525203085
LED450NM,18,50,5,480000,2485.219275,1618.5870157916465
LED450NM,18,51,5,480000,2787.6660645833335,1439.8705747774884
LED450NM,18,52,5,480000,2844.6632270833334,1347.3600364519325
LED450NM,18,53,5,480000,2834.76575,1538.1894794252223
LED450NM,18,54,5,480000,2603.66555625,1733.4352235984943
LED450NM,18,55,5,480000,2894.4106333333334,1583.5944158559873
LED450NM,18,56,5,480000,2817.45611875,1812.8759075704645
LED450NM,18,57,5,480000,2748.3060333333333,1860.2597772829827
LED450NM,18,58,5,480000,2907.6973791666665,1786.4179680473153
LED450NM,18,59,5,480000,2798.840147916667,1903.4225580526152
LED450NM,18,60,5,480000,3065.5337604166666,1251.6453752452146
LED450NM,18,61,5,480000,3113.5706770833335,1306.5061767938885
LED450NM,18,62,5,480000,3118.1149375,1285.7910998266934
LED450NM,18,63,5,480000,2963.8035333333332,1916.0548986972378
LED450NM,18,64,5,480000,3146.6970458333335,1455.5852845941754
LED450NM,18,65,5,480000,3142.4052354166665,1650.569111575259
LED450NM,18,66,5,480000,2815.08610625,1983.7817422109376
LED450NM,18,67,5,480000,3162.646439583333,1741.8839417176398
LED450NM,18,68,5,480000,3242.3702791666665,1574.9605779026679
LED450NM,18,69,5,480000,3300.5074833333333,1521.343295859452
LED450NM,18,70,5,480000,3320.0957791666665,1670.96014372641
LED450NM,18,71,5,480000,3353.7080104166666,1422.2124684105747
LED450NM,18,72,5,480000,3385.21259375,1348.6451468038758
LED450NM,18,73,5,480000,2962.6099791666666,2154.833177115168
LED450NM,18,74,5,480000,3372.977264583333,1553.4309358916425
LED450NM,18,75,5,480000,2969.39970625,2197.7353481224704
LED450NM,18,76,5,480000,3391.13630625,1630.2567716766857
LED450NM,18,77,5,480000,3390.19586875,1568.0977750526324
LED450NM,18,78,5,480000,3411.573479166667,1563.6988107731333
LED450NM,18,79,5,480000,3440.0390020833333,1523.1367125051254
LED450NM,18,80,5,480000,3452.4627625,1469.5610783427937
LED450NM,18,81,5,480000,3494.3516458333334,1476.5382388473863
LED450NM,18,82,5,480000,3526.5130229166666,1449.3891711773747
LED450NM,18,83,5,480000,3565.8487104166666,1501.434188018591
LED450NM,18,84,5,480000,3146.095945833333,2408.1366330704873
LED450NM,18,85,5,480000,3177.6399083333336,2427.6321340138197
LED450NM,18,86,5,480000,3159.905325,2438.551167958817
LED450NM,18,87,5,480000,3601.8391104166667,1755.9999709590807
LED450NM,18,88,5,480000,3603.8447666666666,1650.1687188709257
LED450NM,18,89,5,480000,3616.4173979166667,1631.519159323419
LED450NM,18,90,5,480000,3616.7579333333333,1695.5932052479143
LED450NM,18,91,5,480000,3591.655964583333,2024.6208003743275
LED450NM,18,92,5,480000,3583.2383854166665,2087.8370312926672
LED450NM,18,93,5,480000,3149.432547916667,2496.401678338788
LED450NM,18,94,5,480000,3619.762639583333,1956.1875766024543
LED450NM,18,95,5,480000,3178.6793375,2552.9083487148655
LED450NM,18,96,5,480000,3129.98724375,2516.4453947958737
LED450NM,18,97,5,480000,3157.0133375,2563.4196946561983
LED450NM,18,98,5,480000,3582.574077083333,1860.064281043154
LED450NM,18,99,5,480000,3561.91955,1721.074066718793
LED450NM,18,100,5,480000,3577.8953479166667,1702.9245521822231
LED450NM,18,101,5,480000,3578.6184625,1662.3587828080722
LED450NM,18,102,5,480000,3576.1742645833333,1634.0350939037198
LED450NM,18,103,5,480000,3568.495214583333,1616.399986611843
LED450NM,18,104,5,480000,3595.8113125,1620.8798041962255
LED450NM,18,105,5,480000,3603.81013125,1592.4870649206043
LED450NM,18,106,5,480000,3584.068533333333,1615.659781878036
LED450NM,18,107,5,480000,3606.4413541666668,1621.132587936286
LED450NM,18,108,5,480000,3651.7748020833333,1640.5006929480346
LED450NM,18,109,5,480000,3627.8564979166667,1645.7629626283474
LED450NM,18,110,5,480000,3628.0456,1656.9878606575467
LED450NM,18,111,5,480000,3620.0995229166665,1665.0022473312479
LED450NM,18,112,5,480000,3620.6001020833332,1647.0317843296384
LED450NM,18,113,5,480000,3637.6537166666667,1659.8484204100846
LED450NM,18,114,5,480000,3606.5931291666666,1640.0190794869202
LED450NM,18,115,5,480000,3152.6973375,2645.7447270789835
LED450NM,18,116,5,480000,3108.9889520833335,2606.759401736671
LED450NM,18,117,5,480000,3095.55480625,2597.8734723624643
LED450NM,18,118,5,480000,3076.5247583333335,2570.9937977543223
LED450NM,18,119,5,480000,3048.2765791666666,2568.300686055172
LED450NM,18,120,5,480000,3071.8411291666666,2600.2838105326873
LED450NM,18,121,5,480000,3037.7422125,2562.495386481168
LED450NM,18,122,5,480000,3035.1955041666665,2549.3494104957026
LED450NM,18,123,5,480000,3039.6098208333333,2564.859692329235
LED450NM,18,124,5,480000,3042.343770833333,2575.333067893183
LED450NM,18,125,5,480000,3031.22065625,2579.0257104348025
LED450NM,18,126,5,480000,3049.2212625,2602.484759830735
LED450NM,18,127,5,480000,3039.1967479166665,2597.166867021609
LED450NM,18,128,5,480000,3023.8369479166668,2606.5857227414244
LED450NM,18,129,5,480000,3043.8432354166666,2631.837075194552
LED450NM,18,130,5,480000,3017.2840083333335,2604.386365480699
LED450NM,18,131,5,480000,3025.6853354166665,2622.7520244091797
LED450NM,18,132,5,480000,3027.0488041666667,2624.7707028824098
LED450NM,18,133,5,480000,3000.17288125,2625.700954598757
LED450NM,18,134,5,480000,3010.5359895833335,2647.191771429002
LED450NM,18,135,5,480000,2987.4967708333334,2640.320016466989
LED450NM,18,136,5,480000,3006.787025,2666.3686321076243
LED450NM,18,137,5,480000,3040.22365,2703.068894894717
LED450NM,18,138,5,480000,3004.3148479166666,2662.574757482947
LED450NM,18,139,5,480000,3035.7824,2691.9893416440636
LED450NM,18,140,5,480000,2970.421947916667,2617.971943080726
LED450NM,18,141,5,480000,2978.01293125,2633.047883934738
LED450NM,18,142,5,480000,2952.6839208333336,2601.964887348398
LED450NM,18,143,5,480000,2941.55508125,2599.846991363829
LED450NM,18,144,5,480000,2869.592397916667,2537.0818545205875
LED450NM,18,145,5,480000,2882.18809375,2558.019945537692
LED450NM,18,146,5,480000,2902.232925,2576.5251150491968
LED450NM,18,147,5,480000,2895.57301875,2572.2323390575084
LED450NM,18,148,5,480000,2907.583472916667,2590.6618033652335
LED450NM,18,149,5,480000,2863.87295625,2553.748975658036
LED450NM,18,150,5,480000,2864.6678125,2562.962213464588
LED450NM,18,151,5,480000,2851.819683333333,2542.7746446185643
LED450NM,18,152,5,480000,2842.9416645833335,2533.3640199510205
LED450NM,18,153,5,480000,2834.87964375,2517.8782438079597
LED450NM,18,154,5,480000,2851.8778291666667,2540.3357152843573
LED450NM,18,155,5,480000,2867.89701875,2576.436952297419
LED450NM,18,156,5,480000,2855.73443125,2569.8094843149993
LED450NM,18,157,5,480000,2887.55600625,2608.022062852575
LED450NM,18,158,5,480000,2871.98406875,2585.263806836731
LED450NM,18,159,5,480000,2838.50386875,2568.92634790896
LED450NM,18,160,5,480000,2827.9722,2576.944317488349
LED450NM,18,161,5,480000,2950.8440520833333,2637.232273809798
LED450NM,18,162,5,480000,2918.073102083333,2639.540941316754
LED450NM,18,163,5,480000,2927.9530791666666,2647.6483214886694
LED450NM,18,164,5,480000,2909.2039479166665,2640.719178713253
LED450NM,18,165,5,480000,2886.7301875,2640.1950544588017
LED450NM,18,166,5,480000,2888.214252083333,2641.991936897511
LED450NM,18,167,5,480000,2876.488729166667,2638.8680688061377
LED450NM,18,168,5,480000,2872.6841020833335,2620.2170566947166
LED450NM,18,169,5,480000,2887.453591666667,2613.7142201337924
LED450NM,18,170,5,480000,2874.7416083333333,2615.807627269969
LED450NM,18,171,5,480000,2857.5413354166667,2611.8339873903196
LED450NM,18,172,5,480000,2825.514510416667,2599.8862431656403
LED450NM,18,173,5,480000,2841.5069729166667,2590.3072728968295
LED450NM,18,174,5,480000,2843.4325729166667,2600.5091660807993
LED450NM,18,175,5,480000,2849.1009041666666,2602.5637287973723
LED450NM,18,176,5,480000,2844.59255,2607.5429180314873
LED450NM,18,177,5,480000,2871.734283333333,2600.229045456634
LED450NM,18,178,5,480000,2834.8722479166668,2613.944826946236
LED450NM,18,179,5,480000,2814.6451333333334,2612.818578214208
LED450NM,18,180,5,480000,2826.85178125,2616.0420395609
LED450NM,18,181,5,480000,2801.9645041666668,2564.7697035435845
LED450NM,18,182,5,480000,2812.2359354166665,2574.6904944678745
LED450NM,18,183,5,480000,2810.091177083333,2570.2858451860607
LED450NM,18,184,5,480000,2793.1032375,2572.3204322273928
LED450NM,18,185,5,480000,2771.808145833333,2575.9976927283883
LED450NM,18,186,5,480000,2765.46194375,2560.9067376984312
LED450NM,18,187,5,480000,2772.2115229166666,2576.2731139958046
LED450NM,18,188,5,480000,2765.6769395833335,2582.9365068651127
LED450NM,18,189,5,480000,2772.2952,2589.0030574855373
LED450NM,18,190,5,480000,2773.9605854166666,2592.3053655358726
LED450NM,18,191,5,480000,2757.4464020833334,2584.8094933013144
LED450NM,18,192,5,480000,2762.235904166667,2586.9732040132453
LED450NM,18,193,5,480000,2749.010997916667,2589.821581482876
LED450NM,18,194,5,480000,2747.17649375,2581.628789854615
LED450NM,19,0,5,480000,2542.4114229166667,883.6912087469244
LED450NM,19,1,5,480000,2523.6284625,869.7791112244454
LED450NM,19,2,5,480000,2515.0714520833335,868.1482282114517
LED450NM,19,3,5,480000,2523.7362854166668,862.8533072376026
LED450NM,19,4,5,480000,2520.6204583333333,857.5992073480224
LED450NM,19,5,5,480000,2537.0665875,859.5722489336997
LED450NM,19,6,5,480000,2544.4380083333335,855.6923103221936
LED450NM,19,7,5,480000,2598.26053125,872.6263870235175
LED450NM,19,8,5,480000,2698.96751875,886.1837124394044
LED450NM,19,9,5,480000,2781.02034375,917.0730530883105
LED450NM,19,10,5,480000,2872.6138479166666,962.3117434817153
LED450NM,19,11,5,480000,2986.7387625,1012.4652980332883
LED450NM,19,12,5,480000,3117.468695833333,1073.1002084241943
LED450NM,19,13,5,480000,3243.820727083333,1056.3653467791362
LED450NM,19,14,5,480000,3405.76636875,1186.4427724337102
LED450NM,19,15,5,480000,3520.9945875,1156.1304322987833
LED450NM,19,16,5,480000,3698.98446875,1340.616243776544
LED450NM,19,17,5,480000,3854.5556291666667,1411.8121833145497
LED450NM,19,18,5,480000,3970.71863125,1418.718125725782
LED450NM,19,19,5,480000,4097.930527083333,1532.3256536296162
LED450NM,19,20,5,480000,4275.398185416667,1604.0664750838591
LED450NM,19,21,5,480000,4464.2333375,1656.7119356284036
LED450NM,19,22,5,480000,4614.4666625,1729.1655849742801
LED450NM,19,23,5,480000,4760.2412395833335,1723.8226284497912
LED450NM,19,24,5,480000,4908.7310916666665,1800.362126118884
LED450NM,19,25,5,480000,5104.114991666666,2037.0273826956566
LED450NM,19,26,5,480000,5292.660310416667,2122.497517233665
LED450NM,19,27,5,480000,5447.520820833333,2033.813256103911
LED450NM,19,28,5,480000,5690.6421875,2317.8728315066987
LED450NM,19,29,5,480000,5909.673616666667,2293.8665873810287
LED450NM,19,30,5,480000,6108.234254166667,2425.9894553219556
LED450NM,19,31,5,480000,6271.408395833333,2434.2568834006975
LED450NM,19,32,5,480000,6433.083229166667,2439.799475584091
LED450NM,19,33,5,480000,6681.3282291666665,2781.0604255936464
LED450NM,19,34,5,480000,6904.626945833334,2779.4184735707618
LED450NM,19,35,5,480000,7053.29793125,2937.5839863514066
LED450NM,19,36,5,480000,7249.9454,3057.250749418995
LED450NM,19,37,5,480000,7455.0401875,3150.4141534046703
LED450NM,19,38,5,480000,7671.6518354166665,3259.5704217670323
LED450NM,19,39,5,480000,7867.719625,3352.310294398704
LED450NM,19,40,5,480000,8123.016747916667,3502.830781720325
LED450NM,19,41,5,480000,8390.21198125,3624.545215774691
LED450NM,19,42,5,480000,8654.65476875,3647.3067632433663
LED450NM,19,43,5,480000,8854.324366666666,3820.5935183831407
LED450NM,19,44,5,480000,9119.57193125,3988.0204640278694
LED450NM,19,45,5,480000,9380.736989583333,4086.906705521929
LED450NM,19,46,5,480000,9629.128266666667,4220.929357565719
LED450NM,19,47,5,480000,9900.990308333334,4360.118801154991
LED450NM,19,48,5,480000,10190.6618875,4463.525710181445
LED450NM,19,49,5,480000,10494.360025,4568.958869831871
LED450NM,19,50,5,480000,10753.810233333334,4680.159993123573
LED450NM,19,51,5,480000,11119.748591666666,4686.300074211231
LED450NM,19,52,5,480000,11394.672883333333,4714.506540499814
LED450NM,19,53,5,480000,11708.0113375,4936.682055412721
LED450NM,19,54,5,480000,11982.031672916666,5348.287508280002
LED450NM,19,55,5,480000,12319.039589583334,5156.034184636782
LED450NM,19,56,5,480000,12544.375633333333,5583.948330028935
LED450NM,19,57,5,480000,12862.19638125,5750.7513298371705
LED450NM,19,58,5,480000,13164.301972916666,5640.983090503251
LED450NM,19,59,5,480000,13411.1198875,5686.064682647934
LED450NM,19,60,5,480000,13659.407175,5470.423874995141
LED450NM,19,61,5,480000,13995.612004166667,5590.8518223769715
LED450NM,19,62,5,480000,14306.87830625,5780.710724607186
LED450NM,19,63,5,480000,14850.13236875,6294.864457817759
LED450NM,19,64,5,480000,15009.533852083334,5890.749342957484
LED450NM,19,65,5,480000,15479.56621875,6305.593802130381
LED450NM,19,66,5,480000,15809.224829166667,6968.097371656126
LED450NM,19,67,5,480000,16004.444866666667,6557.6865871492355
LED450NM,19,68,5,480000,16293.465645833334,6544.0350871406645
LED450NM,19,69,5,480000,16558.127445833332,6549.5300743933185
LED450NM,19,70,5,480000,16727.070320833333,6560.071097870623
LED450NM,19,71,5,480000,16965.980279166666,6545.034205654398
LED450NM,19,72,5,480000,17206.502697916665,6635.803082911371
LED450NM,19,73,5,480000,17619.1640375,7680.337267556736
LED450NM,19,74,5,480000,17818.245760416667,6915.380357039281
LED450NM,19,75,5,480000,18206.010597916666,7938.405741694809
LED450NM,19,76,5,480000,18427.302854166668,7230.472128635816
LED450NM,19,77,5,480000,18691.984995833333,7316.077420563782
LED450NM,19,78,5,480000,18922.187460416666,7332.386274406046
LED450NM,19,79,5,480000,19256.6218875,7411.131244028142
LED450NM,19,80,5,480000,19449.921204166665,7332.3967123407465
LED450NM,19,81,5,480000,19777.773364583332,7475.206283788605
LED450NM,19,82,5,480000,20091.170172916667,7610.997562437031
LED450NM,19,83,5,480000,20426.691191666665,7764.169795526001
LED450NM,19,84,5,480000,20953.725685416666,9171.563793025307
LED450NM,19,85,5,480000,21359.077785416666,9329.19067770113
LED450NM,19,86,5,480000,21766.36488125,9548.881962357185
LED450NM,19,87,5,480000,21986.82765625,8646.123189493643
LED450NM,19,88,5,480000,22304.32559375,8694.011800446277
LED450NM,19,89,5,480000,22499.78350625,8762.543131702883
LED450NM,19,90,5,480000,23036.840297916668,9126.821704377562
LED450NM,19,91,5,480000,23645.27781041667,9558.808043821771
LED450NM,19,92,5,480000,24111.28509375,9982.5745333689
LED450NM,19,93,5,480000,24427.291220833333,11064.331325588302
LED450NM,19,94,5,480000,24802.283591666666,10140.389715911479
LED450NM,19,95,5,480000,25073.872970833334,11345.57991394965
LED450NM,19,96,5,480000,25469.634058333333,11531.678425766962
LED450NM,19,97,5,480000,25875.080735416668,11777.393440180595
LED450NM,19,98,5,480000,25878.42203541667,10709.33280204451
LED450NM,19,99,5,480000,26126.897535416665,10726.15462433469
LED450NM,19,100,5,480000,26502.496070833335,10956.611126327887
LED450NM,19,101,5,480000,26857.775816666668,11233.88456939318
LED450NM,19,102,5,480000,27254.1241375,11455.007837301184
LED450NM,19,103,5,480000,27758.382295833333,11655.609924261073
LED450NM,19,104,5,480000,28206.130479166666,11820.795222780249
LED450NM,19,105,5,480000,28499.22063125,12002.194858927322
LED450NM,19,106,5,480000,28701.3244125,12150.259596454029
LED450NM,19,107,5,480000,28937.02799375,12250.734332231106
LED450NM,19,108,5,480000,29288.234689583333,12542.082531255439
LED450NM,19,109,5,480000,29616.561195833332,12691.044488613683
LED450NM,19,110,5,480000,29929.08960625,12861.221921645649
LED450NM,19,111,5,480000,30139.326829166668,12974.619828211384
LED450NM,19,112,5,480000,30393.713564583333,13083.804284154712
LED450NM,19,113,5,480000,30835.989670833333,13161.632843012932
LED450NM,19,114,5,480000,31343.287354166667,13334.815383360772
LED450NM,19,115,5,480000,31782.867689583334,15139.63920660045
LED450NM,19,116,5,480000,32081.863016666666,15220.328075243036
LED450NM,19,117,5,480000,32383.297279166665,15362.789924925477
LED450NM,19,118,5,480000,32808.591445833335,15467.827931101196
LED450NM,19,119,5,480000,32826.94135208333,15589.836138334516
LED450NM,19,120,5,480000,33173.04372083333,15701.071385347168
LED450NM,19,121,5,480000,33371.97228541667,15753.816107552608
LED450NM,19,122,5,480000,33616.03350416667,15864.299906608914
LED450NM,19,123,5,480000,33944.05267708333,15900.67158461351
LED450NM,19,124,5,480000,34286.79391875,15965.687861801585
LED450NM,19,125,5,480000,34541.07884166667,16000.624498731442
LED450NM,19,126,5,480000,34757.35364583333,16038.21532424279
LED450NM,19,127,5,480000,35082.091847916665,16087.48578586951
LED450NM,19,128,5,480000,35234.888654166665,16130.955053046755
LED450NM,19,129,5,480000,35263.141245833336,16150.554382112025
LED450NM,19,130,5,480000,35454.0210125,16228.30834661932
LED450NM,19,131,5,480000,35801.27186875,16287.075002984662
LED450NM,19,132,5,480000,36041.89045625,16301.694745004344
LED450NM,19,133,5,480000,36186.88308958333,16316.027941865192
LED450NM,19,134,5,480000,36592.55532291667,16325.690404445568
LED450NM,19,135,5,480000,36604.22536458333,16333.210790562212
LED450NM,19,136,5,480000,36723.184972916664,16353.94519796853
LED450NM,19,137,5,480000,36926.2589875,16323.791375843382
LED450NM,19,138,5,480000,37088.58514791667,16394.37969944883
LED450NM,19,139,5,480000,37439.03532916667,16397.603997543672
LED450NM,19,140,5,480000,37300.210179166665,16363.069615492373
LED450NM,19,141,5,480000,37580.063116666664,16362.45248830534
LED450NM,19,142,5,480000,37833.52124583333,16373.494170237287
LED450NM,19,143,5,480000,38064.403427083336,16398.709523043482
LED450NM,19,144,5,480000,38174.5651875,16350.313181930076
LED450NM,19,145,5,480000,38498.65995,16370.573080576603
LED450NM,19,146,5,480000,38715.03277291667,16412.72431618754
LED450NM,19,147,5,480000,38817.668191666664,16472.941754561325
LED450NM,19,148,5,480000,38976.000722916666,16430.295749045847
LED450NM,19,149,5,480000,39221.1443375,16397.0235704182
LED450NM,19,150,5,480000,39496.80597916667,16400.9400645478
LED450NM,19,151,5,480000,39619.45522708333,16427.801999305284
LED450NM,19,152,5,480000,39810.87230625,16422.558835854434
LED450NM,19,153,5,480000,40072.88304375,16317.414377910745
LED450NM,19,154,5,480000,40203.79180416666,16354.816387847863
LED450NM,19,155,5,480000,40366.96664791667,16411.160582257166
LED450NM,19,156,5,480000,40629.419441666665,16404.232041007675
LED450NM,19,157,5,480000,40806.33146458333,16407.964087908145
LED450NM,19,158,5,480000,40914.89784583334,16435.25289707279
LED450NM,19,159,5,480000,40830.84949166667,16454.08766023486
LED450NM,19,160,5,480000,41053.463164583336,16462.708697318052
LED450NM,19,161,5,480000,40809.635035416664,16403.100603814426
LED450NM,19,162,5,480000,39784.403125,16455.001934533673
LED450NM,19,163,5,480000,39991.17835,16488.315638402964
LED450NM,19,164,5,480000,40256.10980208333,16410.119584596134
LED450NM,19,165,5,480000,40378.867204166665,16384.574716059877
LED450NM,19,166,5,480000,40498.511910416666,16320.92945023888
LED450NM,19,167,5,480000,40792.742033333336,16302.9575760872
LED450NM,19,168,5,480000,41039.34469791667,16360.293444525414
LED450NM,19,169,5,480000,41272.286745833335,16281.618547738433
LED450NM,19,170,5,480000,41284.90539375,16252.707076949573
LED450NM,19,171,5,480000,41354.21250833333,16234.954192111056
LED450NM,19,172,5,480000,41463.22928958333,16234.057453294474
LED450NM,19,173,5,480000,41640.673322916664,16292.383136123788
LED450NM,19,174,5,480000,41877.26144375,16268.313626735642
LED450NM,19,175,5,480000,42042.390064583335,16150.55985327823
LED450NM,19,176,5,480000,42197.222233333334,16148.489945760144
LED450NM,19,177,5,480000,42452.088797916665,16114.851488411123
LED450NM,19,178,5,480000,42583.01656041667,16058.829394963523
LED450NM,19,179,5,480000,42639.109160416665,16069.92417139321
LED450NM,19,180,5,480000,42823.85808958334,15973.178380157477
LED450NM,19,181,5,480000,42988.98311666667,15962.04697994937
LED450NM,19,182,5,480000,42945.5187875,15986.604663317645
LED450NM,19,183,5,480000,43053.66526458333,15968.082587457737
LED450NM,19,184,5,480000,43101.172954166665,15969.169187556618
LED450NM,19,185,5,480000,43192.793889583336,15959.456896495953
LED450NM,19,186,5,480000,43238.93119375,15958.009496329378
LED450NM,19,187,5,480000,43492.04911666667,15854.228063950324
LED450NM,19,188,5,480000,43522.15531041667,15889.983668003377
LED450NM,19,189,5,480000,43626.736447916664,15866.175363212165
LED450NM,19,190,5,480000,43868.80729375,15860.640247553578
LED450NM,19,191,5,480000,43988.654322916664,15835.811847095081
LED450NM,19,192,5,480000,44018.113358333336,15881.685236513262
LED450NM,19,193,5,480000,42943.17708958333,15782.89106657334
LED450NM,19,194,5,480000,42086.24697083333,15755.148892699108
