LED,FOV,Frame,Mean_Brightness,Median_Brightness
LED450NM,0,0,352.38492,346.0
LED450NM,0,1,353.37820885416664,348.0
LED450NM,0,2,352.5594617708333,347.0
LED450NM,0,3,353.1916233333333,347.0
LED450NM,0,4,355.2141959375,349.0
LED450NM,0,5,355.42844875,349.0
LED450NM,0,6,354.54712166666667,348.0
LED450NM,0,7,356.3203948958333,350.0
LED450NM,0,8,356.3144375,350.0
LED450NM,0,9,357.0252046875,350.0
LED450NM,0,10,356.5473054166667,350.0
LED450NM,0,11,356.307050625,350.0
LED450NM,0,12,356.47633010416666,350.0
LED450NM,0,13,356.8530140625,349.0
LED450NM,0,14,357.5742578125,350.0
LED450NM,0,15,357.95226510416666,351.0
LED450NM,0,16,357.82454916666666,350.0
LED450NM,0,17,357.74281,351.0
LED450NM,0,18,356.886985,350.0
LED450NM,0,19,356.337776875,350.0
LED450NM,0,20,357.0245277083333,350.0
LED450NM,0,21,357.6246455208333,350.0
LED450NM,0,22,357.58824125,350.0
LED450NM,0,23,357.9812286458333,350.0
LED450NM,0,24,359.2127141666667,351.0
LED450NM,0,25,359.445235625,353.0
LED450NM,0,26,358.99914739583335,353.0
LED450NM,0,27,359.56938333333335,352.0
LED450NM,0,28,360.09224302083334,354.0
LED450NM,0,29,359.8640621875,353.0
LED450NM,0,30,359.6438657291667,353.0
LED450NM,0,31,360.160000625,352.0
LED450NM,0,32,358.7498235416667,351.0
LED450NM,0,33,358.4922045833333,352.0
LED450NM,0,34,359.1244365625,352.0
LED450NM,0,35,359.07857125,353.0
LED450NM,0,36,359.22536302083336,353.0
LED450NM,0,37,358.74023177083336,353.0
LED450NM,0,38,358.6539471875,353.0
LED450NM,0,39,359.0269869791667,353.0
LED450NM,0,40,357.7575413541667,352.0
LED450NM,0,41,358.48705875,352.0
LED450NM,0,42,359.26651833333335,352.0
LED450NM,0,43,358.7301025,353.0
LED450NM,0,44,357.9237011458333,352.0
LED450NM,0,45,357.4464769791667,352.0
LED450NM,0,46,357.45511,352.0
LED450NM,0,47,356.2922994791667,351.0
LED450NM,0,48,357.6170580208333,352.0
LED450NM,0,49,358.1275746875,353.0
LED450NM,0,50,358.354710625,353.0
LED450NM,0,51,356.6747590625,350.0
LED450NM,0,52,356.17011291666665,350.0
LED450NM,0,53,355.8652490625,350.0
LED450NM,0,54,356.7644782291667,352.0
LED450NM,0,55,356.0972375,351.0
LED450NM,0,56,354.85464697916666,349.0
LED450NM,0,57,355.73500916666666,351.0
LED450NM,0,58,355.9159965625,351.0
LED450NM,0,59,356.7683282291667,351.0
LED450NM,0,60,355.8889189583333,350.0
LED450NM,0,61,355.15340135416665,349.0
LED450NM,0,62,355.82492541666664,350.0
LED450NM,0,63,355.51609770833335,350.0
LED450NM,0,64,356.1580511458333,350.0
LED450NM,0,65,356.3036377083333,351.0
LED450NM,0,66,354.19491177083336,350.0
LED450NM,0,67,353.93178302083334,349.0
LED450NM,0,68,353.3406484375,348.0
LED450NM,0,69,354.13134322916665,349.0
LED450NM,0,70,354.4029946875,349.0
LED450NM,0,71,353.05222177083334,348.0
LED450NM,0,72,352.1740255208333,347.0
LED450NM,0,73,353.126288125,348.0
LED450NM,0,74,354.7627733333333,351.0
LED450NM,0,75,352.7783714583333,348.0
LED450NM,0,76,352.04207729166666,347.0
LED450NM,0,77,352.57561604166665,348.0
LED450NM,0,78,352.17749822916664,347.0
LED450NM,0,79,351.6649119791667,347.0
LED450NM,0,80,352.06538479166665,347.0
LED450NM,0,81,351.7142953125,347.0
LED450NM,0,82,351.0971546875,346.0
LED450NM,0,83,351.10700770833336,346.0
LED450NM,0,84,351.6869273958333,347.0
LED450NM,0,85,351.585514375,348.0
LED450NM,0,86,350.7554155208333,347.0
LED450NM,0,87,350.7866873958333,347.0
LED450NM,0,88,350.8357811458333,346.0
LED450NM,0,89,349.9062270833333,346.0
LED450NM,0,90,350.33581104166666,346.0
LED450NM,0,91,351.63220229166666,347.0
LED450NM,0,92,351.68267583333335,347.0
LED450NM,0,93,349.8369801041667,346.0
LED450NM,0,94,350.5731873958333,347.0
LED450NM,0,95,350.5676158333333,347.0
LED450NM,0,96,351.241139375,348.0
LED450NM,0,97,350.28953364583333,347.0
LED450NM,0,98,349.544884375,346.0
LED450NM,0,99,349.660073125,346.0
LED450NM,0,100,350.7845861458333,347.0
LED450NM,0,101,349.5811759375,346.0
LED450NM,0,102,349.05063447916666,345.0
LED450NM,0,103,349.0344733333333,345.0
LED450NM,0,104,350.20908354166664,346.0
LED450NM,0,105,350.8181470833333,347.0
LED450NM,0,106,350.3292084375,347.0
LED450NM,0,107,349.35794791666666,346.0
LED450NM,0,108,348.2826530208333,345.0
LED450NM,0,109,348.84031197916664,345.0
LED450NM,0,110,349.7159044791667,346.0
LED450NM,0,111,349.2412884375,346.0
LED450NM,0,112,348.34332625,345.0
LED450NM,0,113,348.3032340625,345.0
LED450NM,0,114,349.5578436458333,346.0
LED450NM,0,115,349.3458816666667,347.0
LED450NM,0,116,348.20030802083335,346.0
LED450NM,0,117,348.0861305208333,346.0
LED450NM,0,118,348.3020422916667,346.0
LED450NM,0,119,348.29735177083336,346.0
LED450NM,0,120,347.5511041666667,345.0
LED450NM,0,121,347.2714938541667,345.0
LED450NM,0,122,347.0088402083333,345.0
LED450NM,0,123,347.38064427083333,345.0
LED450NM,0,124,348.1909819791667,346.0
LED450NM,0,125,346.9344654166667,344.0
LED450NM,0,126,346.5919453125,344.0
LED450NM,0,127,346.9446028125,344.0
LED450NM,0,128,346.561180625,344.0
LED450NM,0,129,347.1117611458333,345.0
LED450NM,0,130,345.66835114583336,343.0
LED450NM,0,131,346.45599927083333,344.0
LED450NM,0,132,346.99842260416665,345.0
LED450NM,0,133,346.9177878125,344.0
LED450NM,0,134,346.790315625,344.0
LED450NM,0,135,345.32134114583334,343.0
LED450NM,0,136,346.33622354166664,344.0
LED450NM,0,137,347.415884375,345.0
LED450NM,0,138,347.4950873958333,345.0
LED450NM,0,139,344.8314604166667,342.0
LED450NM,0,140,346.5977557291667,344.0
LED450NM,0,141,346.703739375,344.0
LED450NM,0,142,346.6301066666667,344.0
LED450NM,0,143,346.06872364583336,344.0
LED450NM,0,144,345.93723604166667,343.0
LED450NM,0,145,346.89965479166665,344.0
LED450NM,0,146,346.51994833333333,344.0
LED450NM,0,147,345.83803052083334,343.0
LED450NM,0,148,346.4402971875,344.0
LED450NM,0,149,346.1110522916667,344.0
LED450NM,0,150,346.41801322916666,344.0
LED450NM,0,151,345.89593958333336,343.0
LED450NM,0,152,346.0774104166667,344.0
LED450NM,0,153,345.66894104166664,343.0
LED450NM,0,154,345.906088125,344.0
LED450NM,0,155,345.1497109375,343.0
LED450NM,0,156,344.2445740625,342.0
LED450NM,0,157,343.31234895833336,341.0
LED450NM,0,158,345.07498364583336,343.0
LED450NM,0,159,344.8507372916667,343.0
LED450NM,0,160,344.2886516666667,342.0
LED450NM,0,161,344.0084857291667,342.0
LED450NM,0,162,342.911840625,340.0
LED450NM,0,163,343.6231698958333,341.0
LED450NM,0,164,344.1580604166667,342.0
LED450NM,0,165,343.63577354166665,341.0
LED450NM,0,166,345.3056786458333,343.0
LED450NM,0,167,344.90701041666665,342.0
LED450NM,0,168,343.1352925,341.0
LED450NM,0,169,343.06047510416664,340.0
LED450NM,0,170,343.18166,341.0
LED450NM,0,171,342.7407403125,340.0
LED450NM,0,172,342.65953114583334,340.0
LED450NM,0,173,342.9274803125,340.0
LED450NM,0,174,341.71746364583333,339.0
LED450NM,0,175,342.27872114583334,340.0
LED450NM,0,176,342.6400744791667,340.0
LED450NM,0,177,343.2828732291667,341.0
LED450NM,0,178,343.5047865625,341.0
LED450NM,0,179,343.8003328125,341.0
LED450NM,0,180,344.3508721875,342.0
LED450NM,0,181,344.75810020833336,342.0
LED450NM,0,182,345.7058003125,343.0
LED450NM,0,183,344.5601275,342.0
LED450NM,0,184,344.5079478125,342.0
LED450NM,0,185,342.8443922916667,341.0
LED450NM,0,186,343.11645614583335,341.0
LED450NM,0,187,343.4573944791667,341.0
LED450NM,0,188,343.6067280208333,342.0
LED450NM,0,189,344.07833895833335,342.0
LED450NM,0,190,343.608376875,341.0
LED450NM,0,191,344.04757479166665,342.0
LED450NM,0,192,343.465725625,341.0
LED450NM,0,193,342.57416947916664,340.0
LED450NM,0,194,343.0324603125,341.0
LED450NM,1,0,364.5619927083333,356.0
LED450NM,1,1,365.336394375,356.0
LED450NM,1,2,364.72031875,355.0
LED450NM,1,3,365.92403333333334,356.0
LED450NM,1,4,367.33406447916667,358.0
LED450NM,1,5,367.75601375,358.0
LED450NM,1,6,368.47616354166666,358.0
LED450NM,1,7,370.0003684375,359.0
LED450NM,1,8,372.16350885416665,360.0
LED450NM,1,9,373.67570697916665,360.0
LED450NM,1,10,375.3262315625,360.0
LED450NM,1,11,376.97980708333336,361.0
LED450NM,1,12,377.8301884375,361.0
LED450NM,1,13,380.50520645833336,360.0
LED450NM,1,14,381.83887208333334,361.0
LED450NM,1,15,383.62729260416666,361.0
LED450NM,1,16,384.86629958333333,361.0
LED450NM,1,17,384.88607697916666,362.0
LED450NM,1,18,384.918859375,361.0
LED450NM,1,19,385.5182771875,360.0
LED450NM,1,20,388.140475,362.0
LED450NM,1,21,390.0909026041667,362.0
LED450NM,1,22,391.94640822916665,362.0
LED450NM,1,23,393.61592083333335,361.0
LED450NM,1,24,396.6349789583333,361.0
LED450NM,1,25,398.60253822916667,366.0
LED450NM,1,26,398.7932219791667,365.0
LED450NM,1,27,401.7561634375,363.0
LED450NM,1,28,402.73928677083336,367.0
LED450NM,1,29,405.0624059375,366.0
LED450NM,1,30,406.22710020833335,365.0
LED450NM,1,31,407.11896729166665,364.0
LED450NM,1,32,405.0876184375,364.0
LED450NM,1,33,403.40359625,366.0
LED450NM,1,34,405.31393989583336,365.0
LED450NM,1,35,407.53723375,367.0
LED450NM,1,36,409.30946416666666,367.0
LED450NM,1,37,409.9850753125,368.0
LED450NM,1,38,411.16572552083335,367.0
LED450NM,1,39,411.5526096875,367.0
LED450NM,1,40,413.6467578125,367.0
LED450NM,1,41,414.92661291666667,368.0
LED450NM,1,42,417.32514385416664,366.0
LED450NM,1,43,415.84360875,368.0
LED450NM,1,44,418.24709541666664,368.0
LED450NM,1,45,417.742286875,367.0
LED450NM,1,46,419.6183045833333,368.0
LED450NM,1,47,421.0529615625,367.0
LED450NM,1,48,421.65576395833335,368.0
LED450NM,1,49,424.55695770833336,369.0
LED450NM,1,50,426.46078239583335,370.0
LED450NM,1,51,423.89721375,364.0
LED450NM,1,52,424.22108791666665,363.0
LED450NM,1,53,425.07977739583333,367.0
LED450NM,1,54,425.4438565625,368.0
LED450NM,1,55,425.29155875,367.0
LED450NM,1,56,426.6064130208333,365.0
LED450NM,1,57,428.3727671875,367.0
LED450NM,1,58,427.518636875,367.0
LED450NM,1,59,425.32416885416666,365.0
LED450NM,1,60,427.71025979166666,363.0
LED450NM,1,61,426.892025625,363.0
LED450NM,1,62,427.0773146875,362.0
LED450NM,1,63,428.3488838541667,364.0
LED450NM,1,64,431.49096125,363.0
LED450NM,1,65,432.1361315625,363.0
LED450NM,1,66,430.1005184375,365.0
LED450NM,1,67,430.1634023958333,363.0
LED450NM,1,68,430.25399458333334,362.0
LED450NM,1,69,433.36207708333336,363.0
LED450NM,1,70,433.7528484375,363.0
LED450NM,1,71,432.43715322916665,361.0
LED450NM,1,72,431.4407864583333,360.0
LED450NM,1,73,432.92429927083333,360.0
LED450NM,1,74,435.0607436458333,367.0
LED450NM,1,75,434.74612989583335,361.0
LED450NM,1,76,432.69057291666667,361.0
LED450NM,1,77,433.08953114583335,361.0
LED450NM,1,78,434.89885239583333,360.0
LED450NM,1,79,435.56822135416667,361.0
LED450NM,1,80,434.7168321875,360.0
LED450NM,1,81,434.89598125,360.0
LED450NM,1,82,434.12197104166665,359.0
LED450NM,1,83,433.39110270833334,359.0
LED450NM,1,84,433.45164697916664,359.0
LED450NM,1,85,433.492774375,365.0
LED450NM,1,86,431.7006040625,364.0
LED450NM,1,87,433.0790508333333,362.0
LED450NM,1,88,431.66284739583335,359.0
LED450NM,1,89,433.09036291666666,359.0
LED450NM,1,90,434.6326891666667,359.0
LED450NM,1,91,434.81054458333335,360.0
LED450NM,1,92,435.5611180208333,361.0
LED450NM,1,93,434.93678052083334,361.0
LED450NM,1,94,436.2109321875,361.0
LED450NM,1,95,435.8675446875,361.0
LED450NM,1,96,438.49664729166665,365.0
LED450NM,1,97,435.5654489583333,361.0
LED450NM,1,98,435.0945321875,359.0
LED450NM,1,99,437.34851895833333,360.0
LED450NM,1,100,436.794068125,359.0
LED450NM,1,101,436.9861034375,359.0
LED450NM,1,102,437.56812291666665,358.0
LED450NM,1,103,438.1554646875,358.0
LED450NM,1,104,439.18765375,358.0
LED450NM,1,105,440.8896426041667,359.0
LED450NM,1,106,443.29969854166666,359.0
LED450NM,1,107,438.1753908333333,358.0
LED450NM,1,108,437.2667158333333,358.0
LED450NM,1,109,437.2416083333333,358.0
LED450NM,1,110,438.1289190625,358.0
LED450NM,1,111,437.11611177083336,358.0
LED450NM,1,112,436.9707760416667,357.0
LED450NM,1,113,437.43758104166665,357.0
LED450NM,1,114,439.47806802083335,358.0
LED450NM,1,115,438.7050271875,364.0
LED450NM,1,116,437.38494375,363.0
LED450NM,1,117,437.7567222916667,362.0
LED450NM,1,118,437.5254259375,362.0
LED450NM,1,119,438.6175054166667,362.0
LED450NM,1,120,438.56088083333333,362.0
LED450NM,1,121,439.92202291666666,362.0
LED450NM,1,122,440.56761822916667,361.0
LED450NM,1,123,440.98551427083333,362.0
LED450NM,1,124,441.7548338541667,362.0
LED450NM,1,125,442.31306708333335,362.0
LED450NM,1,126,440.0215216666667,361.0
LED450NM,1,127,440.80570041666664,361.0
LED450NM,1,128,441.2149909375,360.0
LED450NM,1,129,444.27468458333334,361.0
LED450NM,1,130,441.4789127083333,359.0
LED450NM,1,131,442.6671732291667,360.0
LED450NM,1,132,443.3607166666667,361.0
LED450NM,1,133,443.8653585416667,361.0
LED450NM,1,134,441.1710440625,360.0
LED450NM,1,135,441.3548735416667,360.0
LED450NM,1,136,442.65964875,360.0
LED450NM,1,137,443.1156579166667,361.0
LED450NM,1,138,440.7622225,361.0
LED450NM,1,139,439.95942479166666,360.0
LED450NM,1,140,442.1241704166667,361.0
LED450NM,1,141,442.7362683333333,361.0
LED450NM,1,142,438.6791478125,361.0
LED450NM,1,143,438.5708288541667,360.0
LED450NM,1,144,436.887191875,360.0
LED450NM,1,145,436.0848640625,360.0
LED450NM,1,146,435.233004375,360.0
LED450NM,1,147,434.8329373958333,359.0
LED450NM,1,148,434.91382572916666,360.0
LED450NM,1,149,434.93537364583335,360.0
LED450NM,1,150,436.25048875,360.0
LED450NM,1,151,437.07882989583334,360.0
LED450NM,1,152,438.0955764583333,360.0
LED450NM,1,153,437.32920552083334,359.0
LED450NM,1,154,438.70404322916664,360.0
LED450NM,1,155,437.339914375,359.0
LED450NM,1,156,434.5119561458333,359.0
LED450NM,1,157,434.24216697916665,358.0
LED450NM,1,158,435.95121822916667,359.0
LED450NM,1,159,435.7337751041667,359.0
LED450NM,1,160,436.1141728125,359.0
LED450NM,1,161,438.0497085416667,357.0
LED450NM,1,162,435.5912240625,355.0
LED450NM,1,163,436.74799083333335,357.0
LED450NM,1,164,436.9835838541667,357.0
LED450NM,1,165,437.67265125,357.0
LED450NM,1,166,439.9124072916667,358.0
LED450NM,1,167,439.55894239583336,358.0
LED450NM,1,168,439.236930625,357.0
LED450NM,1,169,438.390619375,356.0
LED450NM,1,170,437.39493625,356.0
LED450NM,1,171,435.8264815625,355.0
LED450NM,1,172,434.5104421875,355.0
LED450NM,1,173,434.97185625,354.0
LED450NM,1,174,434.9539363541667,353.0
LED450NM,1,175,435.844125625,354.0
LED450NM,1,176,437.7235866666667,355.0
LED450NM,1,177,438.0454871875,356.0
LED450NM,1,178,438.6825054166667,356.0
LED450NM,1,179,439.8249009375,356.0
LED450NM,1,180,441.2922048958333,357.0
LED450NM,1,181,440.9881334375,357.0
LED450NM,1,182,441.8389988541667,358.0
LED450NM,1,183,429.17121614583334,356.0
LED450NM,1,184,428.3229732291667,355.0
LED450NM,1,185,428.4637463541667,355.0
LED450NM,1,186,426.9887596875,354.0
LED450NM,1,187,427.9753664583333,355.0
LED450NM,1,188,429.0700609375,355.0
LED450NM,1,189,429.7323009375,355.0
LED450NM,1,190,430.20260010416666,355.0
LED450NM,1,191,430.5697916666667,355.0
LED450NM,1,192,429.17906614583336,355.0
LED450NM,1,193,428.2904810416667,354.0
LED450NM,1,194,429.2135714583333,354.0
LED450NM,2,0,365.19711479166665,358.0
LED450NM,2,1,365.93297802083333,358.0
LED450NM,2,2,365.2488894791667,358.0
LED450NM,2,3,365.8337713541667,358.0
LED450NM,2,4,367.0461891666667,359.0
LED450NM,2,5,367.9874465625,360.0
LED450NM,2,6,367.5988501041667,360.0
LED450NM,2,7,368.4949564583333,361.0
LED450NM,2,8,369.42295739583335,361.0
LED450NM,2,9,370.2207303125,361.0
LED450NM,2,10,370.79789885416665,362.0
LED450NM,2,11,371.32516614583335,362.0
LED450NM,2,12,371.7916935416667,362.0
LED450NM,2,13,372.48732854166667,361.0
LED450NM,2,14,374.13829833333335,362.0
LED450NM,2,15,375.0320403125,362.0
LED450NM,2,16,374.75243166666667,361.0
LED450NM,2,17,375.2450925,363.0
LED450NM,2,18,374.675819375,363.0
LED450NM,2,19,375.23572958333335,362.0
LED450NM,2,20,376.93041177083336,363.0
LED450NM,2,21,377.8167509375,364.0
LED450NM,2,22,379.185868125,364.0
LED450NM,2,23,380.86903052083335,363.0
LED450NM,2,24,382.80088895833336,364.0
LED450NM,2,25,383.6381194791667,368.0
LED450NM,2,26,384.0539340625,368.0
LED450NM,2,27,386.2326815625,366.0
LED450NM,2,28,386.387045625,369.0
LED450NM,2,29,388.19902510416665,369.0
LED450NM,2,30,388.5401283333333,368.0
LED450NM,2,31,390.89741291666667,367.0
LED450NM,2,32,390.5971555208333,365.0
LED450NM,2,33,390.5810171875,370.0
LED450NM,2,34,392.465775625,369.0
LED450NM,2,35,394.6999466666667,371.0
LED450NM,2,36,395.646110625,372.0
LED450NM,2,37,395.5067125,372.0
LED450NM,2,38,395.8169023958333,371.0
LED450NM,2,39,396.405144375,371.0
LED450NM,2,40,397.2426948958333,371.0
LED450NM,2,41,398.35697708333333,372.0
LED450NM,2,42,399.7429515625,370.0
LED450NM,2,43,399.89986135416666,372.0
LED450NM,2,44,400.42702979166666,372.0
LED450NM,2,45,400.63686239583336,372.0
LED450NM,2,46,401.835465,372.0
LED450NM,2,47,401.4389907291667,371.0
LED450NM,2,48,403.4570726041667,373.0
LED450NM,2,49,405.3744927083333,374.0
LED450NM,2,50,405.85232375,375.0
LED450NM,2,51,406.21549270833333,370.0
LED450NM,2,52,406.64312260416665,368.0
LED450NM,2,53,405.6174971875,371.0
LED450NM,2,54,407.7324721875,374.0
LED450NM,2,55,407.37003322916667,373.0
LED450NM,2,56,406.8644946875,371.0
LED450NM,2,57,407.7851080208333,373.0
LED450NM,2,58,409.2947196875,372.0
LED450NM,2,59,412.0552380208333,372.0
LED450NM,2,60,411.1169778125,369.0
LED450NM,2,61,409.8267641666667,369.0
LED450NM,2,62,412.20638333333335,368.0
LED450NM,2,63,414.18908677083334,371.0
LED450NM,2,64,414.9769648958333,370.0
LED450NM,2,65,414.36365489583335,370.0
LED450NM,2,66,412.66267375,373.0
LED450NM,2,67,414.327226875,370.0
LED450NM,2,68,413.4847180208333,368.0
LED450NM,2,69,416.59643697916664,370.0
LED450NM,2,70,416.7732519791667,370.0
LED450NM,2,71,415.7718196875,368.0
LED450NM,2,72,416.2564679166667,367.0
LED450NM,2,73,416.7257146875,374.0
LED450NM,2,74,418.6215465625,376.0
LED450NM,2,75,419.7735397916667,369.0
LED450NM,2,76,419.7875739583333,370.0
LED450NM,2,77,419.87879614583335,369.0
LED450NM,2,78,420.29299114583335,368.0
LED450NM,2,79,421.73619447916667,369.0
LED450NM,2,80,419.25699875,367.0
LED450NM,2,81,419.6146776041667,367.0
LED450NM,2,82,419.1891047916667,366.0
LED450NM,2,83,419.8721363541667,367.0
LED450NM,2,84,421.74122447916665,367.0
LED450NM,2,85,418.60996677083335,373.0
LED450NM,2,86,420.3242925,374.0
LED450NM,2,87,421.9272982291667,371.0
LED450NM,2,88,422.281316875,368.0
LED450NM,2,89,417.4214046875,366.0
LED450NM,2,90,417.0057186458333,367.0
LED450NM,2,91,418.8304123958333,369.0
LED450NM,2,92,421.7614523958333,370.0
LED450NM,2,93,419.22636239583335,369.0
LED450NM,2,94,420.0010321875,369.0
LED450NM,2,95,421.304564375,370.0
LED450NM,2,96,419.09358145833335,374.0
LED450NM,2,97,418.2227621875,370.0
LED450NM,2,98,418.57360520833333,367.0
LED450NM,2,99,418.7835284375,368.0
LED450NM,2,100,418.01894145833336,367.0
LED450NM,2,101,416.5904909375,366.0
LED450NM,2,102,416.22668364583336,365.0
LED450NM,2,103,416.30329270833334,365.0
LED450NM,2,104,418.02691645833335,366.0
LED450NM,2,105,418.72650125,367.0
LED450NM,2,106,418.6918198958333,366.0
LED450NM,2,107,418.6490503125,366.0
LED450NM,2,108,418.75167541666667,365.0
LED450NM,2,109,419.8678665625,366.0
LED450NM,2,110,421.05256302083336,367.0
LED450NM,2,111,419.15870916666665,366.0
LED450NM,2,112,418.47573697916664,365.0
LED450NM,2,113,416.98385802083334,364.0
LED450NM,2,114,417.6964540625,365.0
LED450NM,2,115,414.50040260416665,371.0
LED450NM,2,116,413.02981885416665,370.0
LED450NM,2,117,411.50650375,369.0
LED450NM,2,118,410.740635,369.0
LED450NM,2,119,409.9104810416667,369.0
LED450NM,2,120,410.21464989583336,368.0
LED450NM,2,121,410.70400052083335,369.0
LED450NM,2,122,410.4872796875,368.0
LED450NM,2,123,412.1031740625,369.0
LED450NM,2,124,413.608499375,370.0
LED450NM,2,125,412.5352205208333,369.0
LED450NM,2,126,410.18943041666665,368.0
LED450NM,2,127,411.76323739583336,369.0
LED450NM,2,128,410.9731135416667,368.0
LED450NM,2,129,411.14316833333334,368.0
LED450NM,2,130,407.74307645833335,366.0
LED450NM,2,131,409.8472541666667,367.0
LED450NM,2,132,411.11850291666667,368.0
LED450NM,2,133,410.3697609375,367.0
LED450NM,2,134,410.02029322916667,366.0
LED450NM,2,135,409.14856541666666,366.0
LED450NM,2,136,408.25060666666667,366.0
LED450NM,2,137,409.619694375,367.0
LED450NM,2,138,409.0657932291667,366.0
LED450NM,2,139,407.74654364583336,365.0
LED450NM,2,140,408.626368125,366.0
LED450NM,2,141,409.12336708333333,366.0
LED450NM,2,142,410.20465333333334,366.0
LED450NM,2,143,409.7576427083333,366.0
LED450NM,2,144,407.236428125,365.0
LED450NM,2,145,407.9367091666667,365.0
LED450NM,2,146,409.1175852083333,366.0
LED450NM,2,147,409.000630625,366.0
LED450NM,2,148,410.070864375,366.0
LED450NM,2,149,409.30851364583333,366.0
LED450NM,2,150,410.4267317708333,366.0
LED450NM,2,151,409.93481375,365.0
LED450NM,2,152,410.4875264583333,366.0
LED450NM,2,153,407.38445552083334,364.0
LED450NM,2,154,407.02674583333334,365.0
LED450NM,2,155,408.1579901041667,365.0
LED450NM,2,156,407.9235080208333,364.0
LED450NM,2,157,408.0323716666667,363.0
LED450NM,2,158,410.2794928125,365.0
LED450NM,2,159,409.70613208333333,365.0
LED450NM,2,160,408.57274854166667,364.0
LED450NM,2,161,400.9788883333333,361.0
LED450NM,2,162,400.317563125,360.0
LED450NM,2,163,402.47791802083333,361.0
LED450NM,2,164,402.31251989583336,361.0
LED450NM,2,165,402.17869364583333,361.0
LED450NM,2,166,402.8860578125,362.0
LED450NM,2,167,403.13563447916664,362.0
LED450NM,2,168,400.8214340625,361.0
LED450NM,2,169,399.5671421875,360.0
LED450NM,2,170,399.1537808333333,359.0
LED450NM,2,171,399.5593940625,359.0
LED450NM,2,172,400.80238302083336,359.0
LED450NM,2,173,400.43523822916666,359.0
LED450NM,2,174,399.427205625,358.0
LED450NM,2,175,400.37776,359.0
LED450NM,2,176,401.41988583333335,360.0
LED450NM,2,177,399.7598675,359.0
LED450NM,2,178,399.94547375,359.0
LED450NM,2,179,401.69540958333334,360.0
LED450NM,2,180,402.3597603125,360.0
LED450NM,2,181,403.447439375,361.0
LED450NM,2,182,403.97830166666665,361.0
LED450NM,2,183,402.0622625,360.0
LED450NM,2,184,403.17573145833336,360.0
LED450NM,2,185,402.7753804166667,359.0
LED450NM,2,186,402.36737927083334,359.0
LED450NM,2,187,402.725795625,360.0
LED450NM,2,188,400.28540291666667,359.0
LED450NM,2,189,401.1776969791667,360.0
LED450NM,2,190,397.1423157291667,359.0
LED450NM,2,191,397.2193740625,359.0
LED450NM,2,192,397.22719052083335,359.0
LED450NM,2,193,397.7731725,359.0
LED450NM,2,194,398.01102645833333,358.0
LED450NM,3,0,384.0442142708333,375.0
LED450NM,3,1,385.24020489583336,376.0
LED450NM,3,2,384.8718275,375.0
LED450NM,3,3,385.70983072916664,376.0
LED450NM,3,4,388.68697479166667,378.0
LED450NM,3,5,390.93970520833335,379.0
LED450NM,3,6,392.6136920833333,380.0
LED450NM,3,7,396.6682017708333,382.0
LED450NM,3,8,403.64950166666665,386.0
LED450NM,3,9,410.66537229166664,387.0
LED450NM,3,10,416.69157364583333,390.0
LED450NM,3,11,423.91249604166666,393.0
LED450NM,3,12,430.5012001041667,395.0
LED450NM,3,13,437.2666078125,393.0
LED450NM,3,14,443.8600961458333,393.0
LED450NM,3,15,450.01456666666667,396.0
LED450NM,3,16,455.55082895833334,397.0
LED450NM,3,17,459.35841104166667,404.0
LED450NM,3,18,461.6601551041667,404.0
LED450NM,3,19,465.72577552083334,406.0
LED450NM,3,20,470.74178,406.0
LED450NM,3,21,475.6130961458333,409.0
LED450NM,3,22,480.98405135416664,410.0
LED450NM,3,23,488.9164328125,404.0
LED450NM,3,24,494.9139771875,407.0
LED450NM,3,25,498.2973220833333,419.0
LED450NM,3,26,504.269944375,418.0
LED450NM,3,27,512.8148777083334,414.0
LED450NM,3,28,515.6435304166666,425.0
LED450NM,3,29,522.040848125,421.0
LED450NM,3,30,525.730125625,422.0
LED450NM,3,31,532.208605,421.0
LED450NM,3,32,538.1222702083334,416.0
LED450NM,3,33,537.538211875,430.0
LED450NM,3,34,540.9237009375,431.0
LED450NM,3,35,546.0641151041667,432.0
LED450NM,3,36,550.7340023958334,433.0
LED450NM,3,37,555.1966794791666,435.0
LED450NM,3,38,558.103875625,435.0
LED450NM,3,39,562.6625490625,435.0
LED450NM,3,40,565.1733327083333,435.0
LED450NM,3,41,569.9436796875,437.0
LED450NM,3,42,576.9385851041667,433.0
LED450NM,3,43,579.94514,441.0
LED450NM,3,44,582.3481369791666,441.0
LED450NM,3,45,587.7592829166666,442.0
LED450NM,3,46,592.7948180208333,444.0
LED450NM,3,47,593.2715307291667,443.0
LED450NM,3,48,597.8555,444.0
LED450NM,3,49,602.4327691666666,446.0
LED450NM,3,50,606.600531875,447.0
LED450NM,3,51,614.6517222916667,435.0
LED450NM,3,52,615.9679972916666,433.0
LED450NM,3,53,618.1179172916667,445.0
LED450NM,3,54,622.1028538541667,449.0
LED450NM,3,55,624.9186985416667,448.0
LED450NM,3,56,626.9542938541666,447.0
LED450NM,3,57,629.6157421875,453.0
LED450NM,3,58,632.3468638541667,448.0
LED450NM,3,59,633.9598289583333,446.0
LED450NM,3,60,637.0083717708334,435.0
LED450NM,3,61,637.3623289583334,438.0
LED450NM,3,62,640.7290660416667,436.0
LED450NM,3,63,645.0340686458334,439.0
LED450NM,3,64,652.3482903125,438.0
LED450NM,3,65,644.4738877083333,457.0
LED450NM,3,66,648.3460255208333,453.0
LED450NM,3,67,654.1855875,445.0
LED450NM,3,68,659.0494463541667,442.0
LED450NM,3,69,662.0231076041666,443.0
LED450NM,3,70,666.1234866666666,442.0
LED450NM,3,71,664.1148567708333,438.0
LED450NM,3,72,662.1897115625,436.0
LED450NM,3,73,662.9559073958334,460.0
LED450NM,3,74,663.6983704166666,462.0
LED450NM,3,75,669.8324779166667,439.0
LED450NM,3,76,669.6283759375,444.0
LED450NM,3,77,671.1572315625,443.0
LED450NM,3,78,675.1998858333334,441.0
LED450NM,3,79,674.5521264583333,440.0
LED450NM,3,80,678.8549963541667,440.0
LED450NM,3,81,676.8005748958333,438.0
LED450NM,3,82,676.2821392708333,436.0
LED450NM,3,83,681.0735120833333,438.0
LED450NM,3,84,684.8298669791667,439.0
LED450NM,3,85,675.4762679166666,463.0
LED450NM,3,86,675.4787470833334,465.0
LED450NM,3,87,679.8481189583333,451.0
LED450NM,3,88,682.1088240625,441.0
LED450NM,3,89,683.9491404166666,439.0
LED450NM,3,90,688.057093125,443.0
LED450NM,3,91,684.6506522916667,447.0
LED450NM,3,92,687.383971875,447.0
LED450NM,3,93,687.7744585416667,454.0
LED450NM,3,94,689.1726347916666,449.0
LED450NM,3,95,687.4664230208333,447.0
LED450NM,3,96,681.707655625,467.0
LED450NM,3,97,683.6370065625,452.0
LED450NM,3,98,686.5909611458334,445.0
LED450NM,3,99,687.4565383333334,442.0
LED450NM,3,100,687.6198859375,442.0
LED450NM,3,101,685.2407627083334,441.0
LED450NM,3,102,686.2082051041667,438.0
LED450NM,3,103,684.8714092708333,438.0
LED450NM,3,104,689.5687466666667,440.0
LED450NM,3,105,690.1717565625,438.0
LED450NM,3,106,687.36967125,438.0
LED450NM,3,107,683.5095432291666,437.0
LED450NM,3,108,682.7149235416666,435.0
LED450NM,3,109,684.7713476041666,436.0
LED450NM,3,110,688.2931551041667,437.0
LED450NM,3,111,686.3953561458334,436.0
LED450NM,3,112,685.435441875,434.0
LED450NM,3,113,685.9460777083333,434.0
LED450NM,3,114,691.4175605208334,437.0
LED450NM,3,115,681.2237205208334,465.0
LED450NM,3,116,677.0189829166667,463.0
LED450NM,3,117,678.4095797916667,463.0
LED450NM,3,118,679.9496907291667,463.0
LED450NM,3,119,680.0323960416666,463.0
LED450NM,3,120,681.1242022916666,463.0
LED450NM,3,121,680.2088095833333,462.0
LED450NM,3,122,679.9903384375,461.0
LED450NM,3,123,681.6511407291666,462.0
LED450NM,3,124,681.2367627083333,463.0
LED450NM,3,125,680.2428875,461.0
LED450NM,3,126,679.8304167708334,460.0
LED450NM,3,127,679.9346216666667,461.0
LED450NM,3,128,681.8569320833333,460.0
LED450NM,3,129,680.6158082291666,460.0
LED450NM,3,130,675.6035207291667,458.0
LED450NM,3,131,678.7004240625,459.0
LED450NM,3,132,679.9372936458333,460.0
LED450NM,3,133,677.4510872916667,460.0
LED450NM,3,134,677.1624586458333,459.0
LED450NM,3,135,676.1838108333334,458.0
LED450NM,3,136,675.8283934375,458.0
LED450NM,3,137,678.1967795833333,459.0
LED450NM,3,138,678.1492779166666,459.0
LED450NM,3,139,677.5143563541667,458.0
LED450NM,3,140,680.8303221875,460.0
LED450NM,3,141,680.8770502083333,459.0
LED450NM,3,142,684.2485539583333,460.0
LED450NM,3,143,679.7888966666667,459.0
LED450NM,3,144,679.9146323958333,458.0
LED450NM,3,145,679.6542983333334,459.0
LED450NM,3,146,682.0940697916667,460.0
LED450NM,3,147,680.8361080208333,459.0
LED450NM,3,148,680.15369625,458.0
LED450NM,3,149,682.2059796875,459.0
LED450NM,3,150,679.3960723958334,458.0
LED450NM,3,151,679.0184708333334,457.0
LED450NM,3,152,679.3547694791666,457.0
LED450NM,3,153,677.4382389583334,456.0
LED450NM,3,154,679.8367964583333,457.0
LED450NM,3,155,681.27914,457.0
LED450NM,3,156,678.4585023958333,455.0
LED450NM,3,157,675.9513009375,454.0
LED450NM,3,158,676.8016182291667,455.0
LED450NM,3,159,678.1627209375,456.0
LED450NM,3,160,678.1933666666666,455.0
LED450NM,3,161,675.88348625,447.0
LED450NM,3,162,677.7710590625,446.0
LED450NM,3,163,678.1569390625,449.0
LED450NM,3,164,676.7257111458333,448.0
LED450NM,3,165,674.6136616666666,448.0
LED450NM,3,166,678.8708035416666,450.0
LED450NM,3,167,682.8867838541667,450.0
LED450NM,3,168,677.8787070833333,447.0
LED450NM,3,169,675.2705048958334,446.0
LED450NM,3,170,676.049468125,446.0
LED450NM,3,171,677.576874375,447.0
LED450NM,3,172,675.1336498958333,445.0
LED450NM,3,173,675.4122607291666,446.0
LED450NM,3,174,672.5035094791667,443.0
LED450NM,3,175,672.366150625,444.0
LED450NM,3,176,671.4004022916666,444.0
LED450NM,3,177,669.4945745833334,444.0
LED450NM,3,178,666.5584303125,443.0
LED450NM,3,179,666.655154375,444.0
LED450NM,3,180,667.7387696875,444.0
LED450NM,3,181,666.8699251041667,444.0
LED450NM,3,182,667.0924378125,444.0
LED450NM,3,183,667.4871567708333,444.0
LED450NM,3,184,665.0246290625,443.0
LED450NM,3,185,661.633571875,441.0
LED450NM,3,186,650.3099320833334,440.0
LED450NM,3,187,652.555666875,440.0
LED450NM,3,188,647.1284067708333,438.0
LED450NM,3,189,650.1319652083333,440.0
LED450NM,3,190,649.8623334375,440.0
LED450NM,3,191,650.6321609375,440.0
LED450NM,3,192,651.09579375,439.0
LED450NM,3,193,651.0890490625,440.0
LED450NM,3,194,647.8450484375,438.0
LED450NM,4,0,389.44642572916666,383.0
LED450NM,4,1,389.6922090625,383.0
LED450NM,4,2,389.6110740625,383.0
LED450NM,4,3,390.8307880208333,383.0
LED450NM,4,4,393.6415079166667,385.0
LED450NM,4,5,396.1631077083333,386.0
LED450NM,4,6,399.09044489583334,387.0
LED450NM,4,7,404.85712854166667,390.0
LED450NM,4,8,411.456780625,394.0
LED450NM,4,9,417.41442166666667,395.0
LED450NM,4,10,424.7654552083333,398.0
LED450NM,4,11,430.6739304166667,400.0
LED450NM,4,12,436.74343166666665,402.0
LED450NM,4,13,444.9339646875,400.0
LED450NM,4,14,451.0049059375,406.0
LED450NM,4,15,459.01556177083336,404.0
LED450NM,4,16,462.32517708333336,403.0
LED450NM,4,17,467.2318665625,411.0
LED450NM,4,18,469.86074010416667,411.0
LED450NM,4,19,474.15877708333335,412.0
LED450NM,4,20,476.7553253125,414.0
LED450NM,4,21,481.809748125,414.0
LED450NM,4,22,488.1858354166667,416.0
LED450NM,4,23,493.50578510416665,414.0
LED450NM,4,24,500.3463480208333,415.0
LED450NM,4,25,503.8679923958333,424.0
LED450NM,4,26,507.4431628125,424.0
LED450NM,4,27,513.8608241666667,419.0
LED450NM,4,28,516.3253972916667,428.0
LED450NM,4,29,522.4506059375,424.0
LED450NM,4,30,526.1293353125,426.0
LED450NM,4,31,532.9787282291667,423.0
LED450NM,4,32,536.1092936458333,420.0
LED450NM,4,33,537.7457744791667,432.0
LED450NM,4,34,542.2260725,433.0
LED450NM,4,35,545.7487252083333,435.0
LED450NM,4,36,550.40697375,437.0
LED450NM,4,37,556.0954509375,438.0
LED450NM,4,38,561.4259328125,439.0
LED450NM,4,39,567.4069096875,440.0
LED450NM,4,40,569.5923177083333,440.0
LED450NM,4,41,575.8948195833333,443.0
LED450NM,4,42,584.8817290625,438.0
LED450NM,4,43,583.5851141666667,444.0
LED450NM,4,44,587.4864759375,445.0
LED450NM,4,45,591.1643736458333,446.0
LED450NM,4,46,594.09995875,446.0
LED450NM,4,47,596.0316275,446.0
LED450NM,4,48,601.3340432291667,449.0
LED450NM,4,49,606.4067410416667,451.0
LED450NM,4,50,609.5738196875,451.0
LED450NM,4,51,615.8423654166667,439.0
LED450NM,4,52,619.4155984375,436.0
LED450NM,4,53,619.8085321875,444.0
LED450NM,4,54,619.441505625,453.0
LED450NM,4,55,624.384750625,452.0
LED450NM,4,56,622.7823711458333,448.0
LED450NM,4,57,627.1245697916667,454.0
LED450NM,4,58,630.7349371875,453.0
LED450NM,4,59,636.2394866666667,449.0
LED450NM,4,60,642.6491288541666,438.0
LED450NM,4,61,640.5680482291667,449.0
LED450NM,4,62,644.4971494791666,439.0
LED450NM,4,63,649.2540584375,443.0
LED450NM,4,64,654.8631226041666,441.0
LED450NM,4,65,645.1310297916667,460.0
LED450NM,4,66,649.6830495833333,454.0
LED450NM,4,67,652.491935625,450.0
LED450NM,4,68,653.8501913541667,443.0
LED450NM,4,69,653.4143565625,443.0
LED450NM,4,70,650.4580197916666,441.0
LED450NM,4,71,650.4905273958333,438.0
LED450NM,4,72,652.8876078125,437.0
LED450NM,4,73,645.844858125,457.0
LED450NM,4,74,648.4557415625,459.0
LED450NM,4,75,657.4088964583333,437.0
LED450NM,4,76,654.7787446875,442.0
LED450NM,4,77,658.3021057291667,440.0
LED450NM,4,78,658.4064634375,439.0
LED450NM,4,79,660.2069620833333,439.0
LED450NM,4,80,664.8136576041667,438.0
LED450NM,4,81,663.4405617708334,437.0
LED450NM,4,82,663.8793645833333,435.0
LED450NM,4,83,665.182445,436.0
LED450NM,4,84,665.430080625,436.0
LED450NM,4,85,659.4235902083333,459.0
LED450NM,4,86,661.280230625,460.0
LED450NM,4,87,664.9100939583333,447.0
LED450NM,4,88,667.9878304166666,438.0
LED450NM,4,89,668.0400475,436.0
LED450NM,4,90,667.5066128125,438.0
LED450NM,4,91,671.9748539583334,443.0
LED450NM,4,92,668.2942708333334,442.0
LED450NM,4,93,662.55861875,457.0
LED450NM,4,94,665.9420180208333,443.0
LED450NM,4,95,663.7241915625,445.0
LED450NM,4,96,661.70887375,460.0
LED450NM,4,97,663.6086445833333,447.0
LED450NM,4,98,667.8390761458334,440.0
LED450NM,4,99,670.0626166666667,438.0
LED450NM,4,100,668.8748819791666,438.0
LED450NM,4,101,668.958505,438.0
LED450NM,4,102,664.2356895833333,433.0
LED450NM,4,103,667.0247907291666,435.0
LED450NM,4,104,671.3032803125,436.0
LED450NM,4,105,675.9367247916666,436.0
LED450NM,4,106,673.4980403125,435.0
LED450NM,4,107,673.4352129166666,434.0
LED450NM,4,108,670.3527948958333,433.0
LED450NM,4,109,672.597494375,433.0
LED450NM,4,110,676.9874351041667,435.0
LED450NM,4,111,673.4463227083334,434.0
LED450NM,4,112,672.1173705208333,432.0
LED450NM,4,113,676.2480971875,433.0
LED450NM,4,114,678.2544784375,434.0
LED450NM,4,115,667.4643633333334,460.0
LED450NM,4,116,667.0239734375,459.0
LED450NM,4,117,664.392143125,459.0
LED450NM,4,118,663.0524828125,458.0
LED450NM,4,119,663.4974183333334,458.0
LED450NM,4,120,661.3872632291667,458.0
LED450NM,4,121,659.6849294791666,456.0
LED450NM,4,122,656.6993358333333,455.0
LED450NM,4,123,656.4244622916667,455.0
LED450NM,4,124,653.0979447916667,455.0
LED450NM,4,125,648.5789717708333,452.0
LED450NM,4,126,647.2870205208334,452.0
LED450NM,4,127,645.6329898958334,450.0
LED450NM,4,128,645.8639341666667,451.0
LED450NM,4,129,644.82520875,451.0
LED450NM,4,130,643.3967955208333,449.0
LED450NM,4,131,643.415574375,450.0
LED450NM,4,132,642.765400625,450.0
LED450NM,4,133,643.9083645833333,450.0
LED450NM,4,134,647.2446439583333,451.0
LED450NM,4,135,646.5074504166666,450.0
LED450NM,4,136,646.0398430208334,450.0
LED450NM,4,137,645.4047185416666,451.0
LED450NM,4,138,645.9090671875,450.0
LED450NM,4,139,643.2491608333333,448.0
LED450NM,4,140,645.6175530208334,449.0
LED450NM,4,141,646.5183484375,450.0
LED450NM,4,142,647.8612367708333,451.0
LED450NM,4,143,642.1225116666667,448.0
LED450NM,4,144,643.725895,448.0
LED450NM,4,145,639.1575394791666,447.0
LED450NM,4,146,639.2409227083333,448.0
LED450NM,4,147,638.2943027083334,446.0
LED450NM,4,148,637.9799727083333,446.0
LED450NM,4,149,638.6045702083334,447.0
LED450NM,4,150,637.2913177083333,447.0
LED450NM,4,151,635.2755909375,446.0
LED450NM,4,152,634.5904528125,445.0
LED450NM,4,153,635.75414875,445.0
LED450NM,4,154,636.9175194791667,446.0
LED450NM,4,155,635.4838761458333,444.0
LED450NM,4,156,633.9953747916667,444.0
LED450NM,4,157,633.3054966666666,443.0
LED450NM,4,158,632.3717523958334,444.0
LED450NM,4,159,629.7025442708333,443.0
LED450NM,4,160,629.2012186458334,442.0
LED450NM,4,161,624.4004464583334,435.0
LED450NM,4,162,621.9930870833333,433.0
LED450NM,4,163,621.6329863541666,434.0
LED450NM,4,164,622.4610522916666,434.0
LED450NM,4,165,623.3827820833334,435.0
LED450NM,4,166,622.3455859375,434.0
LED450NM,4,167,620.7362334375,434.0
LED450NM,4,168,615.5739158333333,431.0
LED450NM,4,169,615.1536128125,430.0
LED450NM,4,170,613.9683038541667,430.0
LED450NM,4,171,610.523344375,429.0
LED450NM,4,172,611.7370503125,429.0
LED450NM,4,173,610.1393865625,428.0
LED450NM,4,174,607.4608453125,426.0
LED450NM,4,175,606.9076223958333,427.0
LED450NM,4,176,606.596110625,427.0
LED450NM,4,177,606.6568394791667,427.0
LED450NM,4,178,607.7899536458333,428.0
LED450NM,4,179,608.7157448958334,428.0
LED450NM,4,180,609.4587389583334,429.0
LED450NM,4,181,608.8383334375,428.0
LED450NM,4,182,609.6612930208333,429.0
LED450NM,4,183,609.7320726041667,429.0
LED450NM,4,184,608.3341504166667,428.0
LED450NM,4,185,609.2354763541666,428.0
LED450NM,4,186,608.3333130208333,428.0
LED450NM,4,187,608.0405632291667,428.0
LED450NM,4,188,607.26701375,428.0
LED450NM,4,189,607.8434963541666,428.0
LED450NM,4,190,606.7003201041666,427.0
LED450NM,4,191,605.5141148958334,426.0
LED450NM,4,192,600.6872688541666,425.0
LED450NM,4,193,601.3413545833333,424.0
LED450NM,4,194,600.4291583333334,424.0
LED450NM,5,0,386.2393514583333,378.0
LED450NM,5,1,386.9881647916667,379.0
LED450NM,5,2,387.02154291666665,379.0
LED450NM,5,3,388.16666375,380.0
LED450NM,5,4,390.4980884375,381.0
LED450NM,5,5,392.605249375,382.0
LED450NM,5,6,395.1318296875,383.0
LED450NM,5,7,399.1558125,385.0
LED450NM,5,8,405.93257958333334,389.0
LED450NM,5,9,411.80072697916665,389.0
LED450NM,5,10,418.05900979166665,392.0
LED450NM,5,11,423.24649875,394.0
LED450NM,5,12,428.1115853125,395.0
LED450NM,5,13,435.68538677083336,394.0
LED450NM,5,14,441.14167166666664,394.0
LED450NM,5,15,445.7028534375,397.0
LED450NM,5,16,450.0765841666667,400.0
LED450NM,5,17,453.44371041666665,404.0
LED450NM,5,18,455.7036835416667,402.0
LED450NM,5,19,460.076426875,404.0
LED450NM,5,20,462.96550541666664,405.0
LED450NM,5,21,468.3743242708333,406.0
LED450NM,5,22,473.32785291666664,406.0
LED450NM,5,23,477.4743447916667,405.0
LED450NM,5,24,481.9161455208333,405.0
LED450NM,5,25,481.68093489583333,414.0
LED450NM,5,26,486.1585890625,411.0
LED450NM,5,27,490.7026669791667,410.0
LED450NM,5,28,494.929105,418.0
LED450NM,5,29,500.5975444791667,415.0
LED450NM,5,30,503.9332911458333,416.0
LED450NM,5,31,508.4989727083333,414.0
LED450NM,5,32,510.36023197916666,411.0
LED450NM,5,33,509.3464317708333,421.0
LED450NM,5,34,513.6824830208334,422.0
LED450NM,5,35,517.5714725,424.0
LED450NM,5,36,519.3094298958333,424.0
LED450NM,5,37,522.6111626041667,425.0
LED450NM,5,38,526.2576559375,425.0
LED450NM,5,39,524.9400886458334,424.0
LED450NM,5,40,528.5073490625,425.0
LED450NM,5,41,534.230066875,427.0
LED450NM,5,42,537.017243125,424.0
LED450NM,5,43,537.9022221875,428.0
LED450NM,5,44,540.6082185416667,429.0
LED450NM,5,45,541.7511511458333,429.0
LED450NM,5,46,542.1415742708333,428.0
LED450NM,5,47,544.0657473958333,428.0
LED450NM,5,48,547.7075375,430.0
LED450NM,5,49,548.3007710416666,431.0
LED450NM,5,50,552.8494288541667,432.0
LED450NM,5,51,558.4056333333333,422.0
LED450NM,5,52,561.8087917708333,420.0
LED450NM,5,53,560.8818315625,427.0
LED450NM,5,54,563.7727696875,434.0
LED450NM,5,55,566.5017039583333,435.0
LED450NM,5,56,567.6052375,433.0
LED450NM,5,57,569.1594129166666,435.0
LED450NM,5,58,572.5374261458334,433.0
LED450NM,5,59,577.5522830208333,428.0
LED450NM,5,60,581.1534369791667,423.0
LED450NM,5,61,579.2929554166667,425.0
LED450NM,5,62,585.1864591666666,424.0
LED450NM,5,63,586.3753702083334,428.0
LED450NM,5,64,589.8052557291667,425.0
LED450NM,5,65,588.3406345833333,442.0
LED450NM,5,66,589.6537545833334,437.0
LED450NM,5,67,589.3612103125,434.0
LED450NM,5,68,589.4448497916667,426.0
LED450NM,5,69,592.473445625,427.0
LED450NM,5,70,597.5143669791667,427.0
LED450NM,5,71,597.0470919791667,424.0
LED450NM,5,72,595.7547584375,422.0
LED450NM,5,73,589.8912117708334,440.0
LED450NM,5,74,592.4370455208333,442.0
LED450NM,5,75,598.9982379166667,423.0
LED450NM,5,76,596.1537345833333,427.0
LED450NM,5,77,600.6775615625,426.0
LED450NM,5,78,602.0226096875,426.0
LED450NM,5,79,600.2638492708334,424.0
LED450NM,5,80,600.5124492708334,423.0
LED450NM,5,81,599.4512455208334,421.0
LED450NM,5,82,600.1209516666667,420.0
LED450NM,5,83,600.614108125,421.0
LED450NM,5,84,600.1749641666667,421.0
LED450NM,5,85,593.5350514583333,440.0
LED450NM,5,86,594.393095625,441.0
LED450NM,5,87,601.812609375,430.0
LED450NM,5,88,603.6189553125,424.0
LED450NM,5,89,602.9988659375,422.0
LED450NM,5,90,601.6791542708334,424.0
LED450NM,5,91,602.2876219791667,427.0
LED450NM,5,92,604.0819870833334,426.0
LED450NM,5,93,597.544015625,439.0
LED450NM,5,94,602.3343159375,427.0
LED450NM,5,95,600.2512828125,434.0
LED450NM,5,96,597.2902378125,442.0
LED450NM,5,97,595.8277736458333,440.0
LED450NM,5,98,602.5595338541667,425.0
LED450NM,5,99,606.83416625,425.0
LED450NM,5,100,605.4661821875,424.0
LED450NM,5,101,603.3093178125,421.0
LED450NM,5,102,600.77267875,418.0
LED450NM,5,103,598.8314702083334,419.0
LED450NM,5,104,602.7460578125,420.0
LED450NM,5,105,604.837476875,420.0
LED450NM,5,106,601.1504942708333,419.0
LED450NM,5,107,598.5804154166667,418.0
LED450NM,5,108,597.2641369791667,416.0
LED450NM,5,109,600.1063991666666,417.0
LED450NM,5,110,600.7292553125,418.0
LED450NM,5,111,598.8856580208334,417.0
LED450NM,5,112,594.86780125,415.0
LED450NM,5,113,593.5796283333333,415.0
LED450NM,5,114,596.6408291666667,416.0
LED450NM,5,115,588.7071764583334,436.0
LED450NM,5,116,589.8534753125,436.0
LED450NM,5,117,591.8140280208333,436.0
LED450NM,5,118,590.654231875,436.0
LED450NM,5,119,591.5598620833333,435.0
LED450NM,5,120,591.2895133333334,436.0
LED450NM,5,121,589.3754380208334,434.0
LED450NM,5,122,587.4921373958333,434.0
LED450NM,5,123,584.99242875,433.0
LED450NM,5,124,585.4997447916667,434.0
LED450NM,5,125,584.381126875,432.0
LED450NM,5,126,585.3564092708333,432.0
LED450NM,5,127,587.5483426041667,433.0
LED450NM,5,128,585.7492148958333,432.0
LED450NM,5,129,584.8526039583334,432.0
LED450NM,5,130,581.549554375,430.0
LED450NM,5,131,585.4300489583334,433.0
LED450NM,5,132,586.3441292708334,433.0
LED450NM,5,133,585.7149575,432.0
LED450NM,5,134,585.3228271875,432.0
LED450NM,5,135,580.5514858333333,430.0
LED450NM,5,136,581.2213672916666,431.0
LED450NM,5,137,580.0894208333333,431.0
LED450NM,5,138,580.9262679166667,430.0
LED450NM,5,139,579.0232277083334,429.0
LED450NM,5,140,579.4224533333334,430.0
LED450NM,5,141,579.562463125,430.0
LED450NM,5,142,577.7930445833333,429.0
LED450NM,5,143,578.6037936458333,429.0
LED450NM,5,144,577.0689992708334,429.0
LED450NM,5,145,575.8857460416667,428.0
LED450NM,5,146,578.7369394791667,430.0
LED450NM,5,147,575.3618791666667,429.0
LED450NM,5,148,575.2110594791667,429.0
LED450NM,5,149,575.76744875,429.0
LED450NM,5,150,578.5015509375,430.0
LED450NM,5,151,575.28478625,428.0
LED450NM,5,152,574.3532763541666,427.0
LED450NM,5,153,573.2174103125,427.0
LED450NM,5,154,568.5002447916667,426.0
LED450NM,5,155,568.2423122916666,425.0
LED450NM,5,156,564.4664676041667,423.0
LED450NM,5,157,562.7762265625,423.0
LED450NM,5,158,564.0971952083333,424.0
LED450NM,5,159,564.1289358333333,424.0
LED450NM,5,160,564.0428682291666,422.0
LED450NM,5,161,560.9196320833333,418.0
LED450NM,5,162,559.8738695833333,417.0
LED450NM,5,163,562.9720405208334,418.0
LED450NM,5,164,560.9092051041666,418.0
LED450NM,5,165,561.1522521875,418.0
LED450NM,5,166,561.0333847916667,419.0
LED450NM,5,167,561.3612463541666,419.0
LED450NM,5,168,560.4928640625,417.0
LED450NM,5,169,558.8929361458333,416.0
LED450NM,5,170,558.800654375,416.0
LED450NM,5,171,560.5938794791666,416.0
LED450NM,5,172,557.2282075,415.0
LED450NM,5,173,555.9451829166667,415.0
LED450NM,5,174,554.7120167708333,413.0
LED450NM,5,175,555.5879586458333,414.0
LED450NM,5,176,557.8664415625,415.0
LED450NM,5,177,557.894734375,415.0
LED450NM,5,178,557.8999869791667,415.0
LED450NM,5,179,555.8974348958334,415.0
LED450NM,5,180,556.2119933333333,415.0
LED450NM,5,181,552.5594871875,414.0
LED450NM,5,182,553.9682639583333,415.0
LED450NM,5,183,552.5595227083334,414.0
LED450NM,5,184,551.9976388541667,414.0
LED450NM,5,185,551.6907727083334,413.0
LED450NM,5,186,551.0187184375,413.0
LED450NM,5,187,550.767495,413.0
LED450NM,5,188,551.9185170833333,414.0
LED450NM,5,189,552.2096708333333,414.0
LED450NM,5,190,552.1768096875,413.0
LED450NM,5,191,552.4611202083333,413.0
LED450NM,5,192,549.7558688541667,412.0
LED450NM,5,193,547.2280486458334,411.0
LED450NM,5,194,548.2320485416667,411.0
LED450NM,6,0,377.562555625,371.0
LED450NM,6,1,377.28947270833334,371.0
LED450NM,6,2,377.8811014583333,371.0
LED450NM,6,3,378.07850395833333,371.0
LED450NM,6,4,380.1799703125,373.0
LED450NM,6,5,381.9629722916667,374.0
LED450NM,6,6,384.4858407291667,375.0
LED450NM,6,7,388.7413205208333,377.0
LED450NM,6,8,393.6335970833333,380.0
LED450NM,6,9,398.5885514583333,381.0
LED450NM,6,10,404.8874485416667,384.0
LED450NM,6,11,408.84577270833336,385.0
LED450NM,6,12,411.30256322916665,386.0
LED450NM,6,13,417.32085927083335,385.0
LED450NM,6,14,422.54289958333334,386.0
LED450NM,6,15,426.67334177083336,386.0
LED450NM,6,16,429.1677109375,391.0
LED450NM,6,17,432.0138007291667,394.0
LED450NM,6,18,434.2519944791667,394.0
LED450NM,6,19,438.31523635416664,394.0
LED450NM,6,20,439.60587,395.0
LED450NM,6,21,444.0138213541667,396.0
LED450NM,6,22,445.8823725,394.0
LED450NM,6,23,449.6091978125,395.0
LED450NM,6,24,455.60352927083335,394.0
LED450NM,6,25,457.70635177083335,403.0
LED450NM,6,26,460.58856989583336,404.0
LED450NM,6,27,463.5439441666667,400.0
LED450NM,6,28,465.9100488541667,407.0
LED450NM,6,29,469.6227304166667,403.0
LED450NM,6,30,471.05321791666665,407.0
LED450NM,6,31,474.9741725,410.0
LED450NM,6,32,478.9108769791667,401.0
LED450NM,6,33,478.368973125,409.0
LED450NM,6,34,481.9378328125,408.0
LED450NM,6,35,484.46306020833333,412.0
LED450NM,6,36,486.19238770833334,413.0
LED450NM,6,37,487.9210072916667,413.0
LED450NM,6,38,491.75718666666666,414.0
LED450NM,6,39,492.90369625,414.0
LED450NM,6,40,495.8098773958333,415.0
LED450NM,6,41,499.220249375,417.0
LED450NM,6,42,501.971324375,414.0
LED450NM,6,43,503.40489770833335,418.0
LED450NM,6,44,505.6939315625,418.0
LED450NM,6,45,504.8462917708333,417.0
LED450NM,6,46,508.00055208333333,418.0
LED450NM,6,47,509.4745792708333,418.0
LED450NM,6,48,511.074506875,419.0
LED450NM,6,49,514.7643507291667,421.0
LED450NM,6,50,517.2026807291667,422.0
LED450NM,6,51,520.1701964583333,417.0
LED450NM,6,52,523.0271167708333,411.0
LED450NM,6,53,523.6275320833333,418.0
LED450NM,6,54,529.370473125,425.0
LED450NM,6,55,532.040844375,424.0
LED450NM,6,56,531.8666698958333,422.0
LED450NM,6,57,536.8187080208334,425.0
LED450NM,6,58,538.4076265625,425.0
LED450NM,6,59,546.6384195833333,419.0
LED450NM,6,60,546.5017226041666,415.0
LED450NM,6,61,545.586431875,414.0
LED450NM,6,62,550.9164058333333,414.0
LED450NM,6,63,552.8380617708333,418.0
LED450NM,6,64,557.4690115625,418.0
LED450NM,6,65,553.3353615625,431.0
LED450NM,6,66,555.7599720833333,425.0
LED450NM,6,67,553.2600402083333,422.0
LED450NM,6,68,553.9669577083333,417.0
LED450NM,6,69,557.2361410416667,418.0
LED450NM,6,70,558.011906875,422.0
LED450NM,6,71,562.0630398958333,416.0
LED450NM,6,72,563.10849125,414.0
LED450NM,6,73,557.7927682291667,431.0
LED450NM,6,74,560.4049686458334,434.0
LED450NM,6,75,565.7155380208334,415.0
LED450NM,6,76,565.0045254166666,418.0
LED450NM,6,77,565.7237417708334,418.0
LED450NM,6,78,565.2902323958333,417.0
LED450NM,6,79,567.126475625,417.0
LED450NM,6,80,566.9664559375,415.0
LED450NM,6,81,568.8726736458333,415.0
LED450NM,6,82,568.1132938541666,413.0
LED450NM,6,83,571.0108761458333,415.0
LED450NM,6,84,567.6954875,432.0
LED450NM,6,85,569.7646309375,433.0
LED450NM,6,86,572.5294938541666,434.0
LED450NM,6,87,574.7367860416666,423.0
LED450NM,6,88,574.9773110416667,416.0
LED450NM,6,89,575.4166720833333,415.0
LED450NM,6,90,576.47323375,418.0
LED450NM,6,91,577.2603219791666,420.0
LED450NM,6,92,577.6446363541667,419.0
LED450NM,6,93,573.209611875,431.0
LED450NM,6,94,577.0884008333334,420.0
LED450NM,6,95,572.8395164583334,434.0
LED450NM,6,96,573.5321395833333,435.0
LED450NM,6,97,572.2966016666667,431.0
LED450NM,6,98,572.9773213541666,418.0
LED450NM,6,99,577.6296767708334,418.0
LED450NM,6,100,580.8672421875,419.0
LED450NM,6,101,580.8582452083333,419.0
LED450NM,6,102,580.3614889583333,415.0
LED450NM,6,103,578.20408875,415.0
LED450NM,6,104,579.8517127083334,416.0
LED450NM,6,105,579.695319375,416.0
LED450NM,6,106,577.2760671875,415.0
LED450NM,6,107,579.7350613541666,415.0
LED450NM,6,108,577.2826978125,414.0
LED450NM,6,109,578.3162873958333,413.0
LED450NM,6,110,574.4307241666667,414.0
LED450NM,6,111,574.1342026041667,413.0
LED450NM,6,112,568.262414375,411.0
LED450NM,6,113,569.5152119791667,411.0
LED450NM,6,114,574.3458964583333,413.0
LED450NM,6,115,568.0853459375,432.0
LED450NM,6,116,563.3910602083333,431.0
LED450NM,6,117,563.8085478125,430.0
LED450NM,6,118,562.2134290625,430.0
LED450NM,6,119,564.0569340625,430.0
LED450NM,6,120,566.971738125,431.0
LED450NM,6,121,561.5585088541667,429.0
LED450NM,6,122,560.8152864583334,428.0
LED450NM,6,123,561.1487253125,428.0
LED450NM,6,124,562.809695,429.0
LED450NM,6,125,561.0294746875,427.0
LED450NM,6,126,560.6552290625,426.0
LED450NM,6,127,559.4806602083333,427.0
LED450NM,6,128,560.2589008333333,427.0
LED450NM,6,129,560.1857042708333,427.0
LED450NM,6,130,556.1039208333333,425.0
LED450NM,6,131,557.3897544791666,426.0
LED450NM,6,132,559.5056232291666,427.0
LED450NM,6,133,561.009495,427.0
LED450NM,6,134,561.1881263541667,427.0
LED450NM,6,135,560.3278890625,427.0
LED450NM,6,136,559.870806875,427.0
LED450NM,6,137,561.6223946875,427.0
LED450NM,6,138,559.5561554166667,426.0
LED450NM,6,139,558.0989369791666,425.0
LED450NM,6,140,560.7387030208333,427.0
LED450NM,6,141,560.8310382291667,427.0
LED450NM,6,142,561.0866769791667,427.0
LED450NM,6,143,560.4880911458333,426.0
LED450NM,6,144,560.5227158333333,426.0
LED450NM,6,145,562.9410598958333,427.0
LED450NM,6,146,563.31906875,428.0
LED450NM,6,147,563.8403408333334,427.0
LED450NM,6,148,563.4552692708334,428.0
LED450NM,6,149,563.057473125,427.0
LED450NM,6,150,565.5670336458334,428.0
LED450NM,6,151,563.1590046875,426.0
LED450NM,6,152,561.8014589583333,425.0
LED450NM,6,153,561.0665214583333,425.0
LED450NM,6,154,561.4083615625,425.0
LED450NM,6,155,562.7846984375,425.0
LED450NM,6,156,560.2835835416666,423.0
LED450NM,6,157,560.9455211458334,423.0
LED450NM,6,158,560.3683238541666,425.0
LED450NM,6,159,559.9540352083334,424.0
LED450NM,6,160,558.7247838541666,422.0
LED450NM,6,161,550.7053719791667,417.0
LED450NM,6,162,550.3152983333333,415.0
LED450NM,6,163,552.5564429166667,418.0
LED450NM,6,164,554.1065698958333,418.0
LED450NM,6,165,554.6512578125,418.0
LED450NM,6,166,555.5036686458334,418.0
LED450NM,6,167,552.5737353125,418.0
LED450NM,6,168,550.9451219791666,417.0
LED450NM,6,169,549.7020070833333,416.0
LED450NM,6,170,549.4491977083334,416.0
LED450NM,6,171,548.2413351041666,415.0
LED450NM,6,172,546.249023125,415.0
LED450NM,6,173,546.780174375,414.0
LED450NM,6,174,546.6142308333333,414.0
LED450NM,6,175,546.5580466666667,415.0
LED450NM,6,176,547.1029934375,415.0
LED450NM,6,177,547.2772034375,414.0
LED450NM,6,178,544.7825101041667,414.0
LED450NM,6,179,546.2045808333334,415.0
LED450NM,6,180,544.8657327083333,415.0
LED450NM,6,181,544.9199733333334,415.0
LED450NM,6,182,544.4576701041667,414.0
LED450NM,6,183,544.6283969791667,415.0
LED450NM,6,184,545.8530944791667,415.0
LED450NM,6,185,545.4332407291666,414.0
LED450NM,6,186,543.0646028125,413.0
LED450NM,6,187,544.9095891666667,414.0
LED450NM,6,188,545.8608027083334,415.0
LED450NM,6,189,545.7824646875,415.0
LED450NM,6,190,546.0397013541667,414.0
LED450NM,6,191,545.9588969791666,414.0
LED450NM,6,192,542.5768492708333,412.0
LED450NM,6,193,544.0342347916667,413.0
LED450NM,6,194,545.0524129166666,413.0
LED450NM,7,0,384.10584927083335,376.0
LED450NM,7,1,385.1736965625,377.0
LED450NM,7,2,384.39808020833334,376.0
LED450NM,7,3,385.5111253125,377.0
LED450NM,7,4,386.8916705208333,378.0
LED450NM,7,5,389.2018170833333,379.0
LED450NM,7,6,391.7412479166667,380.0
LED450NM,7,7,396.733711875,382.0
LED450NM,7,8,402.74827166666665,386.0
LED450NM,7,9,409.245338125,387.0
LED450NM,7,10,415.7414559375,390.0
LED450NM,7,11,421.48364072916667,392.0
LED450NM,7,12,426.6984417708333,394.0
LED450NM,7,13,435.6252014583333,393.0
LED450NM,7,14,442.00999625,393.0
LED450NM,7,15,448.17438708333333,394.0
LED450NM,7,16,452.66862375,401.0
LED450NM,7,17,457.6140378125,405.0
LED450NM,7,18,462.34570791666664,405.0
LED450NM,7,19,466.50692458333333,407.0
LED450NM,7,20,468.63657510416664,408.0
LED450NM,7,21,475.0164995833333,410.0
LED450NM,7,22,478.3396184375,408.0
LED450NM,7,23,483.15659885416665,408.0
LED450NM,7,24,490.88445885416667,407.0
LED450NM,7,25,491.8439059375,419.0
LED450NM,7,26,497.52742854166667,419.0
LED450NM,7,27,503.4843471875,412.0
LED450NM,7,28,505.66520697916667,424.0
LED450NM,7,29,511.5906696875,419.0
LED450NM,7,30,514.0509548958333,425.0
LED450NM,7,31,520.25742625,428.0
LED450NM,7,32,526.9920246875,418.0
LED450NM,7,33,527.6599810416667,430.0
LED450NM,7,34,533.3645347916666,425.0
LED450NM,7,35,536.0910153125,433.0
LED450NM,7,36,542.0528578125,435.0
LED450NM,7,37,543.6565328125,435.0
LED450NM,7,38,545.6921216666667,435.0
LED450NM,7,39,548.4974332291666,435.0
LED450NM,7,40,549.4550808333333,435.0
LED450NM,7,41,555.926489375,438.0
LED450NM,7,42,562.5669934375,437.0
LED450NM,7,43,562.8390975,440.0
LED450NM,7,44,566.6642859375,440.0
LED450NM,7,45,570.4861755208333,441.0
LED450NM,7,46,573.6011307291667,442.0
LED450NM,7,47,572.9519345833334,441.0
LED450NM,7,48,576.4734545833334,442.0
LED450NM,7,49,580.7836940625,445.0
LED450NM,7,50,583.6088839583333,445.0
LED450NM,7,51,587.3588610416666,436.0
LED450NM,7,52,584.561251875,432.0
LED450NM,7,53,586.0592961458333,437.0
LED450NM,7,54,592.2298821875,447.0
LED450NM,7,55,593.0382510416666,445.0
LED450NM,7,56,595.0178033333333,446.0
LED450NM,7,57,599.5033757291667,448.0
LED450NM,7,58,605.1194386458334,443.0
LED450NM,7,59,608.6050358333333,438.0
LED450NM,7,60,612.3576127083334,434.0
LED450NM,7,61,609.2233429166666,439.0
LED450NM,7,62,613.8170732291667,433.0
LED450NM,7,63,615.4611760416667,437.0
LED450NM,7,64,616.4161583333333,436.0
LED450NM,7,65,616.3540175,449.0
LED450NM,7,66,618.759895625,444.0
LED450NM,7,67,619.2385461458333,439.0
LED450NM,7,68,621.0364735416666,437.0
LED450NM,7,69,623.7532927083333,436.0
LED450NM,7,70,623.892890625,454.0
LED450NM,7,71,629.785646875,434.0
LED450NM,7,72,630.1725917708334,432.0
LED450NM,7,73,624.8305736458333,454.0
LED450NM,7,74,626.9257577083333,457.0
LED450NM,7,75,631.0179614583334,433.0
LED450NM,7,76,629.3807334375,437.0
LED450NM,7,77,629.0355588541667,436.0
LED450NM,7,78,629.057551875,436.0
LED450NM,7,79,629.4126514583334,435.0
LED450NM,7,80,633.2706921875,433.0
LED450NM,7,81,636.7042016666667,434.0
LED450NM,7,82,636.8138395833333,431.0
LED450NM,7,83,636.99009,432.0
LED450NM,7,84,637.16487625,458.0
LED450NM,7,85,642.7544855208333,460.0
LED450NM,7,86,640.8432432291667,459.0
LED450NM,7,87,646.4953691666667,442.0
LED450NM,7,88,642.0281073958333,436.0
LED450NM,7,89,642.2646677083334,434.0
LED450NM,7,90,642.5954944791666,437.0
LED450NM,7,91,644.4552461458334,440.0
LED450NM,7,92,647.71039125,440.0
LED450NM,7,93,645.0593409375,455.0
LED450NM,7,94,648.9224111458333,441.0
LED450NM,7,95,646.3235164583333,461.0
LED450NM,7,96,643.4362117708333,460.0
LED450NM,7,97,647.2573269791667,453.0
LED450NM,7,98,649.2212642708333,439.0
LED450NM,7,99,653.0665403125,439.0
LED450NM,7,100,649.6119564583333,437.0
LED450NM,7,101,648.8051559375,437.0
LED450NM,7,102,651.9888784375,435.0
LED450NM,7,103,652.7844295833333,435.0
LED450NM,7,104,658.2513678125,437.0
LED450NM,7,105,661.6550475,437.0
LED450NM,7,106,662.26395125,436.0
LED450NM,7,107,660.7893257291666,435.0
LED450NM,7,108,659.6925523958333,434.0
LED450NM,7,109,656.6448966666667,434.0
LED450NM,7,110,654.2253430208333,433.0
LED450NM,7,111,655.014595625,433.0
LED450NM,7,112,651.86793,430.0
LED450NM,7,113,650.7878811458334,429.0
LED450NM,7,114,653.1829311458333,432.0
LED450NM,7,115,646.0259436458333,458.0
LED450NM,7,116,644.711184375,457.0
LED450NM,7,117,647.0208853125,458.0
LED450NM,7,118,646.0899348958334,458.0
LED450NM,7,119,643.9005082291667,458.0
LED450NM,7,120,644.7252410416667,458.0
LED450NM,7,121,638.1967016666666,454.0
LED450NM,7,122,635.1335960416667,454.0
LED450NM,7,123,634.7704380208334,454.0
LED450NM,7,124,635.9577009375,454.0
LED450NM,7,125,631.844961875,452.0
LED450NM,7,126,632.7125733333334,452.0
LED450NM,7,127,633.3906123958334,452.0
LED450NM,7,128,632.8212804166667,452.0
LED450NM,7,129,634.3543602083333,453.0
LED450NM,7,130,633.2047944791667,451.0
LED450NM,7,131,636.5698508333334,453.0
LED450NM,7,132,636.5535761458333,454.0
LED450NM,7,133,636.5179084375,453.0
LED450NM,7,134,637.5756698958334,453.0
LED450NM,7,135,632.8357107291666,452.0
LED450NM,7,136,635.9231148958334,453.0
LED450NM,7,137,634.0954110416667,453.0
LED450NM,7,138,631.6917247916666,450.0
LED450NM,7,139,625.8362086458334,448.0
LED450NM,7,140,625.0348532291666,448.0
LED450NM,7,141,625.0598279166667,449.0
LED450NM,7,142,626.2952644791667,450.0
LED450NM,7,143,625.3571632291666,449.0
LED450NM,7,144,625.9194907291667,449.0
LED450NM,7,145,626.6453095833333,449.0
LED450NM,7,146,624.9355375,449.0
LED450NM,7,147,624.2940738541666,448.0
LED450NM,7,148,626.449951875,449.0
LED450NM,7,149,628.542036875,450.0
LED450NM,7,150,626.3048719791667,449.0
LED450NM,7,151,625.1019242708334,447.0
LED450NM,7,152,623.8846346875,447.0
LED450NM,7,153,625.9834688541666,448.0
LED450NM,7,154,626.5677501041666,448.0
LED450NM,7,155,628.0390041666667,448.0
LED450NM,7,156,626.8727908333333,446.0
LED450NM,7,157,628.0502453125,447.0
LED450NM,7,158,629.3238401041667,448.0
LED450NM,7,159,629.9685301041667,449.0
LED450NM,7,160,627.8941445833333,447.0
LED450NM,7,161,623.6485941666666,440.0
LED450NM,7,162,622.6693813541667,439.0
LED450NM,7,163,624.7473409375,441.0
LED450NM,7,164,622.3845026041666,440.0
LED450NM,7,165,621.6603996875,440.0
LED450NM,7,166,619.1974661458333,440.0
LED450NM,7,167,616.6855802083334,439.0
LED450NM,7,168,614.0881708333334,437.0
LED450NM,7,169,612.2654911458334,435.0
LED450NM,7,170,614.1168719791667,436.0
LED450NM,7,171,616.4935372916667,437.0
LED450NM,7,172,617.6564576041667,437.0
LED450NM,7,173,619.51884875,437.0
LED450NM,7,174,616.2954104166666,436.0
LED450NM,7,175,615.1157103125,435.0
LED450NM,7,176,615.3559592708333,436.0
LED450NM,7,177,615.575215,435.0
LED450NM,7,178,614.8821521875,435.0
LED450NM,7,179,616.8032273958333,436.0
LED450NM,7,180,614.590343125,436.0
LED450NM,7,181,616.2877459375,437.0
LED450NM,7,182,615.5007504166666,437.0
LED450NM,7,183,614.411700625,436.0
LED450NM,7,184,611.552053125,434.0
LED450NM,7,185,609.9854334375,434.0
LED450NM,7,186,609.6877970833333,433.0
LED450NM,7,187,609.7285988541666,434.0
LED450NM,7,188,610.2117279166666,434.0
LED450NM,7,189,612.202536875,436.0
LED450NM,7,190,607.6209920833334,434.0
LED450NM,7,191,605.9645748958334,433.0
LED450NM,7,192,602.1672947916667,431.0
LED450NM,7,193,603.6895984375,431.0
LED450NM,7,194,603.1924982291666,431.0
LED450NM,8,0,374.0527739583333,367.0
LED450NM,8,1,374.1947551041667,367.0
LED450NM,8,2,374.09998302083335,367.0
LED450NM,8,3,374.6419183333333,367.0
LED450NM,8,4,375.93447770833336,368.0
LED450NM,8,5,376.5411221875,368.0
LED450NM,8,6,377.3370251041667,368.0
LED450NM,8,7,381.16516260416665,370.0
LED450NM,8,8,384.6591421875,372.0
LED450NM,8,9,388.64411083333334,373.0
LED450NM,8,10,393.3585436458333,374.0
LED450NM,8,11,397.3244909375,376.0
LED450NM,8,12,402.73089,378.0
LED450NM,8,13,409.5746103125,377.0
LED450NM,8,14,416.02111072916665,377.0
LED450NM,8,15,420.70197447916667,378.0
LED450NM,8,16,423.8055210416667,383.0
LED450NM,8,17,427.622588125,386.0
LED450NM,8,18,429.6142541666667,387.0
LED450NM,8,19,433.5980946875,387.0
LED450NM,8,20,437.19255072916667,388.0
LED450NM,8,21,442.67916760416665,389.0
LED450NM,8,22,444.64290927083334,389.0
LED450NM,8,23,448.9298603125,389.0
LED450NM,8,24,453.6266390625,387.0
LED450NM,8,25,457.16650604166665,397.0
LED450NM,8,26,460.36834854166665,397.0
LED450NM,8,27,467.04446489583336,392.0
LED450NM,8,28,465.9138947916667,400.0
LED450NM,8,29,469.57527375,396.0
LED450NM,8,30,471.00807,399.0
LED450NM,8,31,474.9677228125,402.0
LED450NM,8,32,479.2540016666667,395.0
LED450NM,8,33,479.2870359375,404.0
LED450NM,8,34,483.0573813541667,401.0
LED450NM,8,35,485.87938322916665,406.0
LED450NM,8,36,489.49959885416666,407.0
LED450NM,8,37,491.59772291666667,407.0
LED450NM,8,38,494.9244166666667,408.0
LED450NM,8,39,497.84976260416664,408.0
LED450NM,8,40,497.6412865625,407.0
LED450NM,8,41,503.834245,410.0
LED450NM,8,42,506.70220052083334,408.0
LED450NM,8,43,504.8577586458333,410.0
LED450NM,8,44,505.0096795833333,411.0
LED450NM,8,45,507.09567354166666,412.0
LED450NM,8,46,509.74386177083335,412.0
LED450NM,8,47,512.5364491666667,411.0
LED450NM,8,48,514.9296439583334,413.0
LED450NM,8,49,516.7019871875,415.0
LED450NM,8,50,519.6446080208333,410.0
LED450NM,8,51,523.9055492708334,408.0
LED450NM,8,52,523.8832273958334,404.0
LED450NM,8,53,525.2227685416667,411.0
LED450NM,8,54,526.98269375,415.0
LED450NM,8,55,533.21386625,416.0
LED450NM,8,56,534.8222294791667,417.0
LED450NM,8,57,537.4258525,418.0
LED450NM,8,58,539.3207259375,415.0
LED450NM,8,59,544.1859944791667,410.0
LED450NM,8,60,546.6144689583333,407.0
LED450NM,8,61,547.5128913541666,409.0
LED450NM,8,62,549.2232278125,407.0
LED450NM,8,63,551.5094938541666,409.0
LED450NM,8,64,552.4328527083334,411.0
LED450NM,8,65,551.4444598958333,416.0
LED450NM,8,66,552.3659760416666,416.0
LED450NM,8,67,549.2008840625,411.0
LED450NM,8,68,550.169508125,409.0
LED450NM,8,69,551.7676330208334,411.0
LED450NM,8,70,553.1265322916666,411.0
LED450NM,8,71,549.8596155208334,406.0
LED450NM,8,72,551.1951892708333,404.0
LED450NM,8,73,548.9985035416667,421.0
LED450NM,8,74,549.7682235416667,421.0
LED450NM,8,75,555.0659770833333,405.0
LED450NM,8,76,557.6379711458334,408.0
LED450NM,8,77,558.1842032291667,409.0
LED450NM,8,78,561.5562828125,409.0
LED450NM,8,79,559.9464686458333,407.0
LED450NM,8,80,560.589059375,407.0
LED450NM,8,81,560.2201745833333,406.0
LED450NM,8,82,562.97642125,405.0
LED450NM,8,83,565.3216980208333,405.0
LED450NM,8,84,563.5687841666667,424.0
LED450NM,8,85,562.1521533333333,424.0
LED450NM,8,86,559.3014820833333,423.0
LED450NM,8,87,564.4817694791667,411.0
LED450NM,8,88,566.4899079166667,408.0
LED450NM,8,89,566.7360060416667,406.0
LED450NM,8,90,569.3729385416667,409.0
LED450NM,8,91,570.0923853125,411.0
LED450NM,8,92,570.9188827083333,414.0
LED450NM,8,93,567.038556875,420.0
LED450NM,8,94,570.1092232291667,412.0
LED450NM,8,95,564.8137896875,425.0
LED450NM,8,96,563.9512655208333,424.0
LED450NM,8,97,564.523876875,418.0
LED450NM,8,98,567.3306733333334,408.0
LED450NM,8,99,568.8172961458333,407.0
LED450NM,8,100,569.2475922916667,407.0
LED450NM,8,101,571.4595528125,408.0
LED450NM,8,102,570.8102098958333,405.0
LED450NM,8,103,571.4825494791667,405.0
LED450NM,8,104,574.2095246875,407.0
LED450NM,8,105,574.6496769791667,406.0
LED450NM,8,106,576.2244970833333,406.0
LED450NM,8,107,576.252484375,406.0
LED450NM,8,108,575.345040625,405.0
LED450NM,8,109,575.1625848958333,405.0
LED450NM,8,110,578.1562664583333,407.0
LED450NM,8,111,575.9296960416667,404.0
LED450NM,8,112,575.088735,403.0
LED450NM,8,113,575.2185890625,403.0
LED450NM,8,114,577.8128951041666,405.0
LED450NM,8,115,565.1885971875,424.0
LED450NM,8,116,565.4825998958333,424.0
LED450NM,8,117,565.1100708333333,423.0
LED450NM,8,118,564.8225658333333,423.0
LED450NM,8,119,563.1815364583333,422.0
LED450NM,8,120,564.3420219791667,423.0
LED450NM,8,121,565.7635421875,423.0
LED450NM,8,122,564.4743279166667,422.0
LED450NM,8,123,565.7877046875,423.0
LED450NM,8,124,562.9144983333333,422.0
LED450NM,8,125,562.1674889583334,421.0
LED450NM,8,126,563.4219644791667,422.0
LED450NM,8,127,563.2048276041667,421.0
LED450NM,8,128,561.1311146875,420.0
LED450NM,8,129,557.6344067708334,418.0
LED450NM,8,130,556.8634410416666,418.0
LED450NM,8,131,558.6529484375,419.0
LED450NM,8,132,560.1736989583334,420.0
LED450NM,8,133,560.3742466666666,419.0
LED450NM,8,134,559.8109864583333,420.0
LED450NM,8,135,558.349455,419.0
LED450NM,8,136,555.676804375,419.0
LED450NM,8,137,557.0134547916666,420.0
LED450NM,8,138,557.7962102083334,420.0
LED450NM,8,139,555.5985805208334,418.0
LED450NM,8,140,556.136513125,419.0
LED450NM,8,141,554.9820110416666,418.0
LED450NM,8,142,552.6958378125,417.0
LED450NM,8,143,550.6354136458333,417.0
LED450NM,8,144,547.9324386458334,415.0
LED450NM,8,145,549.2117445833334,416.0
LED450NM,8,146,549.72908,416.0
LED450NM,8,147,548.6484002083333,415.0
LED450NM,8,148,548.5420263541666,416.0
LED450NM,8,149,548.7123609375,415.0
LED450NM,8,150,550.1151161458333,416.0
LED450NM,8,151,547.7525484375,415.0
LED450NM,8,152,548.415698125,415.0
LED450NM,8,153,548.0218835416666,415.0
LED450NM,8,154,547.5542502083333,415.0
LED450NM,8,155,544.5878740625,413.0
LED450NM,8,156,545.2489664583334,412.0
LED450NM,8,157,546.7274522916666,413.0
LED450NM,8,158,548.6694130208333,414.0
LED450NM,8,159,547.2837467708333,414.0
LED450NM,8,160,547.3335604166666,413.0
LED450NM,8,161,547.1326204166667,408.0
LED450NM,8,162,545.7550072916666,407.0
LED450NM,8,163,548.3603765625,409.0
LED450NM,8,164,548.145455625,409.0
LED450NM,8,165,547.2675867708333,408.0
LED450NM,8,166,548.0344838541666,410.0
LED450NM,8,167,544.6895501041666,408.0
LED450NM,8,168,541.0910247916667,406.0
LED450NM,8,169,538.4757758333334,405.0
LED450NM,8,170,538.4465103125,405.0
LED450NM,8,171,538.1535789583334,404.0
LED450NM,8,172,537.9603845833333,405.0
LED450NM,8,173,538.188168125,404.0
LED450NM,8,174,538.6455323958334,403.0
LED450NM,8,175,539.0222635416667,404.0
LED450NM,8,176,535.9698613541667,404.0
LED450NM,8,177,534.3109221875,403.0
LED450NM,8,178,534.6749557291666,404.0
LED450NM,8,179,534.0224852083334,404.0
LED450NM,8,180,532.9803604166667,404.0
LED450NM,8,181,533.8022959375,405.0
LED450NM,8,182,535.1557604166667,406.0
LED450NM,8,183,534.1181322916667,404.0
LED450NM,8,184,534.9590842708334,404.0
LED450NM,8,185,534.3154190625,403.0
LED450NM,8,186,534.4795654166667,404.0
LED450NM,8,187,535.941104375,404.0
LED450NM,8,188,535.5134671875,404.0
LED450NM,8,189,536.8846546875,406.0
LED450NM,8,190,534.5569389583334,404.0
LED450NM,8,191,535.2830007291667,404.0
LED450NM,8,192,534.6610296875,403.0
LED450NM,8,193,534.7777577083333,403.0
LED450NM,8,194,534.1728877083333,403.0
LED450NM,9,0,367.7976875,362.0
LED450NM,9,1,367.64475239583334,362.0
LED450NM,9,2,367.16753083333333,362.0
LED450NM,9,3,367.519401875,362.0
LED450NM,9,4,368.52230864583333,362.0
LED450NM,9,5,368.53860583333335,362.0
LED450NM,9,6,370.2507875,363.0
LED450NM,9,7,372.5277791666667,365.0
LED450NM,9,8,375.06059708333333,367.0
LED450NM,9,9,377.57137520833334,367.0
LED450NM,9,10,381.99908885416664,370.0
LED450NM,9,11,385.4251545833333,371.0
LED450NM,9,12,389.3000279166667,373.0
LED450NM,9,13,393.5529440625,372.0
LED450NM,9,14,398.7513017708333,377.0
LED450NM,9,15,403.6899601041667,375.0
LED450NM,9,16,406.33512958333336,377.0
LED450NM,9,17,408.2816078125,380.0
LED450NM,9,18,410.25352854166664,380.0
LED450NM,9,19,412.4427507291667,382.0
LED450NM,9,20,414.6945413541667,383.0
LED450NM,9,21,418.5956775,383.0
LED450NM,9,22,420.9926346875,383.0
LED450NM,9,23,424.47492010416664,383.0
LED450NM,9,24,427.6534434375,381.0
LED450NM,9,25,431.00554916666664,391.0
LED450NM,9,26,433.7640075,389.0
LED450NM,9,27,438.91456645833335,386.0
LED450NM,9,28,439.66290104166666,394.0
LED450NM,9,29,444.4760602083333,390.0
LED450NM,9,30,446.4966615625,392.0
LED450NM,9,31,449.2211791666667,394.0
LED450NM,9,32,449.9262398958333,388.0
LED450NM,9,33,451.48639760416665,397.0
LED450NM,9,34,452.1054278125,394.0
LED450NM,9,35,450.4894528125,397.0
LED450NM,9,36,452.13697947916665,398.0
LED450NM,9,37,454.43139802083334,398.0
LED450NM,9,38,457.1458584375,399.0
LED450NM,9,39,459.64851458333334,400.0
LED450NM,9,40,462.85251354166667,401.0
LED450NM,9,41,464.7383005208333,402.0
LED450NM,9,42,467.8373902083333,397.0
LED450NM,9,43,467.7985464583333,403.0
LED450NM,9,44,471.7619846875,404.0
LED450NM,9,45,475.88754895833335,405.0
LED450NM,9,46,475.9253907291667,405.0
LED450NM,9,47,475.6102492708333,404.0
LED450NM,9,48,478.46128145833336,406.0
LED450NM,9,49,483.5249064583333,409.0
LED450NM,9,50,485.9736559375,405.0
LED450NM,9,51,486.78483166666666,402.0
LED450NM,9,52,488.09368333333333,401.0
LED450NM,9,53,489.5938453125,405.0
LED450NM,9,54,492.196924375,411.0
LED450NM,9,55,496.9218015625,410.0
LED450NM,9,56,496.8190663541667,410.0
LED450NM,9,57,499.8223570833333,412.0
LED450NM,9,58,502.99506260416666,407.0
LED450NM,9,59,503.63503135416664,405.0
LED450NM,9,60,503.85643427083335,402.0
LED450NM,9,61,502.5269846875,401.0
LED450NM,9,62,503.49431364583336,401.0
LED450NM,9,63,504.9936848958333,403.0
LED450NM,9,64,504.68726677083333,402.0
LED450NM,9,65,507.06011041666665,408.0
LED450NM,9,66,506.62558052083335,408.0
LED450NM,9,67,509.20300510416666,406.0
LED450NM,9,68,507.6669438541667,403.0
LED450NM,9,69,509.98530625,404.0
LED450NM,9,70,511.938926875,405.0
LED450NM,9,71,511.1489975,401.0
LED450NM,9,72,507.8313373958333,399.0
LED450NM,9,73,507.64466145833336,414.0
LED450NM,9,74,510.3574053125,413.0
LED450NM,9,75,508.85712916666665,399.0
LED450NM,9,76,509.77418489583334,401.0
LED450NM,9,77,511.60662947916666,402.0
LED450NM,9,78,513.2337955208334,402.0
LED450NM,9,79,514.20046625,401.0
LED450NM,9,80,514.9761511458333,400.0
LED450NM,9,81,516.6745822916666,400.0
LED450NM,9,82,515.0880680208334,399.0
LED450NM,9,83,516.8944980208333,399.0
LED450NM,9,84,514.4149666666667,415.0
LED450NM,9,85,513.48238,415.0
LED450NM,9,86,512.6888484375,414.0
LED450NM,9,87,513.9509219791667,403.0
LED450NM,9,88,515.5777945833333,400.0
LED450NM,9,89,515.6134253125,398.0
LED450NM,9,90,515.5228215625,400.0
LED450NM,9,91,517.4418835416667,403.0
LED450NM,9,92,518.4087903125,403.0
LED450NM,9,93,513.7146621875,408.0
LED450NM,9,94,516.0297525,403.0
LED450NM,9,95,514.0977369791667,415.0
LED450NM,9,96,516.493618125,415.0
LED450NM,9,97,516.5436652083333,409.0
LED450NM,9,98,518.7429823958333,401.0
LED450NM,9,99,516.0227109375,400.0
LED450NM,9,100,514.3592583333333,399.0
LED450NM,9,101,511.67603114583335,398.0
LED450NM,9,102,509.45514864583333,395.0
LED450NM,9,103,510.219188125,395.0
LED450NM,9,104,513.8135422916666,397.0
LED450NM,9,105,516.4378708333334,397.0
LED450NM,9,106,514.3968995833334,396.0
LED450NM,9,107,515.1285258333334,396.0
LED450NM,9,108,513.5391202083333,395.0
LED450NM,9,109,513.6757722916667,395.0
LED450NM,9,110,515.59013375,397.0
LED450NM,9,111,514.8270764583333,395.0
LED450NM,9,112,513.2045036458334,394.0
LED450NM,9,113,514.608174375,394.0
LED450NM,9,114,512.8183789583334,395.0
LED450NM,9,115,505.63266104166667,409.0
LED450NM,9,116,503.96483302083334,408.0
LED450NM,9,117,504.5464576041667,408.0
LED450NM,9,118,505.3261884375,409.0
LED450NM,9,119,501.0740892708333,407.0
LED450NM,9,120,500.26845760416666,407.0
LED450NM,9,121,496.90619125,405.0
LED450NM,9,122,497.23155833333334,405.0
LED450NM,9,123,498.5234490625,406.0
LED450NM,9,124,497.4886677083333,406.0
LED450NM,9,125,496.3170358333333,405.0
LED450NM,9,126,497.59792822916666,404.0
LED450NM,9,127,499.34968625,406.0
LED450NM,9,128,497.799955625,404.0
LED450NM,9,129,498.30355614583334,405.0
LED450NM,9,130,496.4594238541667,404.0
LED450NM,9,131,498.902044375,406.0
LED450NM,9,132,500.013714375,406.0
LED450NM,9,133,499.11699854166665,405.0
LED450NM,9,134,500.64826270833333,406.0
LED450NM,9,135,501.406546875,406.0
LED450NM,9,136,502.58966114583336,407.0
LED450NM,9,137,500.2527803125,406.0
LED450NM,9,138,499.96243635416664,405.0
LED450NM,9,139,498.9535172916667,404.0
LED450NM,9,140,499.7609654166667,405.0
LED450NM,9,141,500.05573614583335,405.0
LED450NM,9,142,500.3888236458333,405.0
LED450NM,9,143,498.5912333333333,404.0
LED450NM,9,144,497.3910520833333,403.0
LED450NM,9,145,498.5946717708333,404.0
LED450NM,9,146,500.78244677083336,405.0
LED450NM,9,147,499.0933740625,405.0
LED450NM,9,148,498.59681947916664,404.0
LED450NM,9,149,498.1631825,404.0
LED450NM,9,150,500.6032354166667,405.0
LED450NM,9,151,498.4027697916667,403.0
LED450NM,9,152,498.87469822916665,403.0
LED450NM,9,153,498.6256042708333,403.0
LED450NM,9,154,499.56222395833333,403.0
LED450NM,9,155,499.58008885416666,403.0
LED450NM,9,156,496.78318114583334,401.0
LED450NM,9,157,496.3386719791667,401.0
LED450NM,9,158,497.68172125,402.0
LED450NM,9,159,498.232025625,402.0
LED450NM,9,160,498.39445479166665,402.0
LED450NM,9,161,496.547075625,398.0
LED450NM,9,162,493.3858557291667,396.0
LED450NM,9,163,494.2917721875,397.0
LED450NM,9,164,492.18404802083336,397.0
LED450NM,9,165,492.1554886458333,397.0
LED450NM,9,166,491.1096420833333,397.0
LED450NM,9,167,489.3731441666667,396.0
LED450NM,9,168,487.78044239583335,395.0
LED450NM,9,169,488.12773197916664,395.0
LED450NM,9,170,486.2339216666667,394.0
LED450NM,9,171,485.57697989583335,394.0
LED450NM,9,172,484.599315625,393.0
LED450NM,9,173,483.6502047916667,393.0
LED450NM,9,174,483.580294375,392.0
LED450NM,9,175,484.20325625,393.0
LED450NM,9,176,484.92107197916664,393.0
LED450NM,9,177,484.6949846875,393.0
LED450NM,9,178,486.61864041666666,394.0
LED450NM,9,179,488.06257927083334,395.0
LED450NM,9,180,489.46549666666664,396.0
LED450NM,9,181,490.132928125,396.0
LED450NM,9,182,490.522938125,397.0
LED450NM,9,183,488.8416516666667,395.0
LED450NM,9,184,488.7570346875,395.0
LED450NM,9,185,487.61713510416666,395.0
LED450NM,9,186,485.94176875,394.0
LED450NM,9,187,485.62817479166665,394.0
LED450NM,9,188,486.31256520833335,395.0
LED450NM,9,189,487.141828125,396.0
LED450NM,9,190,486.7758715625,396.0
LED450NM,9,191,485.7209985416667,394.0
LED450NM,9,192,486.1282141666667,394.0
LED450NM,9,193,484.0862935416667,393.0
LED450NM,9,194,482.0124082291667,392.0
LED450NM,10,0,371.58824239583333,363.0
LED450NM,10,1,371.5344907291667,362.0
LED450NM,10,2,371.07760583333334,362.0
LED450NM,10,3,372.1450209375,363.0
LED450NM,10,4,372.832443125,363.0
LED450NM,10,5,373.4074736458333,363.0
LED450NM,10,6,373.62116552083336,363.0
LED450NM,10,7,375.930931875,364.0
LED450NM,10,8,378.64457572916666,366.0
LED450NM,10,9,380.3852094791667,366.0
LED450NM,10,10,384.94411979166665,368.0
LED450NM,10,11,386.98004864583334,369.0
LED450NM,10,12,392.0636663541667,371.0
LED450NM,10,13,398.00445072916665,370.0
LED450NM,10,14,403.4702865625,375.0
LED450NM,10,15,408.20220895833336,372.0
LED450NM,10,16,413.0497379166667,379.0
LED450NM,10,17,416.9876934375,380.0
LED450NM,10,18,420.38888791666665,380.0
LED450NM,10,19,425.19307,382.0
LED450NM,10,20,426.95740239583336,381.0
LED450NM,10,21,432.42122625,383.0
LED450NM,10,22,436.9771261458333,384.0
LED450NM,10,23,440.47051427083335,381.0
LED450NM,10,24,444.4956970833333,381.0
LED450NM,10,25,447.30625572916665,391.0
LED450NM,10,26,450.5457347916667,392.0
LED450NM,10,27,456.0342936458333,386.0
LED450NM,10,28,456.5049801041667,394.0
LED450NM,10,29,461.5840696875,392.0
LED450NM,10,30,465.937280625,393.0
LED450NM,10,31,469.058809375,395.0
LED450NM,10,32,470.558725,397.0
LED450NM,10,33,472.7492175,398.0
LED450NM,10,34,477.6045541666667,393.0
LED450NM,10,35,480.1439028125,401.0
LED450NM,10,36,483.40008947916664,402.0
LED450NM,10,37,483.22372802083333,401.0
LED450NM,10,38,486.259648125,402.0
LED450NM,10,39,484.9473672916667,402.0
LED450NM,10,40,487.25091208333333,402.0
LED450NM,10,41,491.55971635416665,404.0
LED450NM,10,42,492.20045,399.0
LED450NM,10,43,492.454761875,404.0
LED450NM,10,44,495.08721791666665,404.0
LED450NM,10,45,497.0213065625,405.0
LED450NM,10,46,498.6261646875,404.0
LED450NM,10,47,499.57671572916666,405.0
LED450NM,10,48,502.1171009375,406.0
LED450NM,10,49,507.53171895833333,408.0
LED450NM,10,50,510.23548354166667,409.0
LED450NM,10,51,511.242031875,402.0
LED450NM,10,52,511.84728583333333,400.0
LED450NM,10,53,515.2085030208333,402.0
LED450NM,10,54,517.9185010416667,411.0
LED450NM,10,55,514.8928473958333,406.0
LED450NM,10,56,513.8782805208333,408.0
LED450NM,10,57,515.0688510416667,409.0
LED450NM,10,58,520.5933501041667,402.0
LED450NM,10,59,526.0020546875,403.0
LED450NM,10,60,527.9736476041667,399.0
LED450NM,10,61,526.5867622916667,398.0
LED450NM,10,62,527.8558027083334,399.0
LED450NM,10,63,532.6249976041667,402.0
LED450NM,10,64,534.7222044791666,401.0
LED450NM,10,65,536.0874515625,407.0
LED450NM,10,66,538.7888891666666,408.0
LED450NM,10,67,542.793205,407.0
LED450NM,10,68,545.13989,405.0
LED450NM,10,69,550.2385845833334,406.0
LED450NM,10,70,550.7310382291666,406.0
LED450NM,10,71,548.7307033333333,402.0
LED450NM,10,72,549.691134375,401.0
LED450NM,10,73,546.5547009375,417.0
LED450NM,10,74,551.264590625,409.0
LED450NM,10,75,550.4279361458333,405.0
LED450NM,10,76,549.7758102083334,403.0
LED450NM,10,77,551.0104753125,403.0
LED450NM,10,78,552.1887913541667,402.0
LED450NM,10,79,549.494178125,400.0
LED450NM,10,80,549.3719761458333,399.0
LED450NM,10,81,552.0113535416667,399.0
LED450NM,10,82,552.1350161458333,398.0
LED450NM,10,83,555.8979082291667,399.0
LED450NM,10,84,548.4682673958333,415.0
LED450NM,10,85,549.3730761458334,415.0
LED450NM,10,86,549.1818945833334,415.0
LED450NM,10,87,553.7472271875,403.0
LED450NM,10,88,553.8781171875,400.0
LED450NM,10,89,552.46573375,398.0
LED450NM,10,90,552.4572,400.0
LED450NM,10,91,553.6656560416667,403.0
LED450NM,10,92,551.5504260416667,411.0
LED450NM,10,93,552.0863067708333,410.0
LED450NM,10,94,551.7165860416667,402.0
LED450NM,10,95,548.197265,415.0
LED450NM,10,96,549.01124125,415.0
LED450NM,10,97,549.3166460416667,408.0
LED450NM,10,98,553.9019859375,402.0
LED450NM,10,99,555.4091908333334,400.0
LED450NM,10,100,556.9769201041667,400.0
LED450NM,10,101,558.5397804166666,400.0
LED450NM,10,102,552.8718428125,397.0
LED450NM,10,103,552.7656696875,397.0
LED450NM,10,104,554.9656559375,398.0
LED450NM,10,105,556.2218097916667,398.0
LED450NM,10,106,555.2370296875,397.0
LED450NM,10,107,557.5408044791667,398.0
LED450NM,10,108,555.1156855208334,396.0
LED450NM,10,109,558.3240667708334,397.0
LED450NM,10,110,559.04838625,398.0
LED450NM,10,111,559.0447394791667,397.0
LED450NM,10,112,558.0197455208333,396.0
LED450NM,10,113,560.3943335416667,396.0
LED450NM,10,114,562.2866842708333,397.0
LED450NM,10,115,554.4996132291667,416.0
LED450NM,10,116,555.4162159375,415.0
LED450NM,10,117,555.2222202083333,415.0
LED450NM,10,118,556.4709203125,415.0
LED450NM,10,119,556.451684375,415.0
LED450NM,10,120,557.0938076041666,416.0
LED450NM,10,121,557.6511365625,415.0
LED450NM,10,122,553.5949184375,414.0
LED450NM,10,123,554.9983236458334,414.0
LED450NM,10,124,556.6441251041666,415.0
LED450NM,10,125,555.1263059375,414.0
LED450NM,10,126,556.0881901041666,413.0
LED450NM,10,127,554.9861051041667,413.0
LED450NM,10,128,552.7357342708333,412.0
LED450NM,10,129,551.071236875,412.0
LED450NM,10,130,550.8783883333333,411.0
LED450NM,10,131,549.8042870833333,411.0
LED450NM,10,132,549.7526573958334,411.0
LED450NM,10,133,551.4020428125,412.0
LED450NM,10,134,549.8968729166667,410.0
LED450NM,10,135,549.2772391666666,410.0
LED450NM,10,136,549.1529684375,410.0
LED450NM,10,137,545.010994375,409.0
LED450NM,10,138,544.961593125,409.0
LED450NM,10,139,545.8329453125,408.0
LED450NM,10,140,546.3352495833333,409.0
LED450NM,10,141,546.8933672916667,409.0
LED450NM,10,142,548.6014552083333,410.0
LED450NM,10,143,548.5285025,409.0
LED450NM,10,144,547.6588275,409.0
LED450NM,10,145,549.5956392708333,410.0
LED450NM,10,146,549.107931875,409.0
LED450NM,10,147,546.1800148958333,408.0
LED450NM,10,148,547.8931910416667,409.0
LED450NM,10,149,546.7085509375,408.0
LED450NM,10,150,547.5549921875,409.0
LED450NM,10,151,545.3290120833333,407.0
LED450NM,10,152,545.8092465625,408.0
LED450NM,10,153,546.3577048958333,407.0
LED450NM,10,154,546.8553779166666,407.0
LED450NM,10,155,546.5649452083334,407.0
LED450NM,10,156,546.6096905208333,406.0
LED450NM,10,157,548.0008923958334,407.0
LED450NM,10,158,545.02259125,407.0
LED450NM,10,159,547.0712026041666,407.0
LED450NM,10,160,544.4007114583334,406.0
LED450NM,10,161,539.726603125,400.0
LED450NM,10,162,539.5323625,399.0
LED450NM,10,163,543.2349438541667,401.0
LED450NM,10,164,544.546955625,402.0
LED450NM,10,165,545.3910757291667,402.0
LED450NM,10,166,545.7166208333333,404.0
LED450NM,10,167,536.4499992708334,401.0
LED450NM,10,168,535.6091546875,400.0
LED450NM,10,169,535.1997495833333,399.0
LED450NM,10,170,533.137523125,399.0
LED450NM,10,171,533.0960605208334,398.0
LED450NM,10,172,535.252128125,400.0
LED450NM,10,173,533.4455766666666,399.0
LED450NM,10,174,531.5137352083333,398.0
LED450NM,10,175,532.0472557291666,398.0
LED450NM,10,176,534.6410855208334,399.0
LED450NM,10,177,532.2020377083334,398.0
LED450NM,10,178,531.1679053125,399.0
LED450NM,10,179,534.2978384375,400.0
LED450NM,10,180,535.4896639583334,401.0
LED450NM,10,181,531.9697078125,400.0
LED450NM,10,182,531.04384375,400.0
LED450NM,10,183,529.6764276041666,399.0
LED450NM,10,184,529.5219729166666,398.0
LED450NM,10,185,527.9434167708333,398.0
LED450NM,10,186,527.6688035416666,398.0
LED450NM,10,187,527.3777254166666,398.0
LED450NM,10,188,527.6642323958333,399.0
LED450NM,10,189,528.3272352083334,399.0
LED450NM,10,190,528.0687892708333,398.0
LED450NM,10,191,524.0350051041667,398.0
LED450NM,10,192,522.6115395833333,396.0
LED450NM,10,193,524.3569327083334,397.0
LED450NM,10,194,524.9613161458333,397.0
LED450NM,11,0,370.42367520833335,362.0
LED450NM,11,1,369.91325895833336,361.0
LED450NM,11,2,369.18284083333333,361.0
LED450NM,11,3,369.1390105208333,361.0
LED450NM,11,4,370.0852544791667,361.0
LED450NM,11,5,370.17382385416664,361.0
LED450NM,11,6,371.06192791666666,362.0
LED450NM,11,7,373.0693515625,363.0
LED450NM,11,8,376.7681352083333,365.0
LED450NM,11,9,380.13354020833333,365.0
LED450NM,11,10,384.96902989583333,368.0
LED450NM,11,11,388.4640322916667,369.0
LED450NM,11,12,393.5732671875,371.0
LED450NM,11,13,400.09613885416667,371.0
LED450NM,11,14,404.13878166666666,372.0
LED450NM,11,15,411.1288597916667,372.0
LED450NM,11,16,414.78496958333335,380.0
LED450NM,11,17,419.5919508333333,381.0
LED450NM,11,18,424.51884229166666,381.0
LED450NM,11,19,429.11815958333335,383.0
LED450NM,11,20,433.16570708333336,384.0
LED450NM,11,21,437.73932989583335,384.0
LED450NM,11,22,442.91617104166664,387.0
LED450NM,11,23,445.874175,385.0
LED450NM,11,24,451.17788708333336,384.0
LED450NM,11,25,453.8882858333333,394.0
LED450NM,11,26,456.27685791666664,394.0
LED450NM,11,27,460.1968215625,387.0
LED450NM,11,28,459.8389826041667,396.0
LED450NM,11,29,462.75916333333333,392.0
LED450NM,11,30,466.64806135416666,394.0
LED450NM,11,31,470.5949279166667,397.0
LED450NM,11,32,474.4557721875,388.0
LED450NM,11,33,473.6087138541667,400.0
LED450NM,11,34,478.449226875,394.0
LED450NM,11,35,477.14760583333333,401.0
LED450NM,11,36,477.810860625,402.0
LED450NM,11,37,480.671825,402.0
LED450NM,11,38,484.08500583333335,403.0
LED450NM,11,39,486.22443,403.0
LED450NM,11,40,486.861604375,403.0
LED450NM,11,41,492.4579440625,406.0
LED450NM,11,42,497.8375696875,401.0
LED450NM,11,43,498.9185860416667,407.0
LED450NM,11,44,502.4569079166667,409.0
LED450NM,11,45,502.7087895833333,408.0
LED450NM,11,46,503.2998873958333,408.0
LED450NM,11,47,505.1511678125,408.0
LED450NM,11,48,509.71009833333335,411.0
LED450NM,11,49,512.8393261458333,413.0
LED450NM,11,50,514.2523508333334,412.0
LED450NM,11,51,517.3624279166667,407.0
LED450NM,11,52,520.7557163541667,404.0
LED450NM,11,53,522.9286347916667,407.0
LED450NM,11,54,521.6732940625,414.0
LED450NM,11,55,523.5934563541666,413.0
LED450NM,11,56,523.2740221875,414.0
LED450NM,11,57,526.07966625,416.0
LED450NM,11,58,527.6485791666667,413.0
LED450NM,11,59,533.0795075,407.0
LED450NM,11,60,535.2558841666666,404.0
LED450NM,11,61,536.465801875,403.0
LED450NM,11,62,535.3539171875,403.0
LED450NM,11,63,539.1461367708333,408.0
LED450NM,11,64,540.4913132291666,407.0
LED450NM,11,65,536.6553936458333,410.0
LED450NM,11,66,537.2400526041666,411.0
LED450NM,11,67,537.1349529166666,412.0
LED450NM,11,68,538.1153865625,406.0
LED450NM,11,69,540.9460823958333,407.0
LED450NM,11,70,545.168093125,409.0
LED450NM,11,71,546.7473771875,405.0
LED450NM,11,72,547.8913413541667,403.0
LED450NM,11,73,544.5756583333333,421.0
LED450NM,11,74,546.3354284375,411.0
LED450NM,11,75,548.7708904166667,406.0
LED450NM,11,76,549.7967726041667,407.0
LED450NM,11,77,551.7753609375,408.0
LED450NM,11,78,553.452936875,407.0
LED450NM,11,79,554.958778125,406.0
LED450NM,11,80,552.76826625,404.0
LED450NM,11,81,555.1851983333333,405.0
LED450NM,11,82,556.0872559375,403.0
LED450NM,11,83,554.5881546875,404.0
LED450NM,11,84,553.4588736458334,423.0
LED450NM,11,85,553.3598478125,423.0
LED450NM,11,86,556.4697080208333,424.0
LED450NM,11,87,558.3263035416667,409.0
LED450NM,11,88,557.0706177083333,405.0
LED450NM,11,89,561.0132519791666,404.0
LED450NM,11,90,562.2121220833334,407.0
LED450NM,11,91,565.0272415625,410.0
LED450NM,11,92,559.3452676041667,407.0
LED450NM,11,93,556.7233482291666,415.0
LED450NM,11,94,560.7906502083333,409.0
LED450NM,11,95,559.1258592708333,424.0
LED450NM,11,96,558.5137091666667,423.0
LED450NM,11,97,557.4672435416667,414.0
LED450NM,11,98,561.389390625,406.0
LED450NM,11,99,561.569495,405.0
LED450NM,11,100,563.010374375,406.0
LED450NM,11,101,558.6856660416667,404.0
LED450NM,11,102,560.3938688541666,402.0
LED450NM,11,103,558.7951459375,402.0
LED450NM,11,104,561.93131125,403.0
LED450NM,11,105,558.481156875,401.0
LED450NM,11,106,558.1531308333333,400.0
LED450NM,11,107,558.8330680208334,400.0
LED450NM,11,108,557.4861723958334,400.0
LED450NM,11,109,557.4950086458333,399.0
LED450NM,11,110,558.8263682291666,400.0
LED450NM,11,111,560.1187969791666,400.0
LED450NM,11,112,559.7325959375,399.0
LED450NM,11,113,560.3649317708333,399.0
LED450NM,11,114,562.8243057291667,400.0
LED450NM,11,115,557.8880270833333,422.0
LED450NM,11,116,555.3908634375,420.0
LED450NM,11,117,555.79289125,420.0
LED450NM,11,118,552.984081875,419.0
LED450NM,11,119,552.1472795833333,418.0
LED450NM,11,120,552.5317315625,419.0
LED450NM,11,121,548.3187853125,417.0
LED450NM,11,122,550.2100852083333,417.0
LED450NM,11,123,548.1292905208334,418.0
LED450NM,11,124,547.0959995833333,417.0
LED450NM,11,125,547.776053125,416.0
LED450NM,11,126,550.2462611458334,417.0
LED450NM,11,127,550.2211392708333,417.0
LED450NM,11,128,548.3376835416667,416.0
LED450NM,11,129,547.33833125,416.0
LED450NM,11,130,547.4487008333333,415.0
LED450NM,11,131,549.5496854166666,417.0
LED450NM,11,132,551.5516045833333,418.0
LED450NM,11,133,549.4660928125,417.0
LED450NM,11,134,547.7386810416667,416.0
LED450NM,11,135,547.9639726041667,415.0
LED450NM,11,136,548.7767594791667,416.0
LED450NM,11,137,547.1756166666667,416.0
LED450NM,11,138,542.0102835416667,415.0
LED450NM,11,139,542.4590617708334,414.0
LED450NM,11,140,541.2291354166666,414.0
LED450NM,11,141,543.7862857291667,415.0
LED450NM,11,142,541.1544280208333,413.0
LED450NM,11,143,538.138880625,411.0
LED450NM,11,144,537.9216792708334,412.0
LED450NM,11,145,539.4820217708333,412.0
LED450NM,11,146,540.8921313541666,412.0
LED450NM,11,147,530.2294647916667,409.0
LED450NM,11,148,531.2892353125,410.0
LED450NM,11,149,531.6436225,409.0
LED450NM,11,150,531.6353091666666,410.0
LED450NM,11,151,530.9496525,408.0
LED450NM,11,152,531.8028019791667,409.0
LED450NM,11,153,531.8362152083333,409.0
LED450NM,11,154,531.7128378125,408.0
LED450NM,11,155,532.1128458333334,409.0
LED450NM,11,156,530.547293125,407.0
LED450NM,11,157,528.9560540625,406.0
LED450NM,11,158,531.3507140625,408.0
LED450NM,11,159,531.4373795833334,408.0
LED450NM,11,160,528.5276203125,406.0
LED450NM,11,161,525.1223002083333,402.0
LED450NM,11,162,523.7970628125,400.0
LED450NM,11,163,522.5710173958333,402.0
LED450NM,11,164,524.2889921875,402.0
LED450NM,11,165,524.161989375,402.0
LED450NM,11,166,524.7814159375,403.0
LED450NM,11,167,524.0974491666667,402.0
LED450NM,11,168,523.54468875,401.0
LED450NM,11,169,522.4404973958333,400.0
LED450NM,11,170,520.1028923958334,398.0
LED450NM,11,171,517.2871094791667,398.0
LED450NM,11,172,519.268345625,399.0
LED450NM,11,173,518.3903330208333,399.0
LED450NM,11,174,517.3430626041667,398.0
LED450NM,11,175,518.16177,398.0
LED450NM,11,176,519.1710690625,399.0
LED450NM,11,177,518.925306875,399.0
LED450NM,11,178,518.8231713541667,399.0
LED450NM,11,179,520.97180375,400.0
LED450NM,11,180,519.9917454166666,400.0
LED450NM,11,181,520.129263125,400.0
LED450NM,11,182,519.6342967708333,400.0
LED450NM,11,183,516.7283858333333,398.0
LED450NM,11,184,517.6009940625,399.0
LED450NM,11,185,515.2408119791667,397.0
LED450NM,11,186,515.383965,398.0
LED450NM,11,187,515.6631902083334,398.0
LED450NM,11,188,513.5279305208334,398.0
LED450NM,11,189,512.6557651041667,398.0
LED450NM,11,190,510.3724089583333,397.0
LED450NM,11,191,509.34635375,397.0
LED450NM,11,192,507.1742229166667,396.0
LED450NM,11,193,505.67959083333335,395.0
LED450NM,11,194,505.3672159375,395.0
LED450NM,12,0,371.72951770833333,362.0
LED450NM,12,1,371.4955366666667,361.0
LED450NM,12,2,370.9361065625,361.0
LED450NM,12,3,371.51199083333336,361.0
LED450NM,12,4,371.13483791666664,361.0
LED450NM,12,5,371.8588759375,361.0
LED450NM,12,6,372.859500625,362.0
LED450NM,12,7,375.410465,363.0
LED450NM,12,8,378.87894989583333,365.0
LED450NM,12,9,381.79684104166665,365.0
LED450NM,12,10,385.8375498958333,367.0
LED450NM,12,11,387.9557251041667,368.0
LED450NM,12,12,391.12515041666666,369.0
LED450NM,12,13,395.2234740625,367.0
LED450NM,12,14,398.1773928125,372.0
LED450NM,12,15,401.88038270833334,368.0
LED450NM,12,16,403.7022959375,373.0
LED450NM,12,17,405.87947072916666,374.0
LED450NM,12,18,407.0125684375,373.0
LED450NM,12,19,408.31040520833335,374.0
LED450NM,12,20,409.89867583333336,374.0
LED450NM,12,21,411.4962021875,374.0
LED450NM,12,22,412.633271875,373.0
LED450NM,12,23,414.17582760416667,371.0
LED450NM,12,24,414.8254761458333,372.0
LED450NM,12,25,416.36484333333334,378.0
LED450NM,12,26,415.5641322916667,377.0
LED450NM,12,27,417.6642071875,372.0
LED450NM,12,28,417.5721203125,378.0
LED450NM,12,29,419.6275661458333,375.0
LED450NM,12,30,419.9972784375,375.0
LED450NM,12,31,420.6501415625,378.0
LED450NM,12,32,421.30858375,372.0
LED450NM,12,33,419.4396658333333,377.0
LED450NM,12,34,421.12465427083333,373.0
LED450NM,12,35,421.52141458333335,377.0
LED450NM,12,36,422.5806264583333,378.0
LED450NM,12,37,422.371125,377.0
LED450NM,12,38,423.9793869791667,378.0
LED450NM,12,39,423.8701386458333,377.0
LED450NM,12,40,424.9392371875,377.0
LED450NM,12,41,426.06316416666664,377.0
LED450NM,12,42,427.70219135416664,374.0
LED450NM,12,43,426.95522447916665,378.0
LED450NM,12,44,427.4397945833333,377.0
LED450NM,12,45,428.21290416666665,377.0
LED450NM,12,46,428.9043748958333,377.0
LED450NM,12,47,429.7376075,377.0
LED450NM,12,48,431.5650188541667,377.0
LED450NM,12,49,433.1364234375,379.0
LED450NM,12,50,434.82579354166666,380.0
LED450NM,12,51,432.9218315625,374.0
LED450NM,12,52,434.4333271875,373.0
LED450NM,12,53,433.86288041666666,375.0
LED450NM,12,54,435.16873125,378.0
LED450NM,12,55,435.3987582291667,378.0
LED450NM,12,56,434.79804927083336,376.0
LED450NM,12,57,435.51672260416666,378.0
LED450NM,12,58,437.38036791666667,377.0
LED450NM,12,59,441.64524625,374.0
LED450NM,12,60,441.9280167708333,373.0
LED450NM,12,61,439.7979830208333,371.0
LED450NM,12,62,438.0406975,371.0
LED450NM,12,63,438.10342364583335,372.0
LED450NM,12,64,438.4841054166667,372.0
LED450NM,12,65,437.78470354166666,374.0
LED450NM,12,66,438.2803890625,373.0
LED450NM,12,67,436.14145395833333,374.0
LED450NM,12,68,437.52785885416665,371.0
LED450NM,12,69,436.6733201041667,371.0
LED450NM,12,70,436.25000885416665,370.0
LED450NM,12,71,434.60412,368.0
LED450NM,12,72,432.50308979166664,367.0
LED450NM,12,73,432.2245813541667,375.0
LED450NM,12,74,435.12421989583333,375.0
LED450NM,12,75,432.004673125,374.0
LED450NM,12,76,431.94233541666665,368.0
LED450NM,12,77,433.1383684375,369.0
LED450NM,12,78,433.4373777083333,368.0
LED450NM,12,79,432.6965103125,367.0
LED450NM,12,80,435.03810125,367.0
LED450NM,12,81,434.68923270833335,366.0
LED450NM,12,82,434.26085739583334,365.0
LED450NM,12,83,434.569404375,366.0
LED450NM,12,84,433.5214788541667,373.0
LED450NM,12,85,433.4410815625,373.0
LED450NM,12,86,431.4841340625,372.0
LED450NM,12,87,434.0975803125,368.0
LED450NM,12,88,434.2439682291667,366.0
LED450NM,12,89,432.24835760416664,364.0
LED450NM,12,90,432.2733246875,366.0
LED450NM,12,91,431.4480703125,366.0
LED450NM,12,92,433.497390625,367.0
LED450NM,12,93,430.06294260416666,368.0
LED450NM,12,94,430.75916520833334,367.0
LED450NM,12,95,429.7031936458333,372.0
LED450NM,12,96,430.2718319791667,372.0
LED450NM,12,97,430.5070508333333,370.0
LED450NM,12,98,430.45650947916664,365.0
LED450NM,12,99,430.47170229166665,365.0
LED450NM,12,100,430.95475020833334,365.0
LED450NM,12,101,431.100036875,364.0
LED450NM,12,102,430.0538764583333,364.0
LED450NM,12,103,428.421226875,363.0
LED450NM,12,104,429.96725322916666,364.0
LED450NM,12,105,429.4170066666667,363.0
LED450NM,12,106,428.1577045833333,363.0
LED450NM,12,107,428.01931875,362.0
LED450NM,12,108,427.1159129166667,361.0
LED450NM,12,109,428.8898858333333,362.0
LED450NM,12,110,429.8806289583333,363.0
LED450NM,12,111,428.1402772916667,362.0
LED450NM,12,112,428.78938010416664,362.0
LED450NM,12,113,428.5893065625,361.0
LED450NM,12,114,429.20087635416667,362.0
LED450NM,12,115,427.65197052083334,369.0
LED450NM,12,116,425.74609458333333,369.0
LED450NM,12,117,425.15335864583335,368.0
LED450NM,12,118,425.14640135416664,368.0
LED450NM,12,119,424.6214436458333,367.0
LED450NM,12,120,425.0170213541667,367.0
LED450NM,12,121,425.986371875,368.0
LED450NM,12,122,425.71289125,367.0
LED450NM,12,123,427.11925510416665,368.0
LED450NM,12,124,428.7142221875,369.0
LED450NM,12,125,428.85317760416666,368.0
LED450NM,12,126,426.2972945833333,368.0
LED450NM,12,127,426.5489934375,367.0
LED450NM,12,128,426.5365639583333,367.0
LED450NM,12,129,428.0350157291667,368.0
LED450NM,12,130,425.7324496875,367.0
LED450NM,12,131,427.61011270833336,368.0
LED450NM,12,132,428.60417989583334,368.0
LED450NM,12,133,428.5658139583333,368.0
LED450NM,12,134,427.40300229166667,367.0
LED450NM,12,135,427.1787188541667,366.0
LED450NM,12,136,427.8702583333333,367.0
LED450NM,12,137,427.88282979166667,368.0
LED450NM,12,138,426.79866583333336,367.0
LED450NM,12,139,427.025556875,366.0
LED450NM,12,140,427.9168491666667,367.0
LED450NM,12,141,427.2322252083333,367.0
LED450NM,12,142,426.547853125,367.0
LED450NM,12,143,424.09746708333336,366.0
LED450NM,12,144,424.4052953125,366.0
LED450NM,12,145,423.26172177083333,366.0
LED450NM,12,146,421.6987415625,366.0
LED450NM,12,147,421.78948072916666,366.0
LED450NM,12,148,423.4036970833333,367.0
LED450NM,12,149,421.4005328125,366.0
LED450NM,12,150,421.2186069791667,366.0
LED450NM,12,151,419.50036416666666,365.0
LED450NM,12,152,420.12303364583335,365.0
LED450NM,12,153,418.8702957291667,365.0
LED450NM,12,154,418.3753702083333,365.0
LED450NM,12,155,416.8574367708333,364.0
LED450NM,12,156,415.09381510416665,363.0
LED450NM,12,157,413.5923761458333,362.0
LED450NM,12,158,415.13913729166666,364.0
LED450NM,12,159,414.0163010416667,363.0
LED450NM,12,160,413.9755326041667,363.0
LED450NM,12,161,412.1250096875,361.0
LED450NM,12,162,411.3027354166667,359.0
LED450NM,12,163,412.3618173958333,361.0
LED450NM,12,164,412.4072316666667,361.0
LED450NM,12,165,412.1304221875,361.0
LED450NM,12,166,413.7231548958333,362.0
LED450NM,12,167,414.406919375,361.0
LED450NM,12,168,413.5095907291667,360.0
LED450NM,12,169,413.1474775,360.0
LED450NM,12,170,413.0580834375,360.0
LED450NM,12,171,413.27741114583336,359.0
LED450NM,12,172,413.91327885416666,360.0
LED450NM,12,173,414.01122458333333,360.0
LED450NM,12,174,413.4515615625,359.0
LED450NM,12,175,414.57352875,359.0
LED450NM,12,176,414.4686965625,360.0
LED450NM,12,177,412.415524375,359.0
LED450NM,12,178,412.384375,360.0
LED450NM,12,179,413.800146875,361.0
LED450NM,12,180,414.2542288541667,361.0
LED450NM,12,181,414.02839604166667,361.0
LED450NM,12,182,414.76870625,362.0
LED450NM,12,183,414.3383765625,361.0
LED450NM,12,184,413.39802041666667,360.0
LED450NM,12,185,413.61564927083333,360.0
LED450NM,12,186,413.158946875,361.0
LED450NM,12,187,412.3658426041667,360.0
LED450NM,12,188,413.079590625,361.0
LED450NM,12,189,414.1906215625,361.0
LED450NM,12,190,414.05636239583333,360.0
LED450NM,12,191,412.67059458333335,360.0
LED450NM,12,192,413.37328041666666,360.0
LED450NM,12,193,413.6752357291667,359.0
LED450NM,12,194,413.6486021875,359.0
LED450NM,13,0,377.9091688541667,369.0
LED450NM,13,1,377.75968385416667,368.0
LED450NM,13,2,377.2553364583333,368.0
LED450NM,13,3,379.082928125,369.0
LED450NM,13,4,380.802761875,370.0
LED450NM,13,5,381.91592729166666,370.0
LED450NM,13,6,384.89411125,372.0
LED450NM,13,7,387.56349166666666,373.0
LED450NM,13,8,393.0732972916667,376.0
LED450NM,13,9,396.2056078125,376.0
LED450NM,13,10,400.8325878125,378.0
LED450NM,13,11,404.32138583333335,379.0
LED450NM,13,12,408.2679863541667,381.0
LED450NM,13,13,414.6551620833333,379.0
LED450NM,13,14,418.5151396875,385.0
LED450NM,13,15,423.5002736458333,380.0
LED450NM,13,16,423.6584178125,386.0
LED450NM,13,17,425.66132322916667,387.0
LED450NM,13,18,428.6738397916667,385.0
LED450NM,13,19,429.55499760416666,388.0
LED450NM,13,20,432.35086958333335,388.0
LED450NM,13,21,434.5757566666667,388.0
LED450NM,13,22,437.50061489583334,388.0
LED450NM,13,23,439.86980895833335,385.0
LED450NM,13,24,441.8671415625,387.0
LED450NM,13,25,441.6266025,393.0
LED450NM,13,26,442.40732354166664,389.0
LED450NM,13,27,445.4027934375,387.0
LED450NM,13,28,443.57729895833336,393.0
LED450NM,13,29,446.04898833333334,390.0
LED450NM,13,30,446.0776270833333,392.0
LED450NM,13,31,447.7517284375,393.0
LED450NM,13,32,447.680680625,389.0
LED450NM,13,33,447.82306520833333,393.0
LED450NM,13,34,452.0036802083333,389.0
LED450NM,13,35,451.32593770833336,394.0
LED450NM,13,36,452.933551875,394.0
LED450NM,13,37,452.5067111458333,393.0
LED450NM,13,38,455.0194877083333,394.0
LED450NM,13,39,453.4055713541667,393.0
LED450NM,13,40,454.3247634375,393.0
LED450NM,13,41,457.61940760416667,390.0
LED450NM,13,42,458.8578753125,393.0
LED450NM,13,43,460.0030276041667,395.0
LED450NM,13,44,459.78850625,394.0
LED450NM,13,45,461.3913032291667,394.0
LED450NM,13,46,463.94881458333333,394.0
LED450NM,13,47,463.8568465625,394.0
LED450NM,13,48,466.140503125,394.0
LED450NM,13,49,469.2073840625,397.0
LED450NM,13,50,469.2271079166667,396.0
LED450NM,13,51,469.5614341666667,389.0
LED450NM,13,52,469.7260330208333,387.0
LED450NM,13,53,467.63212927083333,390.0
LED450NM,13,54,470.1318040625,395.0
LED450NM,13,55,469.6767817708333,394.0
LED450NM,13,56,468.334096875,392.0
LED450NM,13,57,470.958355625,394.0
LED450NM,13,58,471.92709083333335,393.0
LED450NM,13,59,475.3223896875,389.0
LED450NM,13,60,475.0133053125,387.0
LED450NM,13,61,474.33543104166665,385.0
LED450NM,13,62,475.90922052083334,387.0
LED450NM,13,63,476.9841603125,388.0
LED450NM,13,64,478.10219197916666,387.0
LED450NM,13,65,476.8452977083333,391.0
LED450NM,13,66,476.864305625,390.0
LED450NM,13,67,476.0112709375,389.0
LED450NM,13,68,476.42843822916666,387.0
LED450NM,13,69,479.1615432291667,388.0
LED450NM,13,70,478.4260091666667,386.0
LED450NM,13,71,478.75319322916664,384.0
LED450NM,13,72,478.83543552083336,384.0
LED450NM,13,73,476.9272263541667,394.0
LED450NM,13,74,478.3550334375,388.0
LED450NM,13,75,476.8563878125,394.0
LED450NM,13,76,476.99105104166665,385.0
LED450NM,13,77,477.8200704166667,386.0
LED450NM,13,78,479.51263385416667,385.0
LED450NM,13,79,478.4332834375,384.0
LED450NM,13,80,479.32651625,383.0
LED450NM,13,81,478.0972103125,383.0
LED450NM,13,82,478.88022020833336,383.0
LED450NM,13,83,479.15302260416667,383.0
LED450NM,13,84,478.48398333333336,392.0
LED450NM,13,85,479.1908041666667,393.0
LED450NM,13,86,479.25861510416667,392.0
LED450NM,13,87,481.6329125,385.0
LED450NM,13,88,481.0598701041667,382.0
LED450NM,13,89,479.7975717708333,381.0
LED450NM,13,90,480.74485833333335,382.0
LED450NM,13,91,481.0792216666667,385.0
LED450NM,13,92,481.6153755208333,384.0
LED450NM,13,93,478.8895290625,391.0
LED450NM,13,94,481.2624278125,385.0
LED450NM,13,95,483.0075040625,393.0
LED450NM,13,96,482.8687839583333,393.0
LED450NM,13,97,482.7974033333333,388.0
LED450NM,13,98,483.8304846875,383.0
LED450NM,13,99,485.16810791666666,383.0
LED450NM,13,100,486.35048239583335,384.0
LED450NM,13,101,487.488775625,383.0
LED450NM,13,102,483.4066829166667,381.0
LED450NM,13,103,480.720403125,380.0
LED450NM,13,104,482.1240576041667,381.0
LED450NM,13,105,482.32879541666665,381.0
LED450NM,13,106,484.00955833333336,381.0
LED450NM,13,107,481.5120353125,380.0
LED450NM,13,108,479.65097697916667,379.0
LED450NM,13,109,479.7917365625,380.0
LED450NM,13,110,481.581978125,380.0
LED450NM,13,111,479.2388579166667,378.0
LED450NM,13,112,477.7732630208333,378.0
LED450NM,13,113,477.84017229166665,378.0
LED450NM,13,114,480.99118864583335,380.0
LED450NM,13,115,476.1870761458333,389.0
LED450NM,13,116,474.0351955208333,388.0
LED450NM,13,117,475.7018501041667,388.0
LED450NM,13,118,474.18138635416665,387.0
LED450NM,13,119,471.1385558333333,387.0
LED450NM,13,120,472.97933927083335,388.0
LED450NM,13,121,471.42329083333334,387.0
LED450NM,13,122,469.0238234375,386.0
LED450NM,13,123,469.568016875,387.0
LED450NM,13,124,469.35598270833333,387.0
LED450NM,13,125,468.28206479166664,386.0
LED450NM,13,126,466.5890616666667,385.0
LED450NM,13,127,467.90279635416664,386.0
LED450NM,13,128,466.95180885416664,385.0
LED450NM,13,129,467.2742605208333,385.0
LED450NM,13,130,467.12803041666666,385.0
LED450NM,13,131,468.75025427083335,386.0
LED450NM,13,132,468.2614615625,386.0
LED450NM,13,133,466.85599270833336,386.0
LED450NM,13,134,467.27207635416664,385.0
LED450NM,13,135,468.19959885416665,385.0
LED450NM,13,136,467.91061885416667,386.0
LED450NM,13,137,466.78909822916665,386.0
LED450NM,13,138,466.2344182291667,386.0
LED450NM,13,139,463.29427760416667,385.0
LED450NM,13,140,463.5677859375,384.0
LED450NM,13,141,464.1070114583333,384.0
LED450NM,13,142,464.5194126041667,385.0
LED450NM,13,143,465.3562726041667,385.0
LED450NM,13,144,464.33635395833335,384.0
LED450NM,13,145,465.88252197916665,385.0
LED450NM,13,146,466.7288389583333,386.0
LED450NM,13,147,466.016891875,385.0
LED450NM,13,148,465.7375954166667,386.0
LED450NM,13,149,464.8900563541667,385.0
LED450NM,13,150,466.43239302083333,386.0
LED450NM,13,151,464.2545533333333,384.0
LED450NM,13,152,463.97720208333334,384.0
LED450NM,13,153,463.6191329166667,384.0
LED450NM,13,154,464.4389904166667,384.0
LED450NM,13,155,462.6320659375,384.0
LED450NM,13,156,461.5586489583333,382.0
LED450NM,13,157,459.800345,382.0
LED450NM,13,158,460.30717895833334,383.0
LED450NM,13,159,460.450506875,383.0
LED450NM,13,160,460.22356322916664,383.0
LED450NM,13,161,456.6773889583333,379.0
LED450NM,13,162,456.1185708333333,378.0
LED450NM,13,163,456.2668417708333,379.0
LED450NM,13,164,457.88308302083334,380.0
LED450NM,13,165,456.42191739583336,380.0
LED450NM,13,166,457.81267364583334,381.0
LED450NM,13,167,458.3101320833333,381.0
LED450NM,13,168,456.4720452083333,379.0
LED450NM,13,169,456.7508796875,379.0
LED450NM,13,170,457.4169071875,379.0
LED450NM,13,171,457.1720564583333,379.0
LED450NM,13,172,457.6559159375,379.0
LED450NM,13,173,456.02779166666664,378.0
LED450NM,13,174,455.33883979166666,378.0
LED450NM,13,175,454.2902252083333,378.0
LED450NM,13,176,454.3225410416667,378.0
LED450NM,13,177,452.568563125,378.0
LED450NM,13,178,453.5822372916667,379.0
LED450NM,13,179,454.9033728125,379.0
LED450NM,13,180,455.14637927083334,380.0
LED450NM,13,181,456.2622591666667,381.0
LED450NM,13,182,456.2224890625,381.0
LED450NM,13,183,455.401793125,380.0
LED450NM,13,184,455.1503086458333,380.0
LED450NM,13,185,453.4487498958333,378.0
LED450NM,13,186,453.4369491666667,379.0
LED450NM,13,187,453.5661284375,379.0
LED450NM,13,188,453.9723546875,380.0
LED450NM,13,189,454.726145,380.0
LED450NM,13,190,453.0924236458333,379.0
LED450NM,13,191,452.54193510416667,378.0
LED450NM,13,192,452.8325607291667,379.0
LED450NM,13,193,452.5651720833333,378.0
LED450NM,13,194,450.8777420833333,378.0
LED450NM,14,0,378.35124739583335,368.0
LED450NM,14,1,377.99925145833333,367.0
LED450NM,14,2,377.8592269791667,367.0
LED450NM,14,3,375.0735128125,367.0
LED450NM,14,4,376.5598959375,368.0
LED450NM,14,5,377.6856785416667,368.0
LED450NM,14,6,378.90258479166664,368.0
LED450NM,14,7,382.19916885416666,370.0
LED450NM,14,8,387.0195591666667,372.0
LED450NM,14,9,389.0895552083333,372.0
LED450NM,14,10,393.07923208333335,374.0
LED450NM,14,11,396.8285580208333,375.0
LED450NM,14,12,399.69023760416667,376.0
LED450NM,14,13,405.00692614583335,374.0
LED450NM,14,14,408.14892645833334,380.0
LED450NM,14,15,411.7139702083333,375.0
LED450NM,14,16,413.3042890625,381.0
LED450NM,14,17,416.1874953125,382.0
LED450NM,14,18,417.83568729166666,380.0
LED450NM,14,19,418.90207177083334,381.0
LED450NM,14,20,421.714434375,383.0
LED450NM,14,21,425.04602666666665,383.0
LED450NM,14,22,427.596115625,384.0
LED450NM,14,23,429.7620509375,384.0
LED450NM,14,24,431.84953708333336,382.0
LED450NM,14,25,431.83351489583333,388.0
LED450NM,14,26,434.47908010416666,387.0
LED450NM,14,27,436.73903739583335,383.0
LED450NM,14,28,435.6778519791667,389.0
LED450NM,14,29,438.5937833333333,386.0
LED450NM,14,30,439.62903604166667,387.0
LED450NM,14,31,441.7061239583333,389.0
LED450NM,14,32,441.85702614583334,385.0
LED450NM,14,33,440.93822885416665,390.0
LED450NM,14,34,445.1187388541667,388.0
LED450NM,14,35,445.17646395833333,391.0
LED450NM,14,36,445.38440729166666,391.0
LED450NM,14,37,445.62437697916664,390.0
LED450NM,14,38,448.29474572916666,391.0
LED450NM,14,39,448.0807559375,390.0
LED450NM,14,40,449.05215583333336,390.0
LED450NM,14,41,452.8111173958333,388.0
LED450NM,14,42,453.8885085416667,392.0
LED450NM,14,43,453.6642790625,391.0
LED450NM,14,44,453.8781583333333,391.0
LED450NM,14,45,454.11460854166666,391.0
LED450NM,14,46,454.69074385416667,390.0
LED450NM,14,47,455.12887010416665,390.0
LED450NM,14,48,456.8608775,391.0
LED450NM,14,49,459.49361239583334,393.0
LED450NM,14,50,459.5671821875,392.0
LED450NM,14,51,463.1466725,388.0
LED450NM,14,52,462.1242490625,387.0
LED450NM,14,53,463.09045385416664,388.0
LED450NM,14,54,464.84633083333335,393.0
LED450NM,14,55,465.8529078125,392.0
LED450NM,14,56,464.53795145833334,388.0
LED450NM,14,57,465.96710125,391.0
LED450NM,14,58,468.010115,388.0
LED450NM,14,59,470.57777135416666,387.0
LED450NM,14,60,471.794071875,385.0
LED450NM,14,61,472.08627333333334,384.0
LED450NM,14,62,473.4201186458333,384.0
LED450NM,14,63,474.67530895833335,386.0
LED450NM,14,64,475.2572695833333,385.0
LED450NM,14,65,474.0481003125,388.0
LED450NM,14,66,473.6874025,392.0
LED450NM,14,67,474.7815802083333,387.0
LED450NM,14,68,476.2125266666667,385.0
LED450NM,14,69,480.62367708333335,386.0
LED450NM,14,70,480.68673458333336,385.0
LED450NM,14,71,481.40824614583335,384.0
LED450NM,14,72,479.5098409375,382.0
LED450NM,14,73,477.440339375,391.0
LED450NM,14,74,482.3158222916667,387.0
LED450NM,14,75,479.4657884375,392.0
LED450NM,14,76,480.20513177083336,384.0
LED450NM,14,77,482.37769395833334,385.0
LED450NM,14,78,482.8948025,385.0
LED450NM,14,79,483.14841447916666,384.0
LED450NM,14,80,484.48927822916664,383.0
LED450NM,14,81,484.78028239583335,382.0
LED450NM,14,82,484.36318864583336,381.0
LED450NM,14,83,482.536090625,382.0
LED450NM,14,84,479.7766738541667,391.0
LED450NM,14,85,482.9110167708333,392.0
LED450NM,14,86,483.92705677083336,392.0
LED450NM,14,87,486.96070375,385.0
LED450NM,14,88,486.4820065625,383.0
LED450NM,14,89,484.21460760416664,382.0
LED450NM,14,90,485.64584302083335,382.0
LED450NM,14,91,485.38386177083333,384.0
LED450NM,14,92,485.61706864583334,384.0
LED450NM,14,93,482.92316302083333,391.0
LED450NM,14,94,485.25880416666666,384.0
LED450NM,14,95,482.2618272916667,392.0
LED450NM,14,96,482.37705458333335,391.0
LED450NM,14,97,483.81744802083335,387.0
LED450NM,14,98,484.22981177083335,382.0
LED450NM,14,99,485.74615604166667,382.0
LED450NM,14,100,484.4001571875,382.0
LED450NM,14,101,481.0283959375,380.0
LED450NM,14,102,478.7530226041667,379.0
LED450NM,14,103,477.0865072916667,379.0
LED450NM,14,104,481.4574878125,381.0
LED450NM,14,105,481.91102854166667,380.0
LED450NM,14,106,481.52705291666666,379.0
LED450NM,14,107,482.182165,379.0
LED450NM,14,108,483.8923902083333,379.0
LED450NM,14,109,482.325895625,379.0
LED450NM,14,110,483.0631085416667,379.0
LED450NM,14,111,481.8217434375,378.0
LED450NM,14,112,481.0862975,378.0
LED450NM,14,113,482.0822259375,378.0
LED450NM,14,114,480.6522475,378.0
LED450NM,14,115,476.92829270833334,388.0
LED450NM,14,116,476.2256386458333,387.0
LED450NM,14,117,477.17378322916665,387.0
LED450NM,14,118,477.99692677083334,387.0
LED450NM,14,119,476.3497234375,386.0
LED450NM,14,120,477.07619125,387.0
LED450NM,14,121,475.4268111458333,386.0
LED450NM,14,122,473.94921125,386.0
LED450NM,14,123,474.78893229166664,386.0
LED450NM,14,124,474.589696875,386.0
LED450NM,14,125,473.5219017708333,386.0
LED450NM,14,126,473.4265902083333,385.0
LED450NM,14,127,473.937840625,386.0
LED450NM,14,128,473.50224375,385.0
LED450NM,14,129,474.69712854166664,386.0
LED450NM,14,130,469.7512121875,384.0
LED450NM,14,131,471.8059953125,385.0
LED450NM,14,132,474.3037004166667,386.0
LED450NM,14,133,474.2874909375,386.0
LED450NM,14,134,473.2815860416667,385.0
LED450NM,14,135,473.14128447916664,385.0
LED450NM,14,136,473.729378125,386.0
LED450NM,14,137,475.10466520833336,386.0
LED450NM,14,138,474.41754802083335,386.0
LED450NM,14,139,473.8739496875,385.0
LED450NM,14,140,475.26805989583335,386.0
LED450NM,14,141,473.45949833333333,385.0
LED450NM,14,142,473.8770890625,385.0
LED450NM,14,143,474.7214079166667,386.0
LED450NM,14,144,473.455630625,384.0
LED450NM,14,145,474.651190625,385.0
LED450NM,14,146,476.0835703125,386.0
LED450NM,14,147,477.04809708333335,386.0
LED450NM,14,148,475.8366503125,385.0
LED450NM,14,149,474.4902941666667,385.0
LED450NM,14,150,475.66874729166665,385.0
LED450NM,14,151,473.2986628125,383.0
LED450NM,14,152,474.4745409375,384.0
LED450NM,14,153,475.40609770833333,384.0
LED450NM,14,154,476.01845791666665,384.0
LED450NM,14,155,478.04308802083335,385.0
LED450NM,14,156,476.6632853125,383.0
LED450NM,14,157,476.90677166666666,383.0
LED450NM,14,158,477.41476375,384.0
LED450NM,14,159,477.94641583333333,384.0
LED450NM,14,160,478.5158332291667,384.0
LED450NM,14,161,472.4525548958333,380.0
LED450NM,14,162,472.77540885416664,379.0
LED450NM,14,163,475.6657084375,381.0
LED450NM,14,164,475.78164583333336,382.0
LED450NM,14,165,474.4017475,381.0
LED450NM,14,166,475.26465229166666,383.0
LED450NM,14,167,473.3995459375,382.0
LED450NM,14,168,472.9482417708333,381.0
LED450NM,14,169,471.6427415625,380.0
LED450NM,14,170,471.38533333333334,380.0
LED450NM,14,171,471.2999697916667,380.0
LED450NM,14,172,472.203455625,381.0
LED450NM,14,173,472.2416286458333,380.0
LED450NM,14,174,472.14805552083334,379.0
LED450NM,14,175,473.2521015625,380.0
LED450NM,14,176,473.9295147916667,380.0
LED450NM,14,177,474.11015614583334,380.0
LED450NM,14,178,473.2728529166667,380.0
LED450NM,14,179,473.0607870833333,381.0
LED450NM,14,180,473.8817916666667,381.0
LED450NM,14,181,474.9841279166667,382.0
LED450NM,14,182,474.64604770833336,382.0
LED450NM,14,183,474.45653635416664,381.0
LED450NM,14,184,473.2757339583333,380.0
LED450NM,14,185,472.52906947916665,380.0
LED450NM,14,186,474.1447146875,381.0
LED450NM,14,187,474.79031104166666,380.0
LED450NM,14,188,475.3536172916667,381.0
LED450NM,14,189,476.1114190625,382.0
LED450NM,14,190,475.6450933333333,381.0
LED450NM,14,191,476.04432072916666,381.0
LED450NM,14,192,475.52818552083335,381.0
LED450NM,14,193,475.094851875,380.0
LED450NM,14,194,476.0611786458333,381.0
LED450NM,15,0,372.26274333333333,365.0
LED450NM,15,1,372.52508197916666,365.0
LED450NM,15,2,372.3027336458333,365.0
LED450NM,15,3,374.23037135416666,366.0
LED450NM,15,4,376.4444201041667,367.0
LED450NM,15,5,377.14844677083335,367.0
LED450NM,15,6,379.7667525,369.0
LED450NM,15,7,383.2412813541667,371.0
LED450NM,15,8,388.75248239583334,373.0
LED450NM,15,9,391.34402260416664,373.0
LED450NM,15,10,396.7661721875,376.0
LED450NM,15,11,401.574504375,378.0
LED450NM,15,12,405.517034375,379.0
LED450NM,15,13,411.8640560416667,377.0
LED450NM,15,14,415.56593510416667,383.0
LED450NM,15,15,420.55720229166667,378.0
LED450NM,15,16,422.3200614583333,385.0
LED450NM,15,17,425.0879878125,386.0
LED450NM,15,18,427.74894197916666,384.0
LED450NM,15,19,429.67204114583336,387.0
LED450NM,15,20,430.5679809375,388.0
LED450NM,15,21,433.9232275,387.0
LED450NM,15,22,436.45815885416664,389.0
LED450NM,15,23,439.1696628125,385.0
LED450NM,15,24,442.64204041666665,386.0
LED450NM,15,25,442.63818875,393.0
LED450NM,15,26,445.00644625,393.0
LED450NM,15,27,448.12983729166666,387.0
LED450NM,15,28,447.84139677083334,395.0
LED450NM,15,29,449.34155614583335,395.0
LED450NM,15,30,451.63961927083335,394.0
LED450NM,15,31,453.2144267708333,393.0
LED450NM,15,32,454.9374990625,388.0
LED450NM,15,33,453.6141845833333,395.0
LED450NM,15,34,456.22554875,392.0
LED450NM,15,35,456.2901253125,396.0
LED450NM,15,36,457.29197135416666,396.0
LED450NM,15,37,457.634521875,395.0
LED450NM,15,38,458.94815447916665,396.0
LED450NM,15,39,458.5807109375,394.0
LED450NM,15,40,459.77050260416667,395.0
LED450NM,15,41,461.47091239583335,397.0
LED450NM,15,42,463.4917566666667,396.0
LED450NM,15,43,463.91898291666666,397.0
LED450NM,15,44,464.975673125,397.0
LED450NM,15,45,465.03433010416666,396.0
LED450NM,15,46,466.3352378125,397.0
LED450NM,15,47,465.2982976041667,396.0
LED450NM,15,48,466.84697864583336,397.0
LED450NM,15,49,466.23018291666665,397.0
LED450NM,15,50,467.8726502083333,398.0
LED450NM,15,51,469.83349385416665,392.0
LED450NM,15,52,469.8638063541667,391.0
LED450NM,15,53,470.26202510416664,392.0
LED450NM,15,54,471.64652260416665,397.0
LED450NM,15,55,472.7007614583333,397.0
LED450NM,15,56,471.9563121875,393.0
LED450NM,15,57,472.3436091666667,396.0
LED450NM,15,58,474.0942827083333,394.0
LED450NM,15,59,475.8469852083333,391.0
LED450NM,15,60,476.2219169791667,389.0
LED450NM,15,61,475.71751677083336,388.0
LED450NM,15,62,477.8343426041667,389.0
LED450NM,15,63,478.0646370833333,390.0
LED450NM,15,64,480.5427346875,390.0
LED450NM,15,65,479.2866048958333,392.0
LED450NM,15,66,479.77397302083335,397.0
LED450NM,15,67,482.2686502083333,392.0
LED450NM,15,68,482.47621239583333,390.0
LED450NM,15,69,483.7274192708333,391.0
LED450NM,15,70,483.77981083333333,390.0
LED450NM,15,71,485.4155464583333,388.0
LED450NM,15,72,484.46113104166665,387.0
LED450NM,15,73,483.28493833333334,397.0
LED450NM,15,74,486.74215135416665,391.0
LED450NM,15,75,484.6007371875,397.0
LED450NM,15,76,485.7889014583333,388.0
LED450NM,15,77,487.1356235416667,389.0
LED450NM,15,78,488.084056875,388.0
LED450NM,15,79,484.79685458333336,386.0
LED450NM,15,80,483.8763732291667,386.0
LED450NM,15,81,484.25771135416664,385.0
LED450NM,15,82,482.50735208333333,384.0
LED450NM,15,83,483.51371739583334,384.0
LED450NM,15,84,478.62117729166664,394.0
LED450NM,15,85,479.1228484375,394.0
LED450NM,15,86,479.921905,394.0
LED450NM,15,87,483.80966375,387.0
LED450NM,15,88,482.87911583333334,385.0
LED450NM,15,89,482.6531577083333,384.0
LED450NM,15,90,483.2829614583333,385.0
LED450NM,15,91,482.867074375,386.0
LED450NM,15,92,484.2532857291667,388.0
LED450NM,15,93,479.89988385416666,393.0
LED450NM,15,94,483.6717810416667,387.0
LED450NM,15,95,480.66879260416664,394.0
LED450NM,15,96,481.51430197916665,394.0
LED450NM,15,97,481.5280467708333,389.0
LED450NM,15,98,482.53543875,385.0
LED450NM,15,99,483.10646354166664,385.0
LED450NM,15,100,482.38324197916666,384.0
LED450NM,15,101,481.2857171875,383.0
LED450NM,15,102,481.47837145833336,382.0
LED450NM,15,103,481.25418802083334,382.0
LED450NM,15,104,484.8559801041667,384.0
LED450NM,15,105,484.13973427083334,383.0
LED450NM,15,106,484.8841686458333,383.0
LED450NM,15,107,485.4955071875,383.0
LED450NM,15,108,485.571764375,382.0
LED450NM,15,109,487.005770625,383.0
LED450NM,15,110,487.98362625,384.0
LED450NM,15,111,484.6623801041667,382.0
LED450NM,15,112,483.15900427083335,382.0
LED450NM,15,113,484.44171375,382.0
LED450NM,15,114,485.5054057291667,383.0
LED450NM,15,115,481.39547895833334,393.0
LED450NM,15,116,480.7594621875,392.0
LED450NM,15,117,479.72774322916666,392.0
LED450NM,15,118,479.04100270833334,392.0
LED450NM,15,119,478.49974041666667,391.0
LED450NM,15,120,478.0625145833333,391.0
LED450NM,15,121,478.0292729166667,391.0
LED450NM,15,122,478.5263497916667,391.0
LED450NM,15,123,477.7968783333333,391.0
LED450NM,15,124,478.795385625,392.0
LED450NM,15,125,477.6995994791667,391.0
LED450NM,15,126,476.6197909375,390.0
LED450NM,15,127,476.55337552083336,390.0
LED450NM,15,128,476.90906229166666,390.0
LED450NM,15,129,477.12204552083335,391.0
LED450NM,15,130,475.62281114583334,390.0
LED450NM,15,131,476.6295371875,391.0
LED450NM,15,132,476.8343546875,390.0
LED450NM,15,133,477.01754125,390.0
LED450NM,15,134,476.1867596875,390.0
LED450NM,15,135,476.2315370833333,389.0
LED450NM,15,136,476.73553604166665,391.0
LED450NM,15,137,476.6559766666667,391.0
LED450NM,15,138,473.987194375,389.0
LED450NM,15,139,473.701711875,389.0
LED450NM,15,140,472.57051270833335,390.0
LED450NM,15,141,473.4724365625,390.0
LED450NM,15,142,473.41303791666667,390.0
LED450NM,15,143,473.56394552083333,390.0
LED450NM,15,144,472.7012484375,389.0
LED450NM,15,145,473.7887097916667,390.0
LED450NM,15,146,476.24709979166664,391.0
LED450NM,15,147,473.9644734375,390.0
LED450NM,15,148,475.04813708333336,390.0
LED450NM,15,149,475.5676477083333,391.0
LED450NM,15,150,475.986729375,391.0
LED450NM,15,151,474.59585416666664,389.0
LED450NM,15,152,474.2989971875,390.0
LED450NM,15,153,474.6747919791667,390.0
LED450NM,15,154,475.00803989583335,391.0
LED450NM,15,155,475.2553626041667,390.0
LED450NM,15,156,472.5226598958333,389.0
LED450NM,15,157,470.90159416666665,388.0
LED450NM,15,158,467.18692322916667,387.0
LED450NM,15,159,465.51613614583334,387.0
LED450NM,15,160,465.25326479166665,387.0
LED450NM,15,161,459.35964416666667,383.0
LED450NM,15,162,457.1141311458333,381.0
LED450NM,15,163,457.81961229166666,382.0
LED450NM,15,164,458.3876321875,383.0
LED450NM,15,165,457.3692683333333,383.0
LED450NM,15,166,458.51882,383.0
LED450NM,15,167,458.49881885416664,384.0
LED450NM,15,168,457.7050816666667,382.0
LED450NM,15,169,455.40917979166665,381.0
LED450NM,15,170,457.2869123958333,381.0
LED450NM,15,171,457.6508410416667,382.0
LED450NM,15,172,458.5831819791667,382.0
LED450NM,15,173,456.3387416666667,381.0
LED450NM,15,174,456.48563708333336,381.0
LED450NM,15,175,455.4198166666667,381.0
LED450NM,15,176,456.0996060416667,381.0
LED450NM,15,177,456.306839375,381.0
LED450NM,15,178,457.3447575,382.0
LED450NM,15,179,456.94222,382.0
LED450NM,15,180,457.6033835416667,383.0
LED450NM,15,181,458.70257291666667,383.0
LED450NM,15,182,458.9116535416667,384.0
LED450NM,15,183,457.73698,383.0
LED450NM,15,184,458.2830057291667,382.0
LED450NM,15,185,457.42053875,382.0
LED450NM,15,186,456.90944697916666,382.0
LED450NM,15,187,455.84016135416664,382.0
LED450NM,15,188,456.96258854166666,383.0
LED450NM,15,189,457.91070552083335,383.0
LED450NM,15,190,456.9935183333333,382.0
LED450NM,15,191,456.593985625,382.0
LED450NM,15,192,457.12878666666666,382.0
LED450NM,15,193,457.6814994791667,382.0
LED450NM,15,194,458.0811272916667,382.0
LED450NM,16,0,389.50399458333334,383.0
LED450NM,16,1,388.37167791666667,382.0
LED450NM,16,2,389.17964479166665,383.0
LED450NM,16,3,390.63300322916666,384.0
LED450NM,16,4,392.0272890625,384.0
LED450NM,16,5,393.6062776041667,385.0
LED450NM,16,6,396.682999375,387.0
LED450NM,16,7,400.41840885416667,389.0
LED450NM,16,8,405.05780177083335,391.0
LED450NM,16,9,407.76358885416664,392.0
LED450NM,16,10,411.49118125,394.0
LED450NM,16,11,415.0529244791667,396.0
LED450NM,16,12,419.423698125,398.0
LED450NM,16,13,423.7085916666667,395.0
LED450NM,16,14,427.80903447916666,401.0
LED450NM,16,15,431.3179932291667,400.0
LED450NM,16,16,432.5631332291667,403.0
LED450NM,16,17,434.0519192708333,404.0
LED450NM,16,18,434.79690416666665,401.0
LED450NM,16,19,435.3692998958333,403.0
LED450NM,16,20,437.7283734375,405.0
LED450NM,16,21,440.17282625,403.0
LED450NM,16,22,441.6532608333333,406.0
LED450NM,16,23,442.33324197916664,404.0
LED450NM,16,24,444.11121760416665,402.0
LED450NM,16,25,445.50456135416664,409.0
LED450NM,16,26,447.06471375,409.0
LED450NM,16,27,449.8101491666667,404.0
LED450NM,16,28,450.13344635416667,410.0
LED450NM,16,29,452.22678666666667,411.0
LED450NM,16,30,452.8072314583333,409.0
LED450NM,16,31,453.46936166666666,411.0
LED450NM,16,32,454.1532386458333,405.0
LED450NM,16,33,454.06689489583334,410.0
LED450NM,16,34,456.9562923958333,410.0
LED450NM,16,35,456.9675425,412.0
LED450NM,16,36,457.60746458333335,412.0
LED450NM,16,37,459.5651209375,412.0
LED450NM,16,38,461.04698697916666,413.0
LED450NM,16,39,459.97169104166665,411.0
LED450NM,16,40,460.9465191666667,412.0
LED450NM,16,41,462.58453177083334,413.0
LED450NM,16,42,462.6047184375,412.0
LED450NM,16,43,461.5371594791667,412.0
LED450NM,16,44,462.4338423958333,412.0
LED450NM,16,45,462.830525625,412.0
LED450NM,16,46,462.02964614583334,412.0
LED450NM,16,47,462.696409375,411.0
LED450NM,16,48,461.63709989583333,412.0
LED450NM,16,49,463.37366260416667,412.0
LED450NM,16,50,464.8535577083333,413.0
LED450NM,16,51,465.435425,409.0
LED450NM,16,52,464.00803520833335,407.0
LED450NM,16,53,466.79318885416666,408.0
LED450NM,16,54,466.4750564583333,413.0
LED450NM,16,55,467.1733766666667,408.0
LED450NM,16,56,466.45233270833336,407.0
LED450NM,16,57,467.43735645833334,412.0
LED450NM,16,58,469.72304479166667,410.0
LED450NM,16,59,470.6903389583333,407.0
LED450NM,16,60,471.9151026041667,405.0
LED450NM,16,61,470.4915409375,404.0
LED450NM,16,62,468.0776357291667,403.0
LED450NM,16,63,467.40656760416664,407.0
LED450NM,16,64,468.371304375,405.0
LED450NM,16,65,466.4209384375,406.0
LED450NM,16,66,466.43852375,411.0
LED450NM,16,67,467.1525357291667,405.0
LED450NM,16,68,466.843803125,403.0
LED450NM,16,69,470.117880625,405.0
LED450NM,16,70,470.5673646875,406.0
LED450NM,16,71,469.2555265625,402.0
LED450NM,16,72,469.74287541666666,401.0
LED450NM,16,73,468.7576516666667,410.0
LED450NM,16,74,471.57105020833336,405.0
LED450NM,16,75,469.8274641666667,410.0
LED450NM,16,76,470.74165135416666,403.0
LED450NM,16,77,471.9879335416667,404.0
LED450NM,16,78,472.48493760416665,403.0
LED450NM,16,79,473.1235469791667,402.0
LED450NM,16,80,470.7275405208333,401.0
LED450NM,16,81,469.78461604166665,400.0
LED450NM,16,82,470.0187627083333,399.0
LED450NM,16,83,469.6230971875,399.0
LED450NM,16,84,470.0943697916667,409.0
LED450NM,16,85,470.9205971875,409.0
LED450NM,16,86,470.86645104166666,408.0
LED450NM,16,87,472.898821875,401.0
LED450NM,16,88,473.86831239583336,400.0
LED450NM,16,89,474.12250635416666,400.0
LED450NM,16,90,474.11204072916667,400.0
LED450NM,16,91,475.3448422916667,401.0
LED450NM,16,92,475.164686875,402.0
LED450NM,16,93,469.683088125,407.0
LED450NM,16,94,469.9480248958333,401.0
LED450NM,16,95,471.25292041666665,409.0
LED450NM,16,96,471.6559697916667,409.0
LED450NM,16,97,473.25740260416666,404.0
LED450NM,16,98,475.01225635416665,401.0
LED450NM,16,99,473.1017420833333,400.0
LED450NM,16,100,470.0065678125,399.0
LED450NM,16,101,470.3123980208333,398.0
LED450NM,16,102,470.3254152083333,398.0
LED450NM,16,103,470.89920989583334,398.0
LED450NM,16,104,473.3285604166667,400.0
LED450NM,16,105,472.113186875,399.0
LED450NM,16,106,471.04053625,398.0
LED450NM,16,107,471.397640625,398.0
LED450NM,16,108,470.1891508333333,397.0
LED450NM,16,109,471.34603458333333,398.0
LED450NM,16,110,472.84282552083334,399.0
LED450NM,16,111,471.73125375,397.0
LED450NM,16,112,470.2114197916667,396.0
LED450NM,16,113,472.46587625,397.0
LED450NM,16,114,473.05454395833334,398.0
LED450NM,16,115,470.43812260416667,407.0
LED450NM,16,116,469.0414739583333,406.0
LED450NM,16,117,470.7926189583333,407.0
LED450NM,16,118,470.82028520833336,407.0
LED450NM,16,119,472.1558598958333,407.0
LED450NM,16,120,471.08106375,406.0
LED450NM,16,121,471.4183120833333,406.0
LED450NM,16,122,471.7406154166667,406.0
LED450NM,16,123,470.82791364583335,407.0
LED450NM,16,124,471.5441275,407.0
LED450NM,16,125,472.1665246875,406.0
LED450NM,16,126,471.43592302083334,406.0
LED450NM,16,127,470.9918852083333,406.0
LED450NM,16,128,472.0015263541667,406.0
LED450NM,16,129,473.11188822916665,406.0
LED450NM,16,130,472.7441726041667,406.0
LED450NM,16,131,472.61125927083333,406.0
LED450NM,16,132,471.5472903125,407.0
LED450NM,16,133,472.11986302083335,406.0
LED450NM,16,134,471.6752063541667,406.0
LED450NM,16,135,472.14192104166665,406.0
LED450NM,16,136,474.590394375,408.0
LED450NM,16,137,473.58539104166664,407.0
LED450NM,16,138,473.35448083333335,406.0
LED450NM,16,139,471.1411217708333,405.0
LED450NM,16,140,472.25704,406.0
LED450NM,16,141,473.25280166666664,406.0
LED450NM,16,142,471.97966479166666,406.0
LED450NM,16,143,473.04041552083333,406.0
LED450NM,16,144,473.26135104166667,406.0
LED450NM,16,145,474.71248427083333,406.0
LED450NM,16,146,475.2139009375,407.0
LED450NM,16,147,474.92162947916665,407.0
LED450NM,16,148,473.4079769791667,406.0
LED450NM,16,149,472.2362722916667,406.0
LED450NM,16,150,473.3457111458333,406.0
LED450NM,16,151,472.1499254166667,404.0
LED450NM,16,152,473.06199375,405.0
LED450NM,16,153,472.93065145833333,405.0
LED450NM,16,154,473.43999333333335,405.0
LED450NM,16,155,473.4354248958333,405.0
LED450NM,16,156,471.28080625,403.0
LED450NM,16,157,471.1042327083333,403.0
LED450NM,16,158,472.2897490625,404.0
LED450NM,16,159,473.31882333333334,404.0
LED450NM,16,160,472.96629927083336,404.0
LED450NM,16,161,467.969656875,399.0
LED450NM,16,162,467.62517739583336,398.0
LED450NM,16,163,469.4716042708333,399.0
LED450NM,16,164,470.8335085416667,400.0
LED450NM,16,165,470.2881119791667,400.0
LED450NM,16,166,471.9397079166667,401.0
LED450NM,16,167,471.5858380208333,401.0
LED450NM,16,168,470.7135241666667,399.0
LED450NM,16,169,469.15461197916665,399.0
LED450NM,16,170,469.2227290625,399.0
LED450NM,16,171,469.490378125,399.0
LED450NM,16,172,468.6856765625,399.0
LED450NM,16,173,469.29184125,399.0
LED450NM,16,174,468.02069125,398.0
LED450NM,16,175,469.26785,398.0
LED450NM,16,176,470.260185625,399.0
LED450NM,16,177,469.2686275,399.0
LED450NM,16,178,471.432295,400.0
LED450NM,16,179,470.65138010416666,400.0
LED450NM,16,180,472.0420902083333,401.0
LED450NM,16,181,473.8474965625,402.0
LED450NM,16,182,473.65082260416665,402.0
LED450NM,16,183,472.94275104166667,401.0
LED450NM,16,184,472.5434490625,401.0
LED450NM,16,185,472.158838125,400.0
LED450NM,16,186,473.86715114583336,401.0
LED450NM,16,187,474.4446055208333,401.0
LED450NM,16,188,474.6413153125,403.0
LED450NM,16,189,473.5088761458333,402.0
LED450NM,16,190,472.57519979166665,401.0
LED450NM,16,191,472.28618208333336,401.0
LED450NM,16,192,471.8373901041667,400.0
LED450NM,16,193,471.15928583333334,400.0
LED450NM,16,194,469.7030103125,400.0
LED450NM,17,0,419.05516270833334,414.0
LED450NM,17,1,419.6551707291667,414.0
LED450NM,17,2,419.26799270833334,414.0
LED450NM,17,3,421.9072865625,415.0
LED450NM,17,4,423.39009322916667,416.0
LED450NM,17,5,425.994305,417.0
LED450NM,17,6,429.0356290625,419.0
LED450NM,17,7,433.85274125,422.0
LED450NM,17,8,438.69616875,423.0
LED450NM,17,9,441.3392778125,424.0
LED450NM,17,10,447.1352685416667,427.0
LED450NM,17,11,449.0043961458333,427.0
LED450NM,17,12,453.12544864583333,429.0
LED450NM,17,13,457.72081979166666,425.0
LED450NM,17,14,460.6212569791667,431.0
LED450NM,17,15,463.86847479166664,426.0
LED450NM,17,16,464.0884584375,432.0
LED450NM,17,17,466.22734645833333,434.0
LED450NM,17,18,466.78758614583336,432.0
LED450NM,17,19,468.4347359375,433.0
LED450NM,17,20,470.1996553125,435.0
LED450NM,17,21,472.76380947916664,433.0
LED450NM,17,22,473.2597859375,434.0
LED450NM,17,23,473.96555916666665,431.0
LED450NM,17,24,476.08086802083335,437.0
LED450NM,17,25,477.7468352083333,439.0
LED450NM,17,26,477.2016980208333,438.0
LED450NM,17,27,479.60135833333334,432.0
LED450NM,17,28,479.7738848958333,440.0
LED450NM,17,29,480.3589105208333,438.0
LED450NM,17,30,481.9667460416667,438.0
LED450NM,17,31,482.05914479166665,440.0
LED450NM,17,32,482.2636385416667,434.0
LED450NM,17,33,482.1772103125,439.0
LED450NM,17,34,484.18575458333333,438.0
LED450NM,17,35,483.8877566666667,440.0
LED450NM,17,36,484.93612770833334,440.0
LED450NM,17,37,485.07693020833335,440.0
LED450NM,17,38,485.9672759375,439.0
LED450NM,17,39,486.49262145833336,439.0
LED450NM,17,40,488.44064645833333,439.0
LED450NM,17,41,490.08017479166665,441.0
LED450NM,17,42,492.2961422916667,442.0
LED450NM,17,43,492.4526309375,441.0
LED450NM,17,44,491.71370052083336,440.0
LED450NM,17,45,491.39719802083334,440.0
LED450NM,17,46,491.5487617708333,440.0
LED450NM,17,47,492.70162270833333,440.0
LED450NM,17,48,494.01680854166665,441.0
LED450NM,17,49,495.82495166666666,442.0
LED450NM,17,50,495.69801927083336,442.0
LED450NM,17,51,493.7359511458333,435.0
LED450NM,17,52,492.01943135416667,434.0
LED450NM,17,53,492.64886010416666,434.0
LED450NM,17,54,494.93266708333334,441.0
LED450NM,17,55,495.32929552083334,434.0
LED450NM,17,56,495.37856052083333,435.0
LED450NM,17,57,497.2018084375,439.0
LED450NM,17,58,498.4830032291667,437.0
LED450NM,17,59,497.8574297916667,433.0
LED450NM,17,60,499.1047367708333,432.0
LED450NM,17,61,498.08325041666666,430.0
LED450NM,17,62,499.5216609375,433.0
LED450NM,17,63,500.0407539583333,436.0
LED450NM,17,64,501.33986635416665,433.0
LED450NM,17,65,501.04959083333335,435.0
LED450NM,17,66,501.3300584375,440.0
LED450NM,17,67,500.88065875,434.0
LED450NM,17,68,501.7083709375,433.0
LED450NM,17,69,503.0933678125,433.0
LED450NM,17,70,504.01378385416666,434.0
LED450NM,17,71,503.16579739583335,430.0
LED450NM,17,72,501.64852760416665,429.0
LED450NM,17,73,501.80992677083333,439.0
LED450NM,17,74,502.50764614583335,432.0
LED450NM,17,75,501.15067166666665,438.0
LED450NM,17,76,501.6518864583333,430.0
LED450NM,17,77,502.62652479166667,431.0
LED450NM,17,78,503.7678948958333,430.0
LED450NM,17,79,503.5279234375,430.0
LED450NM,17,80,506.29860989583335,430.0
LED450NM,17,81,505.5144448958333,429.0
LED450NM,17,82,503.87173989583334,427.0
LED450NM,17,83,505.1085229166667,428.0
LED450NM,17,84,504.3119066666667,438.0
LED450NM,17,85,505.96425354166666,438.0
LED450NM,17,86,504.29835572916664,438.0
LED450NM,17,87,506.4335325,431.0
LED450NM,17,88,503.75986208333336,427.0
LED450NM,17,89,504.07954166666667,427.0
LED450NM,17,90,502.8877490625,428.0
LED450NM,17,91,504.39416,430.0
LED450NM,17,92,504.97271520833334,430.0
LED450NM,17,93,503.90624770833335,436.0
LED450NM,17,94,502.3853201041667,428.0
LED450NM,17,95,503.3295769791667,437.0
LED450NM,17,96,501.3230859375,436.0
LED450NM,17,97,498.75102572916666,431.0
LED450NM,17,98,497.92236916666667,427.0
LED450NM,17,99,499.2836788541667,427.0
LED450NM,17,100,499.1618545833333,426.0
LED450NM,17,101,498.65476666666666,425.0
LED450NM,17,102,499.02949666666666,424.0
LED450NM,17,103,500.10722833333335,425.0
LED450NM,17,104,501.54059489583335,426.0
LED450NM,17,105,501.5981969791667,426.0
LED450NM,17,106,501.2685829166667,425.0
LED450NM,17,107,501.51695447916666,425.0
LED450NM,17,108,500.669155625,425.0
LED450NM,17,109,498.651838125,424.0
LED450NM,17,110,499.0305428125,424.0
LED450NM,17,111,498.55218145833334,423.0
LED450NM,17,112,498.4389280208333,422.0
LED450NM,17,113,497.88316375,422.0
LED450NM,17,114,499.82323364583334,424.0
LED450NM,17,115,498.785693125,434.0
LED450NM,17,116,500.2054078125,434.0
LED450NM,17,117,496.35838,433.0
LED450NM,17,118,497.3873886458333,433.0
LED450NM,17,119,497.8531521875,433.0
LED450NM,17,120,497.768421875,433.0
LED450NM,17,121,498.40960125,433.0
LED450NM,17,122,496.6931872916667,432.0
LED450NM,17,123,499.0162557291667,433.0
LED450NM,17,124,496.7743472916667,433.0
LED450NM,17,125,496.47723145833334,432.0
LED450NM,17,126,497.2081072916667,432.0
LED450NM,17,127,496.6745336458333,432.0
LED450NM,17,128,495.1051777083333,431.0
LED450NM,17,129,496.1215158333333,432.0
LED450NM,17,130,494.38132270833336,431.0
LED450NM,17,131,495.101938125,432.0
LED450NM,17,132,495.61198,432.0
LED450NM,17,133,495.16212479166666,432.0
LED450NM,17,134,495.5951696875,432.0
LED450NM,17,135,494.875566875,430.0
LED450NM,17,136,495.64480802083335,432.0
LED450NM,17,137,493.84778427083336,431.0
LED450NM,17,138,494.41705041666665,431.0
LED450NM,17,139,493.88114770833334,430.0
LED450NM,17,140,493.0269579166667,431.0
LED450NM,17,141,493.4727180208333,431.0
LED450NM,17,142,492.2726517708333,431.0
LED450NM,17,143,489.52911447916665,430.0
LED450NM,17,144,490.05743197916667,430.0
LED450NM,17,145,489.3046344791667,430.0
LED450NM,17,146,490.164236875,430.0
LED450NM,17,147,489.92092989583335,430.0
LED450NM,17,148,491.22853802083335,430.0
LED450NM,17,149,490.8086644791667,430.0
LED450NM,17,150,492.80106375,431.0
LED450NM,17,151,491.03484572916665,429.0
LED450NM,17,152,490.9967158333333,430.0
LED450NM,17,153,490.7677678125,430.0
LED450NM,17,154,491.8704015625,430.0
LED450NM,17,155,491.53678104166664,430.0
LED450NM,17,156,491.2937617708333,428.0
LED450NM,17,157,486.70000541666667,428.0
LED450NM,17,158,487.8912516666667,429.0
LED450NM,17,159,487.4018677083333,428.0
LED450NM,17,160,486.2351845833333,428.0
LED450NM,17,161,483.69477697916665,424.0
LED450NM,17,162,481.7571490625,422.0
LED450NM,17,163,483.4110390625,424.0
LED450NM,17,164,484.0037453125,425.0
LED450NM,17,165,484.05079875,425.0
LED450NM,17,166,484.8014730208333,425.0
LED450NM,17,167,484.73301645833334,425.0
LED450NM,17,168,482.7093407291667,423.0
LED450NM,17,169,482.6386283333333,423.0
LED450NM,17,170,483.17214479166665,423.0
LED450NM,17,171,483.70354208333333,423.0
LED450NM,17,172,484.5735808333333,424.0
LED450NM,17,173,483.85775010416666,423.0
LED450NM,17,174,482.15293322916665,422.0
LED450NM,17,175,482.89455677083333,422.0
LED450NM,17,176,483.8430809375,423.0
LED450NM,17,177,481.983599375,422.0
LED450NM,17,178,483.9880638541667,423.0
LED450NM,17,179,484.63019302083336,423.0
LED450NM,17,180,485.2169060416667,424.0
LED450NM,17,181,485.854708125,424.0
LED450NM,17,182,486.6982026041667,425.0
LED450NM,17,183,485.5329740625,423.0
LED450NM,17,184,483.6591517708333,423.0
LED450NM,17,185,483.6400411458333,422.0
LED450NM,17,186,483.92302895833336,423.0
LED450NM,17,187,484.473140625,423.0
LED450NM,17,188,485.8099702083333,424.0
LED450NM,17,189,486.19922770833335,424.0
LED450NM,17,190,486.6455875,424.0
LED450NM,17,191,486.50059208333334,424.0
LED450NM,17,192,485.54202510416667,423.0
LED450NM,17,193,485.6502991666667,423.0
LED450NM,17,194,485.49966916666665,423.0
LED450NM,18,0,438.65199625,432.0
LED450NM,18,1,439.13479458333336,432.0
LED450NM,18,2,439.06126270833335,432.0
LED450NM,18,3,442.26219333333336,434.0
LED450NM,18,4,444.1228701041667,436.0
LED450NM,18,5,445.304005625,436.0
LED450NM,18,6,446.56323645833334,436.0
LED450NM,18,7,449.6774923958333,438.0
LED450NM,18,8,453.7477628125,439.0
LED450NM,18,9,456.60234302083336,440.0
LED450NM,18,10,461.7900596875,443.0
LED450NM,18,11,467.6506928125,445.0
LED450NM,18,12,473.30161354166665,447.0
LED450NM,18,13,479.5373553125,444.0
LED450NM,18,14,487.23784052083334,453.0
LED450NM,18,15,494.84684625,449.0
LED450NM,18,16,500.8887332291667,458.0
LED450NM,18,17,504.4399920833333,459.0
LED450NM,18,18,509.32690552083335,456.0
LED450NM,18,19,513.9256951041667,460.0
LED450NM,18,20,518.8149971875,464.0
LED450NM,18,21,524.9247848958333,461.0
LED450NM,18,22,530.7864215625,466.0
LED450NM,18,23,537.1779863541667,461.0
LED450NM,18,24,544.1748239583334,463.0
LED450NM,18,25,547.37624375,474.0
LED450NM,18,26,552.228399375,475.0
LED450NM,18,27,559.4727026041667,467.0
LED450NM,18,28,560.9294775,478.0
LED450NM,18,29,565.8963419791667,476.0
LED450NM,18,30,571.0587176041666,479.0
LED450NM,18,31,575.5695519791667,481.0
LED450NM,18,32,577.699393125,471.0
LED450NM,18,33,581.3793336458333,486.0
LED450NM,18,34,588.4654219791666,482.0
LED450NM,18,35,591.054189375,489.0
LED450NM,18,36,593.4305257291667,489.0
LED450NM,18,37,599.3567177083333,491.0
LED450NM,18,38,604.4503691666666,493.0
LED450NM,18,39,609.8792304166667,494.0
LED450NM,18,40,613.4128325,495.0
LED450NM,18,41,618.9341376041667,497.0
LED450NM,18,42,621.4678660416666,493.0
LED450NM,18,43,625.4661289583333,499.0
LED450NM,18,44,627.3897717708334,500.0
LED450NM,18,45,631.553715625,500.0
LED450NM,18,46,634.4825585416667,502.0
LED450NM,18,47,634.9104448958333,501.0
LED450NM,18,48,640.2879351041666,503.0
LED450NM,18,49,644.6813535416667,506.0
LED450NM,18,50,648.2137558333334,507.0
LED450NM,18,51,651.4453373958333,495.0
LED450NM,18,52,655.4114004166667,493.0
LED450NM,18,53,658.5964452083333,499.0
LED450NM,18,54,660.31775625,511.0
LED450NM,18,55,662.664784375,499.0
LED450NM,18,56,663.770764375,503.0
LED450NM,18,57,664.7179661458333,507.0
LED450NM,18,58,668.3958726041667,504.0
LED450NM,18,59,670.769908125,510.0
LED450NM,18,60,673.8894698958334,493.0
LED450NM,18,61,678.1004579166666,494.0
LED450NM,18,62,678.1184236458333,493.0
LED450NM,18,63,678.2660926041667,509.0
LED450NM,18,64,681.5621629166667,499.0
LED450NM,18,65,682.5708516666666,502.0
LED450NM,18,66,681.271820625,515.0
LED450NM,18,67,683.8671148958333,502.0
LED450NM,18,68,688.452905625,500.0
LED450NM,18,69,693.9982960416667,500.0
LED450NM,18,70,696.4054941666667,503.0
LED450NM,18,71,696.8489307291667,495.0
LED450NM,18,72,701.6344189583333,495.0
LED450NM,18,73,695.6042127083333,519.0
LED450NM,18,74,701.5565596875,501.0
LED450NM,18,75,696.5017941666666,519.0
LED450NM,18,76,700.1923372916667,500.0
LED450NM,18,77,700.3811948958333,499.0
LED450NM,18,78,701.4139503125,499.0
LED450NM,18,79,703.6521159375,498.0
LED450NM,18,80,705.4058917708334,497.0
LED450NM,18,81,708.9939222916666,497.0
LED450NM,18,82,711.6602101041667,496.0
LED450NM,18,83,714.7655085416667,498.0
LED450NM,18,84,713.0178583333334,525.0
LED450NM,18,85,717.3245107291667,526.0
LED450NM,18,86,714.5970447916667,525.0
LED450NM,18,87,718.7542273958334,504.0
LED450NM,18,88,717.3874364583334,500.0
LED450NM,18,89,717.630129375,498.0
LED450NM,18,90,717.3952495833333,499.0
LED450NM,18,91,716.7177507291667,506.0
LED450NM,18,92,716.58630125,507.0
LED450NM,18,93,711.7216802083333,523.0
LED450NM,18,94,716.8052244791667,504.0
LED450NM,18,95,712.0332376041666,522.0
LED450NM,18,96,709.8824121875,522.0
LED450NM,18,97,707.788610625,520.0
LED450NM,18,98,708.6903763541667,497.0
LED450NM,18,99,708.0626892708333,496.0
LED450NM,18,100,709.3033888541667,496.0
LED450NM,18,101,709.6008301041667,495.0
LED450NM,18,102,708.8145894791667,493.0
LED450NM,18,103,708.4848048958333,493.0
LED450NM,18,104,712.5922532291667,495.0
LED450NM,18,105,713.3315879166666,494.0
LED450NM,18,106,711.67829125,493.0
LED450NM,18,107,712.6332894791667,493.0
LED450NM,18,108,717.3952726041666,494.0
LED450NM,18,109,714.7972823958333,493.0
LED450NM,18,110,714.7154214583334,494.0
LED450NM,18,111,712.1918820833333,493.0
LED450NM,18,112,712.1553076041666,491.0
LED450NM,18,113,712.274625,492.0
LED450NM,18,114,710.8517548958333,491.0
LED450NM,18,115,707.1682096875,520.0
LED450NM,18,116,704.3225771875,519.0
LED450NM,18,117,701.4977696875,518.0
LED450NM,18,118,700.3339341666667,518.0
LED450NM,18,119,697.3165608333334,517.0
LED450NM,18,120,697.0909863541667,516.0
LED450NM,18,121,693.9962809375,516.0
LED450NM,18,122,694.1603061458334,515.0
LED450NM,18,123,695.0880291666666,515.0
LED450NM,18,124,695.8739558333333,516.0
LED450NM,18,125,693.1222366666667,514.0
LED450NM,18,126,693.0207429166667,513.0
LED450NM,18,127,694.0579872916667,515.0
LED450NM,18,128,690.0549320833334,513.0
LED450NM,18,129,691.9113638541667,513.0
LED450NM,18,130,691.7456730208334,514.0
LED450NM,18,131,692.0486948958334,514.0
LED450NM,18,132,693.3193234375,515.0
LED450NM,18,133,687.8242790625,512.0
LED450NM,18,134,688.4842173958333,513.0
LED450NM,18,135,686.2073445833333,512.0
LED450NM,18,136,689.0617061458333,513.0
LED450NM,18,137,691.146644375,514.0
LED450NM,18,138,689.4435004166667,514.0
LED450NM,18,139,689.6481235416667,512.0
LED450NM,18,140,687.3595259375,513.0
LED450NM,18,141,687.4903767708333,513.0
LED450NM,18,142,684.0896494791666,512.0
LED450NM,18,143,682.49266,512.0
LED450NM,18,144,676.6288948958334,510.0
LED450NM,18,145,677.1762092708333,510.0
LED450NM,18,146,679.1918453125,511.0
LED450NM,18,147,679.6931405208334,511.0
LED450NM,18,148,680.00256375,511.0
LED450NM,18,149,675.9389267708333,511.0
LED450NM,18,150,675.7653339583334,511.0
LED450NM,18,151,673.6649044791667,509.0
LED450NM,18,152,672.1135944791666,509.0
LED450NM,18,153,671.561139375,508.0
LED450NM,18,154,672.3374726041667,509.0
LED450NM,18,155,672.5225991666666,508.0
LED450NM,18,156,670.3670673958334,507.0
LED450NM,18,157,672.5269883333333,507.0
LED450NM,18,158,673.3786948958333,509.0
LED450NM,18,159,669.8097841666666,507.0
LED450NM,18,160,666.5142372916666,505.0
LED450NM,18,161,661.8136057291666,497.0
LED450NM,18,162,656.8681980208333,495.0
LED450NM,18,163,659.9126988541667,497.0
LED450NM,18,164,658.0217977083333,497.0
LED450NM,18,165,655.5517239583334,496.0
LED450NM,18,166,656.1974630208333,496.0
LED450NM,18,167,654.381431875,496.0
LED450NM,18,168,651.2278677083333,493.0
LED450NM,18,169,651.11369375,492.0
LED450NM,18,170,651.1884944791667,492.0
LED450NM,18,171,650.29447625,492.0
LED450NM,18,172,646.6441677083334,491.0
LED450NM,18,173,646.3833959375,490.0
LED450NM,18,174,647.1823176041667,490.0
LED450NM,18,175,648.5664172916667,492.0
LED450NM,18,176,649.1362196875,492.0
LED450NM,18,177,649.6263026041667,492.0
LED450NM,18,178,648.8131760416667,493.0
LED450NM,18,179,646.6773896875,492.0
LED450NM,18,180,647.4920897916667,492.0
LED450NM,18,181,645.4601658333333,492.0
LED450NM,18,182,647.2435904166666,494.0
LED450NM,18,183,645.58549625,492.0
LED450NM,18,184,643.6792170833334,491.0
LED450NM,18,185,641.6453316666667,491.0
LED450NM,18,186,640.70694625,490.0
LED450NM,18,187,641.5403784375,490.0
LED450NM,18,188,642.4416136458333,492.0
LED450NM,18,189,642.923219375,492.0
LED450NM,18,190,641.5974363541667,490.0
LED450NM,18,191,639.5513135416667,490.0
LED450NM,18,192,640.2663934375,490.0
LED450NM,18,193,639.3602830208333,490.0
LED450NM,18,194,637.3146325,488.0
LED450NM,19,0,586.2542221875,470.0
LED450NM,19,1,585.1925475,469.0
LED450NM,19,2,585.0180611458334,470.0
LED450NM,19,3,588.132465,472.0
LED450NM,19,4,589.3054245833333,473.0
LED450NM,19,5,591.3672257291666,474.0
LED450NM,19,6,593.5624083333333,475.0
LED450NM,19,7,599.4153257291666,477.0
LED450NM,19,8,608.3584848958334,478.0
LED450NM,19,9,615.6008582291666,479.0
LED450NM,19,10,624.896326875,482.0
LED450NM,19,11,635.7788860416666,484.0
LED450NM,19,12,647.59821875,487.0
LED450NM,19,13,660.8117460416667,481.0
LED450NM,19,14,674.22437125,491.0
LED450NM,19,15,689.5646838541667,485.0
LED450NM,19,16,702.036665,499.0
LED450NM,19,17,715.1062026041667,501.0
LED450NM,19,18,724.6107832291667,498.0
LED450NM,19,19,736.1313391666666,503.0
LED450NM,19,20,751.33106875,507.0
LED450NM,19,21,766.0904469791667,505.0
LED450NM,19,22,779.4458671875,508.0
LED450NM,19,23,796.4300407291666,502.0
LED450NM,19,24,810.7193464583333,502.0
LED450NM,19,25,823.3591538541667,520.0
LED450NM,19,26,838.1513815625,522.0
LED450NM,19,27,856.6605953125,509.0
LED450NM,19,28,871.5517657291666,528.0
LED450NM,19,29,889.2153895833334,520.0
LED450NM,19,30,903.6008285416667,526.0
LED450NM,19,31,917.92618,524.0
LED450NM,19,32,937.0701591666667,517.0
LED450NM,19,33,951.2008642708333,539.0
LED450NM,19,34,967.5401415625,533.0
LED450NM,19,35,980.6869275,542.0
LED450NM,19,36,995.593765,544.0
LED450NM,19,37,1011.9020813541666,546.0
LED450NM,19,38,1030.502629375,549.0
LED450NM,19,39,1043.471938125,549.0
LED450NM,19,40,1064.4431077083334,552.0
LED450NM,19,41,1086.8694994791667,556.0
LED450NM,19,42,1106.3554076041667,554.0
LED450NM,19,43,1122.0174484375,560.0
LED450NM,19,44,1140.7485515625,561.0
LED450NM,19,45,1160.7412379166667,563.0
LED450NM,19,46,1176.1268582291666,562.0
LED450NM,19,47,1196.3864672916666,565.0
LED450NM,19,48,1217.7330205208334,568.0
LED450NM,19,49,1240.1046405208333,570.0
LED450NM,19,50,1261.291569375,573.0
LED450NM,19,51,1288.8745967708333,561.0
LED450NM,19,52,1311.7828677083332,554.0
LED450NM,19,53,1335.6104365625,562.0
LED450NM,19,54,1351.4362633333333,582.0
LED450NM,19,55,1378.728945,561.0
LED450NM,19,56,1388.3654040625,581.0
LED450NM,19,57,1412.3564435416667,586.0
LED450NM,19,58,1437.4651911458334,576.0
LED450NM,19,59,1453.1091590625,574.0
LED450NM,19,60,1486.9307763541667,559.0
LED450NM,19,61,1510.2420628125,560.0
LED450NM,19,62,1529.3723072916666,561.0
LED450NM,19,63,1555.1844385416666,581.0
LED450NM,19,64,1581.7057845833333,566.0
LED450NM,19,65,1605.3942735416667,578.0
LED450NM,19,66,1622.7271072916667,604.0
LED450NM,19,67,1639.8524092708333,580.0
LED450NM,19,68,1659.0669291666666,574.0
LED450NM,19,69,1680.4375913541667,574.0
LED450NM,19,70,1698.9487310416666,575.0
LED450NM,19,71,1718.664138125,569.0
LED450NM,19,72,1737.9610459375,570.0
LED450NM,19,73,1744.2371,609.0
LED450NM,19,74,1774.8566898958334,577.0
LED450NM,19,75,1786.3508670833332,614.0
LED450NM,19,76,1813.7285371875,580.0
LED450NM,19,77,1833.3404373958333,582.0
LED450NM,19,78,1849.9231197916667,579.0
LED450NM,19,79,1873.9318942708333,579.0
LED450NM,19,80,1890.5842901041667,578.0
LED450NM,19,81,1912.1210917708333,575.0
LED450NM,19,82,1934.5407122916668,573.0
LED450NM,19,83,1955.4370654166667,576.0
LED450NM,19,84,1965.4651745833332,619.0
LED450NM,19,85,1993.9619720833334,621.0
LED450NM,19,86,2023.1404270833334,623.0
LED450NM,19,87,2056.981058125,590.0
LED450NM,19,88,2085.9683498958334,586.0
LED450NM,19,89,2103.6682494791667,585.0
LED450NM,19,90,2133.0938604166668,589.0
LED450NM,19,91,2167.5907353125,598.0
LED450NM,19,92,2194.6941253125,606.0
LED450NM,19,93,2201.4477340625,633.0
LED450NM,19,94,2242.0749359375,600.0
LED450NM,19,95,2245.64402875,636.0
LED450NM,19,96,2272.49699,638.0
LED450NM,19,97,2296.367088958333,634.0
LED450NM,19,98,2316.8855489583334,601.0
LED450NM,19,99,2343.9059595833332,599.0
LED450NM,19,100,2368.874655520833,600.0
LED450NM,19,101,2391.6858805208335,598.0
LED450NM,19,102,2418.8786267708333,599.0
LED450NM,19,103,2455.701230625,599.0
LED450NM,19,104,2487.7761605208334,601.0
LED450NM,19,105,2508.904160625,600.0
LED450NM,19,106,2518.4691409375,601.0
LED450NM,19,107,2537.0732542708333,600.0
LED450NM,19,108,2555.3504275,602.0
LED450NM,19,109,2580.0152333333335,602.0
LED450NM,19,110,2602.9882282291665,605.0
LED450NM,19,111,2614.2723578125,606.0
LED450NM,19,112,2633.9153154166665,605.0
LED450NM,19,113,2664.7494902083336,607.0
LED450NM,19,114,2700.2320409375,608.0
LED450NM,19,115,2691.1717961458335,661.0
LED450NM,19,116,2708.4658008333336,658.0
LED450NM,19,117,2728.056661354167,660.0
LED450NM,19,118,2756.4255595833333,660.0
LED450NM,19,119,2757.3203785416667,660.0
LED450NM,19,120,2782.0597959375,662.0
LED450NM,19,121,2792.9132978125,661.0
LED450NM,19,122,2811.341890520833,662.0
LED450NM,19,123,2831.087457291667,661.0
LED450NM,19,124,2857.4473655208335,663.0
LED450NM,19,125,2869.602273541667,660.0
LED450NM,19,126,2884.7208072916665,660.0
LED450NM,19,127,2911.553086666667,663.0
LED450NM,19,128,2922.9072558333332,663.0
LED450NM,19,129,2926.1213271875,663.0
LED450NM,19,130,2936.1199995833335,662.0
LED450NM,19,131,2962.4298460416667,665.0
LED450NM,19,132,2982.9828240625,668.0
LED450NM,19,133,2994.7224734375,668.0
LED450NM,19,134,3026.026466875,670.0
LED450NM,19,135,3026.7927013541666,668.0
LED450NM,19,136,3040.046385520833,670.0
LED450NM,19,137,3055.906666875,669.0
LED450NM,19,138,3071.0228036458334,672.0
LED450NM,19,139,3097.088371875,672.0
LED450NM,19,140,3087.9543113541667,671.0
LED450NM,19,141,3113.3673704166667,675.0
LED450NM,19,142,3132.3319805208334,674.0
LED450NM,19,143,3150.0211135416666,674.0
LED450NM,19,144,3158.2383413541666,673.0
LED450NM,19,145,3181.411705416667,674.0
LED450NM,19,146,3201.499643645833,678.0
LED450NM,19,147,3209.580874375,676.0
LED450NM,19,148,3223.9456557291664,678.0
LED450NM,19,149,3246.0870319791666,681.0
LED450NM,19,150,3261.8973255208334,680.0
LED450NM,19,151,3268.9330753125,678.0
LED450NM,19,152,3285.025322604167,677.0
LED450NM,19,153,3299.6447953125,670.0
LED450NM,19,154,3314.8255347916665,672.0
LED450NM,19,155,3326.8410889583333,673.0
LED450NM,19,156,3348.3213992708334,674.0
LED450NM,19,157,3361.046288125,675.0
LED450NM,19,158,3371.6214030208334,677.0
LED450NM,19,159,3367.5103283333333,675.0
LED450NM,19,160,3385.595898645833,674.0
LED450NM,19,161,3344.356119479167,659.0
LED450NM,19,162,3271.141199270833,655.0
LED450NM,19,163,3288.558422291667,657.0
LED450NM,19,164,3308.718095104167,658.0
LED450NM,19,165,3322.4308801041666,659.0
LED450NM,19,166,3334.3666582291667,661.0
LED450NM,19,167,3354.2742628125,659.0
LED450NM,19,168,3372.5216222916665,662.0
LED450NM,19,169,3395.050513125,665.0
LED450NM,19,170,3397.6633582291665,664.0
LED450NM,19,171,3403.8823054166664,663.0
LED450NM,19,172,3413.216194166667,663.0
LED450NM,19,173,3427.9865182291664,665.0
LED450NM,19,174,3442.01916625,663.0
LED450NM,19,175,3455.3287572916665,663.0
LED450NM,19,176,3471.796449895833,666.0
LED450NM,19,177,3495.2830889583333,668.0
LED450NM,19,178,3508.5079403125,669.0
LED450NM,19,179,3517.0126830208333,671.0
LED450NM,19,180,3535.0249002083333,672.0
LED450NM,19,181,3552.0458079166665,672.0
LED450NM,19,182,3551.4815296875,672.0
LED450NM,19,183,3560.010205,672.0
LED450NM,19,184,3573.1969233333334,674.0
LED450NM,19,185,3580.7355819791665,673.0
LED450NM,19,186,3583.2607046875,674.0
LED450NM,19,187,3610.9350430208333,677.0
LED450NM,19,188,3614.9318047916668,679.0
LED450NM,19,189,3625.4724896875,680.0
LED450NM,19,190,3642.6702830208333,680.0
LED450NM,19,191,3648.5498525,677.0
LED450NM,19,192,3651.39123875,676.0
LED450NM,19,193,3530.595489375,663.0
LED450NM,19,194,3453.24684625,660.0
